fullstreetname,streetname,streettype,postdirection
01ST ST,01ST,ST,NORTH
02ND AVE,02ND,AVE,NORTH
02ND ST,02ND,ST,NORTH
02ND TI ST,02ND TI,ST,NORTH
03RD AVE,03RD,AVE,NORTH
03RD ST,03RD,ST,NORTH
03RD TI ST,03RD TI,ST,NORTH
04TH AVE,04TH,AVE,NORTH
04TH ST,04TH,ST,NORTH
04TH TI ST,04TH TI,ST,NORTH
05TH AVE,05TH,AVE,NORTH
05TH ST,05TH,ST,NORTH
05TH TI ST,05TH TI,ST,NORTH
06TH AVE,06TH,AVE,NORTH
06TH ST,06TH,ST,NORTH
06TH HP AVE,06TH HP,AVE,NORTH
06TH TI ST,06TH TI,ST,NORTH
07TH AVE,07TH,AVE,NORTH
07TH ST,07TH,ST,NORTH
08TH AVE,08TH,AVE,NORTH
08TH ST,08TH,ST,NORTH
08TH TI ST,08TH TI,ST,NORTH
09TH AVE,09TH,AVE,NORTH
09TH ST,09TH,ST,NORTH
09TH TI ST,09TH TI,ST,NORTH
10TH AVE,10TH,AVE,NORTH
10TH ST,10TH,ST,NORTH
10TH TI ST,10TH TI,ST,NORTH
11TH AVE,11TH,AVE,NORTH
11TH ST,11TH,ST,NORTH
11TH TI ST,11TH TI,ST,NORTH
12TH AVE,12TH,AVE,NORTH
12TH ST,12TH,ST,NORTH
12TH TI ST,12TH TI,ST,NORTH
13TH ST,13TH,ST,NORTH
13TH TI ST,13TH TI,ST,NORTH
14TH AVE,14TH,AVE,NORTH
14TH ST,14TH,ST,NORTH
14TH TI ST,14TH TI,ST,NORTH
15TH AVE,15TH,AVE,NORTH
15TH ST,15TH,ST,NORTH
16TH AVE,16TH,AVE,NORTH
16TH ST,16TH,ST,NORTH
17TH AVE,17TH,AVE,NORTH
17TH ST,17TH,ST,NORTH
18TH AVE,18TH,AVE,NORTH
18TH ST,18TH,ST,NORTH
19TH AVE,19TH,AVE,NORTH
19TH ST,19TH,ST,NORTH
20TH AVE,20TH,AVE,NORTH
20TH ST,20TH,ST,NORTH
21ST AVE,21ST,AVE,NORTH
21ST ST,21ST,ST,NORTH
22ND AVE,22ND,AVE,NORTH
22ND ST,22ND,ST,NORTH
23RD AVE,23RD,AVE,NORTH
23RD ST,23RD,ST,NORTH
24TH AVE,24TH,AVE,NORTH
24TH ST,24TH,ST,NORTH
25TH AVE,25TH,AVE,NORTH
SAM JORDANS WAY,SAM JORDANS,WAY,NORTH
25TH ST,25TH,ST,NORTH
26TH AVE,26TH,AVE,NORTH
26TH ST,26TH,ST,NORTH
27TH AVE,27TH,AVE,NORTH
27TH ST,27TH,ST,NORTH
28TH AVE,28TH,AVE,NORTH
28TH ST,28TH,ST,NORTH
29TH AVE,29TH,AVE,NORTH
29TH ST,29TH,ST,NORTH
30TH AVE,30TH,AVE,NORTH
30TH ST,30TH,ST,NORTH
31ST AVE,31ST,AVE,NORTH
31ST ST,31ST,ST,NORTH
32ND AVE,32ND,AVE,NORTH
33RD AVE,33RD,AVE,NORTH
34TH AVE,34TH,AVE,NORTH
35TH AVE,35TH,AVE,NORTH
36TH AVE,36TH,AVE,NORTH
37TH AVE,37TH,AVE,NORTH
38TH AVE,38TH,AVE,NORTH
39TH AVE,39TH,AVE,NORTH
40TH AVE,40TH,AVE,NORTH
41ST AVE,41ST,AVE,NORTH
42ND AVE,42ND,AVE,NORTH
43RD AVE,43RD,AVE,NORTH
44TH AVE,44TH,AVE,NORTH
45TH AVE,45TH,AVE,NORTH
46TH AVE,46TH,AVE,NORTH
47TH AVE,47TH,AVE,NORTH
48TH AVE,48TH,AVE,NORTH
A ST,A,ST,NORTH
ABBEY ST,ABBEY,ST,NORTH
TONI STONE XING,TONI STONE,XING,NORTH
ACACIA ST,ACACIA,ST,NORTH
ACADIA ST,ACADIA,ST,NORTH
ACEVEDO AVE,ACEVEDO,AVE,NORTH
ACME ALY,ACME,ALY,NORTH
ACORN ALY,ACORN,ALY,NORTH
ACTON ST,ACTON,ST,NORTH
ADA CT,ADA,CT,NORTH
ADAIR ST,ADAIR,ST,NORTH
ADAM ST,ADAM,ST,NORTH
ADDISON ST,ADDISON,ST,NORTH
ADELE CT,ADELE,CT,NORTH
ADMIRAL AVE,ADMIRAL,AVE,NORTH
ADOLPH SUTRO CT,ADOLPH SUTRO,CT,NORTH
AERIAL WAY,AERIAL,WAY,NORTH
AGNON AVE,AGNON,AVE,NORTH
AGUA WAY,AGUA,WAY,NORTH
AHERN WAY,AHERN,WAY,NORTH
ALABAMA ST,ALABAMA,ST,NORTH
ALADDIN TER,ALADDIN,TER,NORTH
ALAMEDA ST,ALAMEDA,ST,NORTH
ALANA WAY,ALANA,WAY,NORTH
ALBATROSS CT,ALBATROSS,CT,NORTH
ALBERTA ST,ALBERTA,ST,NORTH
ALBION ST,ALBION,ST,NORTH
ALDER ST,ALDER,ST,NORTH
ALEMANY BLVD,ALEMANY,BLVD,NORTH
ALEMANY BLVD OFF RAMP,ALEMANY BLVD OFF,RAMP,NORTH
ALERT ALY,ALERT,ALY,NORTH
ALHAMBRA ST,ALHAMBRA,ST,NORTH
ALICE B TOKLAS PL,ALICE B TOKLAS,PL,NORTH
ALLEN ST,ALLEN,ST,NORTH
ALLISON ST,ALLISON,ST,NORTH
ALLSTON WAY,ALLSTON,WAY,NORTH
ALMA ST,ALMA,ST,NORTH
ALMADEN CT,ALMADEN,CT,NORTH
ALOHA AVE,ALOHA,AVE,NORTH
ALPHA ST,ALPHA,ST,NORTH
ALPINE TER,ALPINE,TER,NORTH
ALTA ST,ALTA,ST,NORTH
ALTA MAR WAY,ALTA MAR,WAY,NORTH
ALTA VISTA TER,ALTA VISTA,TER,NORTH
ALTON AVE,ALTON,AVE,NORTH
ALVARADO ST,ALVARADO,ST,NORTH
ALVISO ST,ALVISO,ST,NORTH
ALVORD ST,ALVORD,ST,NORTH
AMADOR ST,AMADOR,ST,NORTH
AMATISTA LN,AMATISTA,LN,NORTH
AMATURY LOOP,AMATURY,LOOP,NORTH
AMAZON AVE,AMAZON,AVE,NORTH
AMBER DR,AMBER,DR,NORTH
AMBROSE BIERCE ST,AMBROSE BIERCE,ST,NORTH
AMES ST,AMES,ST,NORTH
AMETHYST WAY,AMETHYST,WAY,NORTH
AMHERST ST,AMHERST,ST,NORTH
AMITY ALY,AMITY,ALY,NORTH
ANDERSON ST,ANDERSON,ST,NORTH
ANDOVER ST,ANDOVER,ST,NORTH
ANDREW ST,ANDREW,ST,NORTH
ANGELOS ALY,ANGELOS,ALY,NORTH
ANGLO ALY,ANGLO,ALY,NORTH
ANKENY ST,ANKENY,ST,NORTH
ANNAPOLIS TER,ANNAPOLIS,TER,NORTH
ANNIE ST,ANNIE,ST,NORTH
ANSON PL,ANSON,PL,NORTH
ANTHONY ST,ANTHONY,ST,NORTH
ANTONIO ST,ANTONIO,ST,NORTH
ANZA AVE,ANZA,AVE,NORTH
ANZA ST,ANZA,ST,NORTH
ANZAVISTA AVE,ANZAVISTA,AVE,NORTH
APOLLO ST,APOLLO,ST,NORTH
APPAREL WAY,APPAREL,WAY,NORTH
APPLETON AVE,APPLETON,AVE,NORTH
APPLETON ST,APPLETON,ST,NORTH
APTOS AVE,APTOS,AVE,NORTH
AQUAVISTA WAY,AQUAVISTA,WAY,NORTH
ARAGO ST,ARAGO,ST,NORTH
ARBALLO DR,ARBALLO,DR,NORTH
ARBOL LN,ARBOL,LN,NORTH
ARBOR ST,ARBOR,ST,NORTH
ARCH ST,ARCH,ST,NORTH
ARCO WAY,ARCO,WAY,NORTH
ARDATH CT,ARDATH,CT,NORTH
ARDENWOOD WAY,ARDENWOOD,WAY,NORTH
ARELIOUS WALKER DR,ARELIOUS WALKER,DR,NORTH
ARELLANO AVE,ARELLANO,AVE,NORTH
ARGENT ALY,ARGENT,ALY,NORTH
ARGONAUT AVE,ARGONAUT,AVE,NORTH
ARGUELLO BLVD,ARGUELLO,BLVD,NORTH
ARKANSAS ST,ARKANSAS,ST,NORTH
ARLETA AVE,ARLETA,AVE,NORTH
ARLINGTON ST,ARLINGTON,ST,NORTH
ARMISTEAD RD,ARMISTEAD,RD,NORTH
ARMORY DR,ARMORY,DR,NORTH
ARMSTRONG AVE,ARMSTRONG,AVE,NORTH
ARNOLD AVE,ARNOLD,AVE,NORTH
ARROYO WAY,ARROYO,WAY,NORTH
ARTHUR AVE,ARTHUR,AVE,NORTH
ASH ST,ASH,ST,NORTH
ASHBURTON PL,ASHBURTON,PL,NORTH
ASHBURY ST,ASHBURY,ST,NORTH
ASHBURY TER,ASHBURY,TER,NORTH
ASHTON AVE,ASHTON,AVE,NORTH
ASHWOOD LN,ASHWOOD,LN,NORTH
ASPEN CT,ASPEN,CT,NORTH
ATALAYA TER,ATALAYA,TER,NORTH
ATHENS ST,ATHENS,ST,NORTH
ATOLL CIR,ATOLL,CIR,NORTH
ATTRIDGE ALY,ATTRIDGE,ALY,NORTH
AUBURN ST,AUBURN,ST,NORTH
AUGUST ALY,AUGUST,ALY,NORTH
AUGUSTA ST,AUGUSTA,ST,NORTH
AUSTIN ST,AUSTIN,ST,NORTH
AUTO DR,AUTO,DR,NORTH
AUTOMOBILE DR,AUTOMOBILE,DR,NORTH
AVALON AVE,AVALON,AVE,NORTH
AVENUE B,AVENUE B,ST,NORTH
AVENUE C,AVENUE C,ST,NORTH
AVENUE D,AVENUE D,ST,NORTH
AVENUE E,AVENUE E,ST,NORTH
AVENUE F,AVENUE F,ST,NORTH
AVENUE H,AVENUE H,ST,NORTH
AVENUE I,AVENUE I,ST,NORTH
AVENUE M,AVENUE M,ST,NORTH
AVENUE N,AVENUE N,ST,NORTH
AVENUE OF THE PALMS,AVENUE OF THE PALMS,ST,NORTH
AVERY ST,AVERY,ST,NORTH
AVILA ST,AVILA,ST,NORTH
AVOCA ALY,AVOCA,ALY,NORTH
WURSTER LN,WURSTER,LN,NORTH
AVON WAY,AVON,WAY,NORTH
AZTEC ST,AZTEC,ST,NORTH
BACHE ST,BACHE,ST,NORTH
BACON ST,BACON,ST,NORTH
BADEN ST,BADEN,ST,NORTH
BADGER ST,BADGER,ST,NORTH
BAKER CT,BAKER,CT,NORTH
BAKER ST,BAKER,ST,NORTH
BALANCE ST,BALANCE,ST,NORTH
BALBOA ST,BALBOA,ST,NORTH
BALCETA AVE,BALCETA,AVE,NORTH
BALDWIN CT,BALDWIN,CT,NORTH
BALHI CT,BALHI,CT,NORTH
BALMY ST,BALMY,ST,NORTH
BALTIMORE WAY,BALTIMORE,WAY,NORTH
BANBURY DR,BANBURY,DR,NORTH
BANCROFT AVE,BANCROFT,AVE,NORTH
BANK ST,BANK,ST,NORTH
BANKS ST,BANKS,ST,NORTH
BANNAN PL,BANNAN,PL,NORTH
BANNEKER WAY,BANNEKER,WAY,NORTH
BANNOCK ST,BANNOCK,ST,NORTH
BARCELONA AVE,BARCELONA,AVE,NORTH
BARNARD AVE,BARNARD,AVE,NORTH
BARNEVELD AVE,BARNEVELD,AVE,NORTH
BARRY CT,BARRY,CT,NORTH
BARTLETT ST,BARTLETT,ST,NORTH
BARTOL ST,BARTOL,ST,NORTH
BASS CT,BASS,CT,NORTH
BATTERY ST,BATTERY,ST,NORTH
BATTERY BLANEY RD,BATTERY BLANEY,RD,NORTH
BATTERY CAULFIELD RD,BATTERY CAULFIELD,RD,NORTH
BATTERY CHAMBERLIN RD,BATTERY CHAMBERLIN,RD,NORTH
BATTERY CRANSTON RD,BATTERY CRANSTON,RD,NORTH
BATTERY CROSBY RD,BATTERY CROSBY,RD,NORTH
BATTERY DYNAMITE RD,BATTERY DYNAMITE,RD,NORTH
BATTERY EAST RD,BATTERY EAST,RD,NORTH
BATTERY SAFFORD RD,BATTERY SAFFORD,RD,NORTH
BATTERY WAGNER RD,BATTERY WAGNER,RD,NORTH
BAXTER ALY,BAXTER,ALY,NORTH
BAY ST,BAY,ST,NORTH
BAY SHORE BLVD,BAY SHORE,BLVD,NORTH
BAY SHORE BLVD OFF RAMP,BAY SHORE BLVD OFF,RAMP,NORTH
BAY SHORE BLVD ON RAMP,BAY SHORE BLVD ON,RAMP,NORTH
BAY VIEW ST,BAY VIEW,ST,NORTH
BAYSIDE DR,BAYSIDE,DR,NORTH
BAYSIDE VILLAGE PL,BAYSIDE VILLAGE,PL,NORTH
BAYVIEW CIR,BAYVIEW,CIR,NORTH
BAYVIEW PARK RD,BAYVIEW PARK,RD,NORTH
BAYWOOD CT,BAYWOOD,CT,NORTH
BEACH ST,BEACH,ST,NORTH
BEACHMONT DR,BEACHMONT,DR,NORTH
BEACON ST,BEACON,ST,NORTH
BEALE ST,BEALE,ST,NORTH
BEATRICE LN,BEATRICE,LN,NORTH
BEAUMONT AVE,BEAUMONT,AVE,NORTH
BEAVER ST,BEAVER,ST,NORTH
BECKETT ST,BECKETT,ST,NORTH
BEDFORD PL,BEDFORD,PL,NORTH
BEEMAN LN,BEEMAN,LN,NORTH
BEHR AVE,BEHR,AVE,NORTH
BEIDEMAN ST,BEIDEMAN,ST,NORTH
BELCHER ST,BELCHER,ST,NORTH
BELDEN ST,BELDEN,ST,NORTH
BELGRAVE AVE,BELGRAVE,AVE,NORTH
BELL CT,BELL,CT,NORTH
BELLA VISTA WAY,BELLA VISTA,WAY,NORTH
BELLAIR PL,BELLAIR,PL,NORTH
BELLE AVE,BELLE,AVE,NORTH
BELLES ST,BELLES,ST,NORTH
BELLEVUE AVE,BELLEVUE,AVE,NORTH
BELMONT AVE,BELMONT,AVE,NORTH
BELVEDERE ST,BELVEDERE,ST,NORTH
BEMIS ST,BEMIS,ST,NORTH
BENGAL ALY,BENGAL,ALY,NORTH
BENNINGTON ST,BENNINGTON,ST,NORTH
BENTON AVE,BENTON,AVE,NORTH
BEPLER ST,BEPLER,ST,NORTH
BERCUT ACCESS RD,BERCUT ACCESS,RD,NORTH
BERGEN ALY,BERGEN,ALY,NORTH
BERKELEY WAY,BERKELEY,WAY,NORTH
BERKSHIRE WAY,BERKSHIRE,WAY,NORTH
BERNAL HEIGHTS BLVD,BERNAL HEIGHTS,BLVD,NORTH
BERNARD ST,BERNARD,ST,NORTH
BERNICE ST,BERNICE,ST,NORTH
BERNICE RODGERS WAY,BERNICE RODGERS,WAY,NORTH
BERRY ST,BERRY,ST,NORTH
BERRY EXTENSION ST,BERRY EXTENSION,ST,NORTH
BERTHA LN,BERTHA,LN,NORTH
BERTIE MINOR LN,BERTIE MINOR,LN,NORTH
BERTITA ST,BERTITA,ST,NORTH
BERWICK PL,BERWICK,PL,NORTH
BESSIE ST,BESSIE,ST,NORTH
BEULAH ST,BEULAH,ST,NORTH
BEVERLY ST,BEVERLY,ST,NORTH
BIGELOW CT,BIGELOW,CT,NORTH
BIGLER AVE,BIGLER,AVE,NORTH
BIRCH ST,BIRCH,ST,NORTH
BIRCHWOOD CT,BIRCHWOOD,CT,NORTH
BIRD ST,BIRD,ST,NORTH
BIRMINGHAM RD,BIRMINGHAM,RD,NORTH
BISHOP ST,BISHOP,ST,NORTH
BITTING AVE,BITTING,AVE,NORTH
BLACK PL,BLACK,PL,NORTH
BLACKSTONE CT,BLACKSTONE,CT,NORTH
BLAIR TER,BLAIR,TER,NORTH
BLAIRWOOD LN,BLAIRWOOD,LN,NORTH
BLAKE ST,BLAKE,ST,NORTH
BLANCHE ST,BLANCHE,ST,NORTH
BLANDY ST,BLANDY,ST,NORTH
BLANKEN AVE,BLANKEN,AVE,NORTH
BLATCHFORD LN,BLATCHFORD,LN,NORTH
BLISS CT,BLISS,CT,NORTH
BLISS RD,BLISS,RD,NORTH
BLUXOME ST,BLUXOME,ST,NORTH
BLYTHDALE AVE,BLYTHDALE,AVE,NORTH
BOALT ST,BOALT,ST,NORTH
BOARDMAN PL,BOARDMAN,PL,NORTH
BOB KAUFMAN ALY,BOB KAUFMAN,ALY,NORTH
BOCANA ST,BOCANA,ST,NORTH
BONIFACIO ST,BONIFACIO,ST,NORTH
BONITA ST,BONITA,ST,NORTH
BONNIE BRAE LN,BONNIE BRAE,LN,NORTH
BONVIEW ST,BONVIEW,ST,NORTH
BORICA ST,BORICA,ST,NORTH
BOSWORTH ST,BOSWORTH,ST,NORTH
BOUTWELL ST,BOUTWELL,ST,NORTH
BOWDOIN ST,BOWDOIN,ST,NORTH
BOWLEY CT,BOWLEY,CT,NORTH
BOWLEY ST,BOWLEY,ST,NORTH
BOWLING GREEN DR,BOWLING GREEN,DR,NORTH
BOWMAN CT,BOWMAN,CT,NORTH
BOYD ST,BOYD,ST,NORTH
BOYLSTON ST,BOYLSTON,ST,NORTH
BOYNTON CT,BOYNTON,CT,NORTH
BRADFORD ST,BRADFORD,ST,NORTH
BRADY ST,BRADY,ST,NORTH
BRANNAN ST,BRANNAN,ST,NORTH
BRANT ALY,BRANT,ALY,NORTH
BRAZIL AVE,BRAZIL,AVE,NORTH
BREEN PL,BREEN,PL,NORTH
BRENTWOOD AVE,BRENTWOOD,AVE,NORTH
BRET HARTE TER,BRET HARTE,TER,NORTH
BREWSTER ST,BREWSTER,ST,NORTH
BRICE TER,BRICE,TER,NORTH
BRIDGEVIEW DR,BRIDGEVIEW,DR,NORTH
BRIDGEVIEW WAY,BRIDGEVIEW,WAY,NORTH
BRIGHT ST,BRIGHT,ST,NORTH
BRIGHTON AVE,BRIGHTON,AVE,NORTH
BRITTON ST,BRITTON,ST,NORTH
BROAD ST,BROAD,ST,NORTH
BROADMOOR DR,BROADMOOR,DR,NORTH
BROADWAY,BROADWAY,ST,NORTH
BRODERICK ST,BRODERICK,ST,NORTH
BROMLEY PL,BROMLEY,PL,NORTH
BROMPTON AVE,BROMPTON,AVE,NORTH
BRONTE ST,BRONTE,ST,NORTH
BROOK ST,BROOK,ST,NORTH
BROOKDALE AVE,BROOKDALE,AVE,NORTH
BROOKHAVEN LN,BROOKHAVEN,LN,NORTH
BROOKLYN PL,BROOKLYN,PL,NORTH
BROOKS ST,BROOKS,ST,NORTH
BROSNAN ST,BROSNAN,ST,NORTH
BROTHERHOOD WAY,BROTHERHOOD,WAY,NORTH
BROWN ST,BROWN,ST,NORTH
BRUCE AVE,BRUCE,AVE,NORTH
BRUMISS TER,BRUMISS,TER,NORTH
BRUNSWICK ST,BRUNSWICK,ST,NORTH
BRUSH LN,BRUSH,LN,NORTH
BRUSH PL,BRUSH,PL,NORTH
BRUSSELS ST,BRUSSELS,ST,NORTH
BRYANT ST,BRYANT,ST,NORTH
BUCARELI DR,BUCARELI,DR,NORTH
BUCHANAN ST,BUCHANAN,ST,NORTH
BUCKINGHAM WAY,BUCKINGHAM,WAY,NORTH
SAN FRANCISCO GOLF CLUB RD,SAN FRANCISCO GOLF CLUB,RD,NORTH
VICHA RATANAPAKDEE WAY,VICHA RATANAPAKDEE,WAY,NORTH
BUENA VISTA TER,BUENA VISTA,TER,NORTH
BURGOYNE ST,BURGOYNE,ST,NORTH
BURKE AVE,BURKE,AVE,NORTH
BURLWOOD DR,BURLWOOD,DR,NORTH
BURNETT AVE,BURNETT,AVE,NORTH
JEFF ADACHI WAY,JEFF ADACHI,WAY,NORTH
BURNS PL,BURNS,PL,NORTH
BURNSIDE AVE,BURNSIDE,AVE,NORTH
BURR AVE,BURR,AVE,NORTH
BURRITT ST,BURRITT,ST,NORTH
BURROWS ST,BURROWS,ST,NORTH
BUSH ST,BUSH,ST,NORTH
BUTTE PL,BUTTE,PL,NORTH
BYRON CT,BYRON,CT,NORTH
BYXBEE ST,BYXBEE,ST,NORTH
C ST,C,ST,NORTH
CABRILLO ST,CABRILLO,ST,NORTH
CADELL PL,CADELL,PL,NORTH
CAINE AVE,CAINE,AVE,NORTH
CAIRE TER,CAIRE,TER,NORTH
CALEDONIA ST,CALEDONIA,ST,NORTH
CALGARY ST,CALGARY,ST,NORTH
CALHOUN TER,CALHOUN,TER,NORTH
CALIFORNIA AVE,CALIFORNIA,AVE,NORTH
CALIFORNIA ST,CALIFORNIA,ST,NORTH
CALVERT DR,CALVERT,DR,NORTH
CAMBON DR,CAMBON,DR,NORTH
CAMBRIDGE ST,CAMBRIDGE,ST,NORTH
CAMELLIA AVE,CAMELLIA,AVE,NORTH
CAMEO WAY,CAMEO,WAY,NORTH
CAMERON WAY,CAMERON,WAY,NORTH
CAMP ST,CAMP,ST,NORTH
LONG BRIDGE VARA,LONG BRIDGE VARA,ST,NORTH
CAMPBELL AVE,CAMPBELL,AVE,NORTH
CAMPTON PL,CAMPTON,PL,NORTH
CAMPUS LN,CAMPUS,LN,NORTH
CAMPUS WAY,CAMPUS,WAY,NORTH
CANBY LN,CANBY,LN,NORTH
CANBY ST,CANBY,ST,NORTH
CANDLESTICK COVE WAY,CANDLESTICK COVE,WAY,NORTH
CANDLESTICK POINT SRA,CANDLESTICK POINT SRA,ST,NORTH
CANYON DR,CANYON,DR,NORTH
CAPISTRANO AVE,CAPISTRANO,AVE,NORTH
CAPITOL AVE,CAPITOL,AVE,NORTH
CAPP ST,CAPP,ST,NORTH
CAPRA WAY,CAPRA,WAY,NORTH
CARD ALY,CARD,ALY,NORTH
CARDENAS AVE,CARDENAS,AVE,NORTH
CARGO WAY,CARGO,WAY,NORTH
CARL ST,CARL,ST,NORTH
CARMEL ST,CARMEL,ST,NORTH
CARMELITA ST,CARMELITA,ST,NORTH
CARNELIAN WAY,CARNELIAN,WAY,NORTH
CAROLINA ST,CAROLINA,ST,NORTH
CARPENTER CT,CARPENTER,CT,NORTH
CARR ST,CARR,ST,NORTH
CARRIE ST,CARRIE,ST,NORTH
CARRIZAL ST,CARRIZAL,ST,NORTH
CARROLL AVE,CARROLL,AVE,NORTH
CARSON ST,CARSON,ST,NORTH
CARTER ST,CARTER,ST,NORTH
CARVER ST,CARVER,ST,NORTH
CASA WAY,CASA,WAY,NORTH
CASCADE WALK,CASCADE,WALK,NORTH
CASE ST,CASE,ST,NORTH
CASELLI AVE,CASELLI,AVE,NORTH
CASHMERE ST,CASHMERE,ST,NORTH
CASITAS AVE,CASITAS,AVE,NORTH
CASSANDRA CT,CASSANDRA,CT,NORTH
CASTELO AVE,CASTELO,AVE,NORTH
CASTENADA AVE,CASTENADA,AVE,NORTH
CASTILLO ST,CASTILLO,ST,NORTH
CASTLE ST,CASTLE,ST,NORTH
CASTLE MANOR AVE,CASTLE MANOR,AVE,NORTH
CASTRO ST,CASTRO,ST,NORTH
DR MAYA ANGELOU LN,DR MAYA ANGELOU,LN,NORTH
CATHERINE CT,CATHERINE,CT,NORTH
CAYUGA AVE,CAYUGA,AVE,NORTH
CCSF PARKING LOT,CCSF PARKING LOT,ST,NORTH
CECILIA AVE,CECILIA,AVE,NORTH
CEDAR ST,CEDAR,ST,NORTH
CEDRO AVE,CEDRO,AVE,NORTH
CENTRAL AVE,CENTRAL,AVE,NORTH
CENTRAL MAGAZINE RD,CENTRAL MAGAZINE,RD,NORTH
CENTURY PL,CENTURY,PL,NORTH
CERES ST,CERES,ST,NORTH
CERRITOS AVE,CERRITOS,AVE,NORTH
CERVANTES BLVD,CERVANTES,BLVD,NORTH
CESAR CHAVEZ ST,CESAR CHAVEZ,ST,NORTH
CESAR CHAVEZ ON RAMP,CESAR CHAVEZ ON,RAMP,NORTH
CHABOT TER,CHABOT,TER,NORTH
CHAIN OF LAKES DR,CHAIN OF LAKES,DR,NORTH
CHANCERY LN,CHANCERY,LN,NORTH
SLOAN ALY,SLOAN,ALY,NORTH
CHANNEL ST,CHANNEL,ST,NORTH
CHAPMAN ST,CHAPMAN,ST,NORTH
CHARLES ST,CHARLES,ST,NORTH
CHARLES J BRENHAM PL,CHARLES J BRENHAM,PL,NORTH
CHARLTON CT,CHARLTON,CT,NORTH
CHARTER OAK AVE,CHARTER OAK,AVE,NORTH
CHASE CT,CHASE,CT,NORTH
CHATHAM PL,CHATHAM,PL,NORTH
CHATTANOOGA ST,CHATTANOOGA,ST,NORTH
CHAVES AVE,CHAVES,AVE,NORTH
CHENERY ST,CHENERY,ST,NORTH
CHERRY ST,CHERRY,ST,NORTH
CHESLEY ST,CHESLEY,ST,NORTH
CHESTER AVE,CHESTER,AVE,NORTH
CHESTNUT ST,CHESTNUT,ST,NORTH
CHICAGO WAY,CHICAGO,WAY,NORTH
CHILD ST,CHILD,ST,NORTH
CHILTON AVE,CHILTON,AVE,NORTH
CHINA BASIN ST,CHINA BASIN,ST,NORTH
CHINOOK CT,CHINOOK,CT,NORTH
CHRISTMAS TREE POINT RD,CHRISTMAS TREE POINT,RD,NORTH
CHRISTOPHER DR,CHRISTOPHER,DR,NORTH
CHULA LN,CHULA,LN,NORTH
CHUMASERO DR,CHUMASERO,DR,NORTH
CHURCH ST,CHURCH,ST,NORTH
CHURCH ACCESS RD,CHURCH ACCESS,RD,NORTH
CHURCH PARKING LOT,CHURCH PARKING LOT,ST,NORTH
CIELITO DR,CIELITO,DR,NORTH
CIRCULAR AVE,CIRCULAR,AVE,NORTH
CITYVIEW WAY,CITYVIEW,WAY,NORTH
CLAIRVIEW CT,CLAIRVIEW,CT,NORTH
CLARA ST,CLARA,ST,NORTH
CLAREMONT BLVD,CLAREMONT,BLVD,NORTH
CLARENCE PL,CLARENCE,PL,NORTH
CLARENDON AVE,CLARENDON,AVE,NORTH
CLARION ALY,CLARION,ALY,NORTH
CLARKE LN,CLARKE,LN,NORTH
CLARKE ST,CLARKE,ST,NORTH
CLARKSON ST,CLARKSON,ST,NORTH
CLAUDE LN,CLAUDE,LN,NORTH
CLAY ST,CLAY,ST,NORTH
CLAYTON ST,CLAYTON,ST,NORTH
CLEARFIELD DR,CLEARFIELD,DR,NORTH
CLEARVIEW CT,CLEARVIEW,CT,NORTH
CLEARY CT,CLEARY,CT,NORTH
CLEMENT ST,CLEMENT,ST,NORTH
CLEMENTINA ST,CLEMENTINA,ST,NORTH
CLEO RAND AVE,CLEO RAND,AVE,NORTH
CLEVELAND ST,CLEVELAND,ST,NORTH
CLIFFORD TER,CLIFFORD,TER,NORTH
CLINTON PARK,CLINTON,PARK,NORTH
CLIPPER ST,CLIPPER,ST,NORTH
CLIPPER TER,CLIPPER,TER,NORTH
CLIPPER COVE WAY,CLIPPER COVE,WAY,NORTH
CLOUD CIR,CLOUD,CIR,NORTH
CLOVER LN,CLOVER,LN,NORTH
CLOVER ST,CLOVER,ST,NORTH
CLYDE ST,CLYDE,ST,NORTH
COCHRANE ST,COCHRANE,ST,NORTH
CODMAN PL,CODMAN,PL,NORTH
COLBY ST,COLBY,ST,NORTH
COLE ST,COLE,ST,NORTH
COLEMAN ST,COLEMAN,ST,NORTH
COLERIDGE ST,COLERIDGE,ST,NORTH
COLIN PL,COLIN,PL,NORTH
COLIN P KELLY JR ST,COLIN P KELLY JR,ST,NORTH
COLLEEN WAY,COLLEEN,WAY,NORTH
COLLEGE AVE,COLLEGE,AVE,NORTH
COLLEGE TER,COLLEGE,TER,NORTH
COLLINGWOOD ST,COLLINGWOOD,ST,NORTH
COLLINS ST,COLLINS,ST,NORTH
COLON AVE,COLON,AVE,NORTH
COLONIAL WAY,COLONIAL,WAY,NORTH
COLTON ST,COLTON,ST,NORTH
COLUMBIA SQUARE ST,COLUMBIA SQUARE,ST,NORTH
COLUMBUS AVE,COLUMBUS,AVE,NORTH
COLUSA PL,COLUSA,PL,NORTH
COMERFORD ST,COMERFORD,ST,NORTH
COMMER CT,COMMER,CT,NORTH
COMMERCIAL ST,COMMERCIAL,ST,NORTH
COMMONWEALTH AVE,COMMONWEALTH,AVE,NORTH
COMPTON RD,COMPTON,RD,NORTH
CONCORD ST,CONCORD,ST,NORTH
CONCOURSE DR,CONCOURSE,DR,NORTH
CONGDON ST,CONGDON,ST,NORTH
CONGO ST,CONGO,ST,NORTH
CONKLING ST,CONKLING,ST,NORTH
CONNECTICUT ST,CONNECTICUT,ST,NORTH
CONRAD ST,CONRAD,ST,NORTH
STEUART LN,STEUART,LN,NORTH
BRAGHETTA LN,BRAGHETTA,LN,NORTH
CONSERVATORY ACCESS RD,CONSERVATORY ACCESS,RD,NORTH
CONSTANSO WAY,CONSTANSO,WAY,NORTH
CONTINUUM WAY,CONTINUUM,WAY,NORTH
CONVERSE ST,CONVERSE,ST,NORTH
COOK ST,COOK,ST,NORTH
COOPER ALY,COOPER,ALY,NORTH
COPPER ALY,COPPER,ALY,NORTH
CORA ST,CORA,ST,NORTH
CORAL CT,CORAL,CT,NORTH
CORAL RD,CORAL,RD,NORTH
CORALINO LN,CORALINO,LN,NORTH
CORBETT AVE,CORBETT,AVE,NORTH
CORBIN PL,CORBIN,PL,NORTH
CORDELIA ST,CORDELIA,ST,NORTH
CORDOVA ST,CORDOVA,ST,NORTH
CORNWALL ST,CORNWALL,ST,NORTH
CORONA ST,CORONA,ST,NORTH
FARALLON ST,FARALLON,ST,NORTH
CORONADO ST,CORONADO,ST,NORTH
CORTES AVE,CORTES,AVE,NORTH
CORTLAND AVE,CORTLAND,AVE,NORTH
CORWIN ST,CORWIN,ST,NORTH
COSGROVE ST,COSGROVE,ST,NORTH
COSMO PL,COSMO,PL,NORTH
COSO AVE,COSO,AVE,NORTH
COSTA ST,COSTA,ST,NORTH
COTTAGE ROW,COTTAGE,ROW,NORTH
COTTER ST,COTTER,ST,NORTH
COUNTRY CLUB DR,COUNTRY CLUB,DR,NORTH
COVENTRY CT,COVENTRY,CT,NORTH
COVENTRY LN,COVENTRY,LN,NORTH
COWELL PL,COWELL,PL,NORTH
COWLES ST,COWLES,ST,NORTH
CRAGMONT AVE,CRAGMONT,AVE,NORTH
CRAGS CT,CRAGS,CT,NORTH
CRAIG CT,CRAIG,CT,NORTH
CRANE ST,CRANE,ST,NORTH
CRANLEIGH DR,CRANLEIGH,DR,NORTH
CRAUT ST,CRAUT,ST,NORTH
CRESCENT AVE,CRESCENT,AVE,NORTH
CRESCENT CT,CRESCENT,CT,NORTH
CRESCENT WAY,CRESCENT,WAY,NORTH
CRESCIO CT,CRESCIO,CT,NORTH
CRESPI DR,CRESPI,DR,NORTH
CRESTA VISTA DR,CRESTA VISTA,DR,NORTH
CRESTLAKE DR,CRESTLAKE,DR,NORTH
CRESTLINE DR,CRESTLINE,DR,NORTH
CRESTMONT DR,CRESTMONT,DR,NORTH
CRESTWELL WALK,CRESTWELL,WALK,NORTH
CRISP RD,CRISP,RD,NORTH
CRISSY FIELD AVE,CRISSY FIELD,AVE,NORTH
CROAKER CT,CROAKER,CT,NORTH
CROOK ST,CROOK,ST,NORTH
CROSS ST,CROSS,ST,NORTH
CROSSOVER DR,CROSSOVER,DR,NORTH
CROWN CT,CROWN,CT,NORTH
CROWN TER,CROWN,TER,NORTH
CRYSTAL ST,CRYSTAL,ST,NORTH
CUBA ALY,CUBA,ALY,NORTH
CUESTA CT,CUESTA,CT,NORTH
CULEBRA TER,CULEBRA,TER,NORTH
CUMBERLAND ST,CUMBERLAND,ST,NORTH
CUNNINGHAM PL,CUNNINGHAM,PL,NORTH
CURTIS ST,CURTIS,ST,NORTH
CUSHMAN ST,CUSHMAN,ST,NORTH
CUSTER AVE,CUSTER,AVE,NORTH
CUSTOM HOUSE PL,CUSTOM HOUSE,PL,NORTH
CUTLER AVE,CUTLER,AVE,NORTH
CUVIER ST,CUVIER,ST,NORTH
CYPRESS ST,CYPRESS,ST,NORTH
CYRIL MAGNIN ST,CYRIL MAGNIN,ST,NORTH
CYRUS PL,CYRUS,PL,NORTH
D ST,D,ST,NORTH
DAGGETT ST,DAGGETT,ST,NORTH
DAKOTA ST,DAKOTA,ST,NORTH
DALEWOOD WAY,DALEWOOD,WAY,NORTH
DANIEL BURNHAM CT,DANIEL BURNHAM,CT,NORTH
DANTON ST,DANTON,ST,NORTH
DANVERS ST,DANVERS,ST,NORTH
DARIEN WAY,DARIEN,WAY,NORTH
DARRELL PL,DARRELL,PL,NORTH
DARTMOUTH ST,DARTMOUTH,ST,NORTH
DASHIELL HAMMETT ST,DASHIELL HAMMETT,ST,NORTH
DAVENPORT LN,DAVENPORT,LN,NORTH
DAVIDSON AVE,DAVIDSON,AVE,NORTH
DAVIS CT,DAVIS,CT,NORTH
DAVIS ST,DAVIS,ST,NORTH
DAWNVIEW WAY,DAWNVIEW,WAY,NORTH
DAWSON PL,DAWSON,PL,NORTH
DAY ST,DAY,ST,NORTH
DE BOOM ST,DE BOOM,ST,NORTH
DE FOREST WAY,DE FOREST,WAY,NORTH
DE HARO ST,DE HARO,ST,NORTH
DE LONG ST,DE LONG,ST,NORTH
DE MONTFORT AVE,DE MONTFORT,AVE,NORTH
DE SOTO ST,DE SOTO,ST,NORTH
DE WOLF ST,DE WOLF,ST,NORTH
DEARBORN ST,DEARBORN,ST,NORTH
DECATUR ST,DECATUR,ST,NORTH
DECKER ALY,DECKER,ALY,NORTH
DEDMAN CT,DEDMAN,CT,NORTH
DEEMS RD,DEEMS,RD,NORTH
DEHON ST,DEHON,ST,NORTH
DEL MONTE ST,DEL MONTE,ST,NORTH
DEL SUR AVE,DEL SUR,AVE,NORTH
DEL VALE AVE,DEL VALE,AVE,NORTH
DELANCEY ST,DELANCEY,ST,NORTH
DELANO AVE,DELANO,AVE,NORTH
DELAWARE ST,DELAWARE,ST,NORTH
DELGADO PL,DELGADO,PL,NORTH
DELLBROOK AVE,DELLBROOK,AVE,NORTH
DELMAR ST,DELMAR,ST,NORTH
DELTA ST,DELTA,ST,NORTH
DEMING ST,DEMING,ST,NORTH
DENSLOWE DR,DENSLOWE,DR,NORTH
DERBY ST,DERBY,ST,NORTH
DESMOND ST,DESMOND,ST,NORTH
DETROIT ST,DETROIT,ST,NORTH
DEVONSHIRE WAY,DEVONSHIRE,WAY,NORTH
DEWEY BLVD,DEWEY,BLVD,NORTH
DEWITT RD,DEWITT,RD,NORTH
DIAMOND ST,DIAMOND,ST,NORTH
DIAMOND COVE TER,DIAMOND COVE,TER,NORTH
DIAMOND HEIGHTS BLVD,DIAMOND HEIGHTS,BLVD,NORTH
DIANA ST,DIANA,ST,NORTH
DIAZ AVE,DIAZ,AVE,NORTH
DICHA ALY,DICHA,ALY,NORTH
DICHIERA CT,DICHIERA,CT,NORTH
DICKINSON ST,DICKINSON,ST,NORTH
DIGBY ST,DIGBY,ST,NORTH
DIRK DIRKSEN PL,DIRK DIRKSEN,PL,NORTH
DIVISADERO ST,DIVISADERO,ST,NORTH
DIVISION ST,DIVISION,ST,NORTH
DIXIE ALY,DIXIE,ALY,NORTH
DOCK ST,DOCK,ST,NORTH
DODGE ST,DODGE,ST,NORTH
DOLORES ST,DOLORES,ST,NORTH
DOLORES TER,DOLORES,TER,NORTH
DOLPHIN CT,DOLPHIN,CT,NORTH
DON CHEE WAY,DON CHEE,WAY,NORTH
DONAHUE ST,DONAHUE,ST,NORTH
DONNER AVE,DONNER,AVE,NORTH
DORADO TER,DORADO,TER,NORTH
DORANTES AVE,DORANTES,AVE,NORTH
DORCAS WAY,DORCAS,WAY,NORTH
DORCHESTER WAY,DORCHESTER,WAY,NORTH
DORE ST,DORE,ST,NORTH
DORIC ALY,DORIC,ALY,NORTH
DORLAND ST,DORLAND,ST,NORTH
DORMAN AVE,DORMAN,AVE,NORTH
DORMITORY RD,DORMITORY,RD,NORTH
DOUBLE ROCK ST,DOUBLE ROCK,ST,NORTH
DOUGLASS ST,DOUGLASS,ST,NORTH
DOVE LOOP,DOVE,LOOP,NORTH
DOW PL,DOW,PL,NORTH
DOWNEY ST,DOWNEY,ST,NORTH
DR CARLTON B GOODLETT PL,DR CARLTON B GOODLETT,PL,NORTH
DRAKE ST,DRAKE,ST,NORTH
DRUMM ST,DRUMM,ST,NORTH
DRUMMOND ALY,DRUMMOND,ALY,NORTH
DUBLIN ST,DUBLIN,ST,NORTH
DUBOCE AVE,DUBOCE,AVE,NORTH
DUDLEY RD,DUDLEY,RD,NORTH
DUKES CT,DUKES,CT,NORTH
DUNCAN ST,DUNCAN,ST,NORTH
DUNCOMBE ALY,DUNCOMBE,ALY,NORTH
DUNNES ALY,DUNNES,ALY,NORTH
DUNSHEE ST,DUNSHEE,ST,NORTH
DUNSMUIR ST,DUNSMUIR,ST,NORTH
DUTCH WINDMILL ACCESS RD,DUTCH WINDMILL ACCESS,RD,NORTH
DWIGHT ST,DWIGHT,ST,NORTH
E ST,E,ST,NORTH
EAGLE ST,EAGLE,ST,NORTH
EARL ST,EARL,ST,NORTH
EASEMENT,EASEMENT,ST,NORTH
EAST RD,EAST,RD,NORTH
EAST BEACH RD,EAST BEACH,RD,NORTH
EAST CRYSTAL COVE TER,EAST CRYSTAL COVE,TER,NORTH
EAST FORT MILEY RD,EAST FORT MILEY,RD,NORTH
EASTMAN ST,EASTMAN,ST,NORTH
EASTWOOD DR,EASTWOOD,DR,NORTH
EATON PL,EATON,PL,NORTH
ECKER ST,ECKER,ST,NORTH
EDDY ST,EDDY,ST,NORTH
EDGAR AVE,EDGAR,AVE,NORTH
EDGARDO PL,EDGARDO,PL,NORTH
EDGEHILL WAY,EDGEHILL,WAY,NORTH
EDGEWOOD AVE,EDGEWOOD,AVE,NORTH
EDIE RD,EDIE,RD,NORTH
EDINBURGH ST,EDINBURGH,ST,NORTH
EDITH ST,EDITH,ST,NORTH
EDNA ST,EDNA,ST,NORTH
EDWARD ST,EDWARD,ST,NORTH
EGBERT AVE,EGBERT,AVE,NORTH
EL CAMINO DEL MAR,EL CAMINO DEL MAR,ST,NORTH
EL DORADO ST,EL DORADO,ST,NORTH
EL MIRASOL PL,EL MIRASOL,PL,NORTH
EL PLAZUELA WAY,EL PLAZUELA,WAY,NORTH
EL POLIN LOOP,EL POLIN,LOOP,NORTH
EL SERENO CT,EL SERENO,CT,NORTH
EL VERANO WAY,EL VERANO,WAY,NORTH
ELDRIDGE ST,ELDRIDGE,ST,NORTH
ELGIN PARK,ELGIN,PARK,NORTH
ELIM ALY,ELIM,ALY,NORTH
ELIZABETH ST,ELIZABETH,ST,NORTH
ELK ST,ELK,ST,NORTH
ELLERT ST,ELLERT,ST,NORTH
ELLINGTON AVE,ELLINGTON,AVE,NORTH
ELLIOT ST,ELLIOT,ST,NORTH
ELLIS ST,ELLIS,ST,NORTH
ELLSWORTH ST,ELLSWORTH,ST,NORTH
ELM ST,ELM,ST,NORTH
ELMHURST DR,ELMHURST,DR,NORTH
ELMIRA ST,ELMIRA,ST,NORTH
ELMWOOD WAY,ELMWOOD,WAY,NORTH
ELSIE ST,ELSIE,ST,NORTH
ELWOOD ST,ELWOOD,ST,NORTH
EMERALD LN,EMERALD,LN,NORTH
EMERALD COVE WAY,EMERALD COVE,WAY,NORTH
EMERSON ST,EMERSON,ST,NORTH
EMERY LN,EMERY,LN,NORTH
EMIL LN,EMIL,LN,NORTH
EMMA ST,EMMA,ST,NORTH
EMMETT CT,EMMETT,CT,NORTH
ENCANTO AVE,ENCANTO,AVE,NORTH
ENCINAL WALK,ENCINAL,WALK,NORTH
ENCLINE CT,ENCLINE,CT,NORTH
ENGLISH ST,ENGLISH,ST,NORTH
ENTERPRISE ST,ENTERPRISE,ST,NORTH
ENTRADA CT,ENTRADA,CT,NORTH
ERIE ST,ERIE,ST,NORTH
ERKSON CT,ERKSON,CT,NORTH
ERVINE ST,ERVINE,ST,NORTH
ESCOLTA WAY,ESCOLTA,WAY,NORTH
ESCONDIDO AVE,ESCONDIDO,AVE,NORTH
ESMERALDA AVE,ESMERALDA,AVE,NORTH
ESPANOLA ST,ESPANOLA,ST,NORTH
ESQUINA DR,ESQUINA,DR,NORTH
ESSEX ST,ESSEX,ST,NORTH
ESTERO AVE,ESTERO,AVE,NORTH
EUCALYPTUS DR,EUCALYPTUS,DR,NORTH
EUCLID AVE,EUCLID,AVE,NORTH
EUGENIA AVE,EUGENIA,AVE,NORTH
EUREKA ST,EUREKA,ST,NORTH
EVANS AVE,EVANS,AVE,NORTH
EVE ST,EVE,ST,NORTH
EVELYN WAY,EVELYN,WAY,NORTH
EVERGLADE DR,EVERGLADE,DR,NORTH
EVERSON ST,EVERSON,ST,NORTH
EWER PL,EWER,PL,NORTH
EWING TER,EWING,TER,NORTH
EXCELSIOR AVE,EXCELSIOR,AVE,NORTH
EXCHANGE PL,EXCHANGE,PL,NORTH
EXECUTIVE PARK BLVD,EXECUTIVE PARK,BLVD,NORTH
EXETER ST,EXETER,ST,NORTH
EXPOSITION DR,EXPOSITION,DR,NORTH
FAIR AVE,FAIR,AVE,NORTH
FAIR OAKS ST,FAIR OAKS,ST,NORTH
FAIRBANKS ST,FAIRBANKS,ST,NORTH
FAIRFAX AVE,FAIRFAX,AVE,NORTH
FAIRFIELD WAY,FAIRFIELD,WAY,NORTH
FAIRMOUNT ST,FAIRMOUNT,ST,NORTH
FAITH ST,FAITH,ST,NORTH
FALLON PL,FALLON,PL,NORTH
FALMOUTH ST,FALMOUTH,ST,NORTH
FANNING WAY,FANNING,WAY,NORTH
FARALLONES ST,FARALLONES,ST,NORTH
FARGO PL,FARGO,PL,NORTH
FARNSWORTH LN,FARNSWORTH,LN,NORTH
FARNUM ST,FARNUM,ST,NORTH
FARRAGUT AVE,FARRAGUT,AVE,NORTH
FARVIEW CT,FARVIEW,CT,NORTH
FAUNTLEROY LN,FAUNTLEROY,LN,NORTH
FAXON AVE,FAXON,AVE,NORTH
FEDERAL ST,FEDERAL,ST,NORTH
FELIX AVE,FELIX,AVE,NORTH
FELL ST,FELL,ST,NORTH
FELL ACCESS RD,FELL ACCESS,RD,NORTH
FELLA PL,FELLA,PL,NORTH
FELTON ST,FELTON,ST,NORTH
FENTON LN,FENTON,LN,NORTH
FERN ST,FERN,ST,NORTH
FERNANDEZ ST,FERNANDEZ,ST,NORTH
FERNWOOD DR,FERNWOOD,DR,NORTH
FIELDING ST,FIELDING,ST,NORTH
MEADOW DR,MEADOW,DR,NORTH
FILBERT ST,FILBERT,ST,NORTH
FILLMORE ST,FILLMORE,ST,NORTH
FINLEY RD,FINLEY,RD,NORTH
01ST TI ST,01ST TI,ST,NORTH
HOLLAND CT,HOLLAND,CT,NORTH
FISHER ALY,FISHER,ALY,NORTH
FISHER AVE,FISHER,AVE,NORTH
FISHER LOOP,FISHER,LOOP,NORTH
FITCH ST,FITCH,ST,NORTH
FITZGERALD AVE,FITZGERALD,AVE,NORTH
FLINT ST,FLINT,ST,NORTH
FLOOD AVE,FLOOD,AVE,NORTH
FLORA ST,FLORA,ST,NORTH
FLORENCE ST,FLORENCE,ST,NORTH
FLORENTINE AVE,FLORENTINE,AVE,NORTH
FLORIDA ST,FLORIDA,ST,NORTH
FLOUNDER CT,FLOUNDER,CT,NORTH
FLOURNOY ST,FLOURNOY,ST,NORTH
FLOWER ST,FLOWER,ST,NORTH
FOERSTER ST,FOERSTER,ST,NORTH
FOLSOM ST,FOLSOM,ST,NORTH
FONT BLVD,FONT,BLVD,NORTH
FONTINELLA TER,FONTINELLA,TER,NORTH
FOOTE AVE,FOOTE,AVE,NORTH
FORD ST,FORD,ST,NORTH
FOREST RD,FOREST,RD,NORTH
FOREST HILL PATH,FOREST HILL,PATH,NORTH
FOREST KNOLLS DR,FOREST KNOLLS,DR,NORTH
FOREST SIDE AVE,FOREST SIDE,AVE,NORTH
FOREST VIEW DR,FOREST VIEW,DR,NORTH
FORSYTH LN,FORSYTH,LN,NORTH
FORT FUNSTON RD,FORT FUNSTON,RD,NORTH
FORT MASON 10,FORT MASON 10,ST,NORTH
FORT MASON 12,FORT MASON 12,ST,NORTH
FORT MASON 13,FORT MASON 13,ST,NORTH
FORT MASON 15,FORT MASON 15,ST,NORTH
FORT MASON 16,FORT MASON 16,ST,NORTH
FORT MASON 17,FORT MASON 17,ST,NORTH
FORT MASON 18,FORT MASON 18,ST,NORTH
FORT MASON 19,FORT MASON 19,ST,NORTH
FORT MASON 20,FORT MASON 20,ST,NORTH
FORT MASON 21,FORT MASON 21,ST,NORTH
FORT MASON 8,FORT MASON 8,ST,NORTH
FORT MASON 9,FORT MASON 9,ST,NORTH
FORT MILEY 3,FORT MILEY 3,ST,NORTH
FORT MILEY 5,FORT MILEY 5,ST,NORTH
FORT MILEY 6,FORT MILEY 6,ST,NORTH
FORT MILEY 7,FORT MILEY 7,ST,NORTH
FORTUNA AVE,FORTUNA,AVE,NORTH
FOUNTAIN ST,FOUNTAIN,ST,NORTH
FOWLER AVE,FOWLER,AVE,NORTH
FRANCE AVE,FRANCE,AVE,NORTH
FRANCIS ST,FRANCIS,ST,NORTH
FRANCISCO ST,FRANCISCO,ST,NORTH
FRANCONIA ST,FRANCONIA,ST,NORTH
FRANK NORRIS ST,FRANK NORRIS,ST,NORTH
FRANKLIN ST,FRANKLIN,ST,NORTH
FRATESSA CT,FRATESSA,CT,NORTH
FREDELA LN,FREDELA,LN,NORTH
FREDERICK ST,FREDERICK,ST,NORTH
FREDSON CT,FREDSON,CT,NORTH
FREELON ST,FREELON,ST,NORTH
FREEMAN CT,FREEMAN,CT,NORTH
FREMONT ST,FREMONT,ST,NORTH
FRENCH CT,FRENCH,CT,NORTH
FRESNEL WAY,FRESNEL,WAY,NORTH
FRESNO ST,FRESNO,ST,NORTH
FRIEDELL ST,FRIEDELL,ST,NORTH
FRIENDSHIP CT,FRIENDSHIP,CT,NORTH
FRONT ST,FRONT,ST,NORTH
FUENTE AVE,FUENTE,AVE,NORTH
FULTON ST,FULTON,ST,NORTH
FUNSTON AVE,FUNSTON,AVE,NORTH
FUNSTON RD,FUNSTON,RD,NORTH
GABILAN WAY,GABILAN,WAY,NORTH
GAISER CT,GAISER,CT,NORTH
GALEWOOD CIR,GALEWOOD,CIR,NORTH
GALILEE LN,GALILEE,LN,NORTH
GALINDO AVE,GALINDO,AVE,NORTH
GALLAGHER LN,GALLAGHER,LN,NORTH
GALVEZ AVE,GALVEZ,AVE,NORTH
GAMBIER ST,GAMBIER,ST,NORTH
GARCES DR,GARCES,DR,NORTH
GARCIA AVE,GARCIA,AVE,NORTH
GARDEN ST,GARDEN,ST,NORTH
GARDEN WAY,GARDEN,WAY,NORTH
GARDENER RD,GARDENER,RD,NORTH
GARDENSIDE DR,GARDENSIDE,DR,NORTH
GARFIELD ST,GARFIELD,ST,NORTH
GARLINGTON CT,GARLINGTON,CT,NORTH
GARNETT TER,GARNETT,TER,NORTH
GARRISON AVE,GARRISON,AVE,NORTH
GATES ST,GATES,ST,NORTH
GATEVIEW AVE,GATEVIEW,AVE,NORTH
GATEVIEW CT,GATEVIEW,CT,NORTH
GATEVIEW 1 CT,GATEVIEW 1,CT,NORTH
GATEVIEW 2 CT,GATEVIEW 2,CT,NORTH
GATEVIEW 3 CT,GATEVIEW 3,CT,NORTH
GATUN ALY,GATUN,ALY,NORTH
GAVEN ST,GAVEN,ST,NORTH
GAVIOTA WAY,GAVIOTA,WAY,NORTH
GEARY BLVD,GEARY,BLVD,NORTH
GEARY ST,GEARY,ST,NORTH
GELLERT DR,GELLERT,DR,NORTH
COHEN PL,COHEN,PL,NORTH
GENEBERN WAY,GENEBERN,WAY,NORTH
GENERAL KENNEDY AVE,GENERAL KENNEDY,AVE,NORTH
GENEVA AVE,GENEVA,AVE,NORTH
GENNESSEE ST,GENNESSEE,ST,NORTH
GENOA PL,GENOA,PL,NORTH
GEORGE CT,GEORGE,CT,NORTH
GEORGIA ST,GEORGIA,ST,NORTH
GERKE ALY,GERKE,ALY,NORTH
GERMANIA ST,GERMANIA,ST,NORTH
GETZ ST,GETZ,ST,NORTH
GGP ACCESS ROAD,GGP ACCESS ROAD,ST,NORTH
GIANTS DR,GIANTS,DR,NORTH
GIBB ST,GIBB,ST,NORTH
GIBBON CT,GIBBON,CT,NORTH
GIBBON LN,GIBBON,LN,NORTH
GIBSON RD,GIBSON,RD,NORTH
GILBERT ST,GILBERT,ST,NORTH
GILLETTE AVE,GILLETTE,AVE,NORTH
GILMAN AVE,GILMAN,AVE,NORTH
GILROY ST,GILROY,ST,NORTH
GIRARD RD,GIRARD,RD,NORTH
GIRARD ST,GIRARD,ST,NORTH
GLADEVIEW WAY,GLADEVIEW,WAY,NORTH
GLADIOLUS LN,GLADIOLUS,LN,NORTH
GLADSTONE DR,GLADSTONE,DR,NORTH
GLADYS ST,GLADYS,ST,NORTH
GLEN CT,GLEN,CT,NORTH
GLENBROOK AVE,GLENBROOK,AVE,NORTH
GLENDALE ST,GLENDALE,ST,NORTH
GLENHAVEN LN,GLENHAVEN,LN,NORTH
GLENVIEW DR,GLENVIEW,DR,NORTH
GLOBE ALY,GLOBE,ALY,NORTH
GLORIA CT,GLORIA,CT,NORTH
GLOVER ST,GLOVER,ST,NORTH
GODEUS ST,GODEUS,ST,NORTH
GOETHE ST,GOETHE,ST,NORTH
GOETTINGEN ST,GOETTINGEN,ST,NORTH
GOLD ST,GOLD,ST,NORTH
GOLD MINE DR,GOLD MINE,DR,NORTH
GOLDBERG LN,GOLDBERG,LN,NORTH
GOLDEN CT,GOLDEN,CT,NORTH
GOLDEN GATE AVE,GOLDEN GATE,AVE,NORTH
GOLDING LN,GOLDING,LN,NORTH
GOLETA AVE,GOLETA,AVE,NORTH
GOLF COURSE ACCESS RD,GOLF COURSE ACCESS,RD,NORTH
GONZALEZ DR,GONZALEZ,DR,NORTH
GORDON ST,GORDON,ST,NORTH
GORGAS AVE,GORGAS,AVE,NORTH
GORHAM ST,GORHAM,ST,NORTH
GOUGH ST,GOUGH,ST,NORTH
GOULD ST,GOULD,ST,NORTH
GRACE ST,GRACE,ST,NORTH
GRAFTON AVE,GRAFTON,AVE,NORTH
GRAHAM ST,GRAHAM,ST,NORTH
GRANADA AVE,GRANADA,AVE,NORTH
GRAND VIEW AVE,GRAND VIEW,AVE,NORTH
GRAND VIEW TER,GRAND VIEW,TER,NORTH
GRANT AVE,GRANT,AVE,NORTH
GRANVILLE WAY,GRANVILLE,WAY,NORTH
GRATTAN ST,GRATTAN,ST,NORTH
GRAYSTONE TER,GRAYSTONE,TER,NORTH
GREAT HWY,GREAT,HWY,NORTH
GREELY CT,GREELY,CT,NORTH
GREEN ST,GREEN,ST,NORTH
GREENOUGH AVE,GREENOUGH,AVE,NORTH
GREENVIEW CT,GREENVIEW,CT,NORTH
GREENWICH CT,GREENWICH,CT,NORTH
GREENWICH ST,GREENWICH,ST,NORTH
GREENWOOD AVE,GREENWOOD,AVE,NORTH
GRENARD TER,GRENARD,TER,NORTH
GRIFFITH ST,GRIFFITH,ST,NORTH
GRIJALVA DR,GRIJALVA,DR,NORTH
GROTE PL,GROTE,PL,NORTH
GROVE ST,GROVE,ST,NORTH
GUERRERO ST,GUERRERO,ST,NORTH
GUTTENBERG ST,GUTTENBERG,ST,NORTH
GUY PL,GUY,PL,NORTH
H ST,H,ST,NORTH
HABITAT TER,HABITAT,TER,NORTH
HAGIWARA TEA GARDEN DR,HAGIWARA TEA GARDEN,DR,NORTH
HAHN ST,HAHN,ST,NORTH
HAIGHT ST,HAIGHT,ST,NORTH
HALE ST,HALE,ST,NORTH
HALIBUT CT,HALIBUT,CT,NORTH
HALLAM ST,HALLAM,ST,NORTH
HALLECK ST,HALLECK,ST,NORTH
HALYBURTON CT,HALYBURTON,CT,NORTH
HAMERTON AVE,HAMERTON,AVE,NORTH
HAMILTON ST,HAMILTON,ST,NORTH
HAMLIN ST,HAMLIN,ST,NORTH
HAMPSHIRE ST,HAMPSHIRE,ST,NORTH
HANCOCK ST,HANCOCK,ST,NORTH
HANGAH ST,HANGAH,ST,NORTH
HANOVER ST,HANOVER,ST,NORTH
HARBOR RD,HARBOR,RD,NORTH
HARDIE AVE,HARDIE,AVE,NORTH
HARDIE PL,HARDIE,PL,NORTH
HARDING RD,HARDING,RD,NORTH
HARE ST,HARE,ST,NORTH
HARKNESS AVE,HARKNESS,AVE,NORTH
HARLAN PL,HARLAN,PL,NORTH
HARLEM ALY,HARLEM,ALY,NORTH
HARLOW ST,HARLOW,ST,NORTH
HARNEY WAY,HARNEY,WAY,NORTH
HAROLD AVE,HAROLD,AVE,NORTH
HARPER ST,HARPER,ST,NORTH
HARRIET LN,HARRIET,LN,NORTH
HARRIET ST,HARRIET,ST,NORTH
HARRINGTON ST,HARRINGTON,ST,NORTH
HARRIS PL,HARRIS,PL,NORTH
HARRISON BLVD,HARRISON,BLVD,NORTH
HARRISON ST,HARRISON,ST,NORTH
HARRY ST,HARRY,ST,NORTH
HARTFORD ST,HARTFORD,ST,NORTH
HARVARD ST,HARVARD,ST,NORTH
HASTINGS TER,HASTINGS,TER,NORTH
HATTIE ST,HATTIE,ST,NORTH
HAVELOCK ST,HAVELOCK,ST,NORTH
HAVENS ST,HAVENS,ST,NORTH
HAVENSIDE DR,HAVENSIDE,DR,NORTH
HAWES ST,HAWES,ST,NORTH
HAWKINS LN,HAWKINS,LN,NORTH
HAWTHORNE ST,HAWTHORNE,ST,NORTH
HAYES ST,HAYES,ST,NORTH
HAYS ST,HAYS,ST,NORTH
HAYWARD ST,HAYWARD,ST,NORTH
HAZELWOOD AVE,HAZELWOOD,AVE,NORTH
HEAD ST,HEAD,ST,NORTH
HEALY AVE,HEALY,AVE,NORTH
HEARST AVE,HEARST,AVE,NORTH
HEATHER AVE,HEATHER,AVE,NORTH
HELEN ST,HELEN,ST,NORTH
HELENA ST,HELENA,ST,NORTH
HEMLOCK ST,HEMLOCK,ST,NORTH
HEMWAY TER,HEMWAY,TER,NORTH
HENRY ST,HENRY,ST,NORTH
HENRY ADAMS ST,HENRY ADAMS,ST,NORTH
HERITAGE LN,HERITAGE,LN,NORTH
HERMANN ST,HERMANN,ST,NORTH
HERNANDEZ AVE,HERNANDEZ,AVE,NORTH
HERON ST,HERON,ST,NORTH
HESTER AVE,HESTER,AVE,NORTH
HEYMAN AVE,HEYMAN,AVE,NORTH
HICKORY ST,HICKORY,ST,NORTH
HICKS RD,HICKS,RD,NORTH
HIDALGO TER,HIDALGO,TER,NORTH
HIGH ST,HIGH,ST,NORTH
HIGHLAND AVE,HIGHLAND,AVE,NORTH
HIGUERA AVE,HIGUERA,AVE,NORTH
HILIRITAS AVE,HILIRITAS,AVE,NORTH
HILL DR,HILL,DR,NORTH
HILL ST,HILL,ST,NORTH
HILL POINT AVE,HILL POINT,AVE,NORTH
HILLCREST CT,HILLCREST,CT,NORTH
HILLCREST RD,HILLCREST,RD,NORTH
HILLSIDE LN,HILLSIDE,LN,NORTH
HILLVIEW CT,HILLVIEW,CT,NORTH
HILLWAY AVE,HILLWAY,AVE,NORTH
HILTON ST,HILTON,ST,NORTH
HIMMELMANN PL,HIMMELMANN,PL,NORTH
HITCHCOCK LN,HITCHCOCK,LN,NORTH
HITCHCOCK ST,HITCHCOCK,ST,NORTH
HOBART ALY,HOBART,ALY,NORTH
HODGES ALY,HODGES,ALY,NORTH
HOFF ST,HOFF,ST,NORTH
HOFFMAN AVE,HOFFMAN,AVE,NORTH
HOFFMAN ST,HOFFMAN,ST,NORTH
HOLLADAY AVE,HOLLADAY,AVE,NORTH
HOLLIS ST,HOLLIS,ST,NORTH
HOLLISTER AVE,HOLLISTER,AVE,NORTH
HOLLOWAY AVE,HOLLOWAY,AVE,NORTH
HOLLY PARK CIR,HOLLY PARK,CIR,NORTH
HOLLYWOOD CT,HOLLYWOOD,CT,NORTH
HOLYOKE ST,HOLYOKE,ST,NORTH
HOMER ST,HOMER,ST,NORTH
HOMESTEAD ST,HOMESTEAD,ST,NORTH
HOMEWOOD CT,HOMEWOOD,CT,NORTH
HOOKER ALY,HOOKER,ALY,NORTH
HOOPER ST,HOOPER,ST,NORTH
HOPKINS AVE,HOPKINS,AVE,NORTH
HORACE ST,HORACE,ST,NORTH
HORNE AVE,HORNE,AVE,NORTH
HOTALING PL,HOTALING,PL,NORTH
HOUSTON ST,HOUSTON,ST,NORTH
HOWARD CT,HOWARD,CT,NORTH
HOWARD RD,HOWARD,RD,NORTH
HOWARD ST,HOWARD,ST,NORTH
HOWTH ST,HOWTH,ST,NORTH
HUBBELL ST,HUBBELL,ST,NORTH
HUDSON AVE,HUDSON,AVE,NORTH
HUGO ST,HUGO,ST,NORTH
HULBERT ALY,HULBERT,ALY,NORTH
HUMBOLDT ST,HUMBOLDT,ST,NORTH
HUNT ST,HUNT,ST,NORTH
HUNTER RD,HUNTER,RD,NORTH
HUNTER ST,HUNTER,ST,NORTH
HUNTERS POINT BLVD,HUNTERS POINT,BLVD,NORTH
HUNTERS POINT EXPY,HUNTERS POINT,EXPY,NORTH
HUNTINGTON DR,HUNTINGTON,DR,NORTH
HURON AVE,HURON,AVE,NORTH
HUSSEY ST,HUSSEY,ST,NORTH
HUTCHINS CT,HUTCHINS,CT,NORTH
HWY 1 NORTHBOUND,HWY 1 NORTHBOUND,ST,NORTH
HWY 1 SOUTHBOUND,HWY 1 SOUTHBOUND,ST,NORTH
HWY 1 TO HWY 101 NORTHBOUND RAMP,HWY 1 TO HWY 101 NORTHBOUND,RAMP,NORTH
HWY 1 TO HWY 101 SOUTHBOUND RAMP,HWY 1 TO HWY 101 SOUTHBOUND,RAMP,NORTH
HWY 101 N OFF RAMP,HWY 101 N OFF,RAMP,NORTH
HWY 101 N ON RAMP,HWY 101 N ON,RAMP,NORTH
HWY 101 NORTHBOUND,HWY 101 NORTHBOUND,ST,NORTH
HWY 101 NORTHBOUND RAMP,HWY 101 NORTHBOUND,RAMP,NORTH
HWY 101 S OFF RAMP,HWY 101 S OFF,RAMP,NORTH
HWY 101 S ON RAMP,HWY 101 S ON,RAMP,NORTH
HWY 101 SOUTHBOUND,HWY 101 SOUTHBOUND,ST,NORTH
HWY 101 SOUTHBOUND RAMP,HWY 101 SOUTHBOUND,RAMP,NORTH
HWY 101 TO HWY 1 RAMP,HWY 101 TO HWY 1,RAMP,NORTH
HWY 101 TO I-280 RAMP,HWY 101 TO I-280,RAMP,NORTH
HWY 101 TO I-80 RAMP,HWY 101 TO I-80,RAMP,NORTH
HYDE ST,HYDE,ST,NORTH
I ST,I,ST,NORTH
I-280 N OFF RAMP,I-280 N OFF,RAMP,NORTH
I-280 N ON RAMP,I-280 N ON,RAMP,NORTH
I-280 NORTHBOUND,I-280 NORTHBOUND,ST,NORTH
I-280 S OFF RAMP,I-280 S OFF,RAMP,NORTH
I-280 S ON RAMP,I-280 S ON,RAMP,NORTH
I-280 SOUTHBOUND,I-280 SOUTHBOUND,ST,NORTH
JUANITA WAY,JUANITA,WAY,NORTH
I-280 TO HWY 101 RAMP,I-280 TO HWY 101,RAMP,NORTH
I-80 E OFF RAMP,I-80 E OFF,RAMP,NORTH
I-80 E ON RAMP,I-80 E ON,RAMP,NORTH
I-80 EASTBOUND,I-80 EASTBOUND,ST,NORTH
I-80 TO HWY 101 RAMP,I-80 TO HWY 101,RAMP,NORTH
I-80 W OFF RAMP,I-80 W OFF,RAMP,NORTH
I-80 W ON RAMP,I-80 W ON,RAMP,NORTH
I-80 WESTBOUND,I-80 WESTBOUND,ST,NORTH
ICEHOUSE ALY,ICEHOUSE,ALY,NORTH
IDORA AVE,IDORA,AVE,NORTH
IGNACIO AVE,IGNACIO,AVE,NORTH
ILLINOIS ST,ILLINOIS,ST,NORTH
ILS LN,ILS,LN,NORTH
IMPERIAL ALY,IMPERIAL,ALY,NORTH
INA CT,INA,CT,NORTH
INCA LN,INCA,LN,NORTH
INCINERATOR RD,INCINERATOR,RD,NORTH
INDIA ST,INDIA,ST,NORTH
INDIANA ST,INDIANA,ST,NORTH
INDUSTRIAL ST,INDUSTRIAL,ST,NORTH
INDUSTRIAL ST OFF RAMP,INDUSTRIAL ST OFF,RAMP,NORTH
INDUSTRIAL ST ON RAMP,INDUSTRIAL ST ON,RAMP,NORTH
INFANTRY TER,INFANTRY,TER,NORTH
INGALLS ST,INGALLS,ST,NORTH
INGERSON AVE,INGERSON,AVE,NORTH
INGLESIDE PATH,INGLESIDE,PATH,NORTH
INNES AVE,INNES,AVE,NORTH
PHILLIPS LN,PHILLIPS,LN,NORTH
INVERNESS DR,INVERNESS,DR,NORTH
IOWA ST,IOWA,ST,NORTH
IRIS AVE,IRIS,AVE,NORTH
IRON ALY,IRON,ALY,NORTH
BRUTON ST,BRUTON,ST,NORTH
IRVING ST,IRVING,ST,NORTH
IRWIN ST,IRWIN,ST,NORTH
ISADORA DUNCAN LN,ISADORA DUNCAN,LN,NORTH
ISIS ST,ISIS,ST,NORTH
ISLAIS ST,ISLAIS,ST,NORTH
ISOLA WAY,ISOLA,WAY,NORTH
ISSLEIB AVE,ISSLEIB,AVE,NORTH
ITALY AVE,ITALY,AVE,NORTH
IVY ST,IVY,ST,NORTH
J ST,J,ST,NORTH
JACK BALESTRERI WAY,JACK BALESTRERI,WAY,NORTH
JACK KEROUAC ALY,JACK KEROUAC,ALY,NORTH
JACK LONDON ALY,JACK LONDON,ALY,NORTH
JACK MICHELINE ALY,JACK MICHELINE,ALY,NORTH
JACKSON ST,JACKSON,ST,NORTH
JADE PL,JADE,PL,NORTH
JAKEY CT,JAKEY,CT,NORTH
JAMES PL,JAMES,PL,NORTH
JAMESTOWN AVE,JAMESTOWN,AVE,NORTH
JANSEN ST,JANSEN,ST,NORTH
JARBOE AVE,JARBOE,AVE,NORTH
JASON CT,JASON,CT,NORTH
JASPER PL,JASPER,PL,NORTH
JAUSS ST,JAUSS,ST,NORTH
JAVA ST,JAVA,ST,NORTH
JEAN WAY,JEAN,WAY,NORTH
JEFFERSON ST,JEFFERSON,ST,NORTH
JENNIFER PL,JENNIFER,PL,NORTH
JENNINGS CT,JENNINGS,CT,NORTH
JENNINGS ST,JENNINGS,ST,NORTH
JEROME ALY,JEROME,ALY,NORTH
JERROLD AVE,JERROLD,AVE,NORTH
JERSEY ST,JERSEY,ST,NORTH
JESSIE ST,JESSIE,ST,NORTH
JESSIE EAST ST,JESSIE EAST,ST,NORTH
JESSIE WEST ST,JESSIE WEST,ST,NORTH
JEWETT ST,JEWETT,ST,NORTH
JOHN ST,JOHN,ST,NORTH
JOHN F KENNEDY DR,JOHN F KENNEDY,DR,NORTH
JOHN F SHELLEY DR,JOHN F SHELLEY,DR,NORTH
JOHN MAHER ST,JOHN MAHER,ST,NORTH
JOHN MUIR DR,JOHN MUIR,DR,NORTH
JOHNSTONE DR,JOHNSTONE,DR,NORTH
JOICE ST,JOICE,ST,NORTH
JONES ST,JONES,ST,NORTH
JOOST AVE,JOOST,AVE,NORTH
JORDAN AVE,JORDAN,AVE,NORTH
JOSE SARRIA CT,JOSE SARRIA,CT,NORTH
JOSEPHA AVE,JOSEPHA,AVE,NORTH
JOSIAH AVE,JOSIAH,AVE,NORTH
JOY ST,JOY,ST,NORTH
JUAN BAUTISTA CIR,JUAN BAUTISTA,CIR,NORTH
JUDAH ST,JUDAH,ST,NORTH
JUDSON AVE,JUDSON,AVE,NORTH
JULES AVE,JULES,AVE,NORTH
JULIA ST,JULIA,ST,NORTH
JULIAN AVE,JULIAN,AVE,NORTH
JULIUS ST,JULIUS,ST,NORTH
JUNIOR TER,JUNIOR,TER,NORTH
JUNIPER ST,JUNIPER,ST,NORTH
JUNIPERO SERRA BLVD,JUNIPERO SERRA,BLVD,NORTH
JUNIPERO SERRA BLVD OFF RAMP,JUNIPERO SERRA BLVD OFF,RAMP,NORTH
JUNIPERO SERRA BLVD ON RAMP,JUNIPERO SERRA BLVD ON,RAMP,NORTH
JURI ST,JURI,ST,NORTH
JUSTIN DR,JUSTIN,DR,NORTH
KALMANOVITZ ST,KALMANOVITZ,ST,NORTH
KAMILLE CT,KAMILLE,CT,NORTH
KANSAS ST,KANSAS,ST,NORTH
KAPLAN LN,KAPLAN,LN,NORTH
KAREN CT,KAREN,CT,NORTH
KATE ST,KATE,ST,NORTH
KEARNY LN,KEARNY,LN,NORTH
KEARNY ST,KEARNY,ST,NORTH
KEITH ST,KEITH,ST,NORTH
KELLOCH AVE,KELLOCH,AVE,NORTH
KEMPTON AVE,KEMPTON,AVE,NORTH
KENDALL DR,KENDALL,DR,NORTH
MRS. JACKSON WAY,MRS. JACKSON,WAY,NORTH
KENNETH REXROTH PL,KENNETH REXROTH,PL,NORTH
KENNY ALY,KENNY,ALY,NORTH
KENSINGTON WAY,KENSINGTON,WAY,NORTH
KENT ST,KENT,ST,NORTH
KENWOOD WAY,KENWOOD,WAY,NORTH
KEPPLER CT,KEPPLER,CT,NORTH
KERN ST,KERN,ST,NORTH
KEY AVE,KEY,AVE,NORTH
KEYES ALY,KEYES,ALY,NORTH
KEYES AVE,KEYES,AVE,NORTH
KEYSTONE WAY,KEYSTONE,WAY,NORTH
KEZAR DR,KEZAR,DR,NORTH
KIMBALL PL,KIMBALL,PL,NORTH
KING ST,KING,ST,NORTH
KINGSTON ST,KINGSTON,ST,NORTH
KINZEY ST,KINZEY,ST,NORTH
KIRKHAM ST,KIRKHAM,ST,NORTH
KIRKWOOD AVE,KIRKWOOD,AVE,NORTH
KISKA RD,KISKA,RD,NORTH
KISSLING ST,KISSLING,ST,NORTH
KITTREDGE TER,KITTREDGE,TER,NORTH
KNOCKASH HL,KNOCKASH,HL,NORTH
KNOLLVIEW WAY,KNOLLVIEW,WAY,NORTH
KNOTT CT,KNOTT,CT,NORTH
KOBBE AVE,KOBBE,AVE,NORTH
KOHLER PL,KOHLER,PL,NORTH
KORET WAY,KORET,WAY,NORTH
KRAMER PL,KRAMER,PL,NORTH
KRAUSGRILL PL,KRAUSGRILL,PL,NORTH
KRONQUIST CT,KRONQUIST,CT,NORTH
LA AVANZADA,LA AVANZADA,ST,NORTH
LA BICA WAY,LA BICA,WAY,NORTH
LA FERRERA TER,LA FERRERA,TER,NORTH
LA GRANDE AVE,LA GRANDE,AVE,NORTH
LA PLAYA,LA PLAYA,ST,NORTH
LA SALLE AVE,LA SALLE,AVE,NORTH
LAFAYETTE ST,LAFAYETTE,ST,NORTH
LAGUNA ST,LAGUNA,ST,NORTH
LAGUNA HONDA BLVD,LAGUNA HONDA,BLVD,NORTH
LAGUNITAS DR,LAGUNITAS,DR,NORTH
LAIDLEY ST,LAIDLEY,ST,NORTH
LAKE ST,LAKE,ST,NORTH
LAKE FOREST CT,LAKE FOREST,CT,NORTH
LAKE MERCED BLVD,LAKE MERCED,BLVD,NORTH
LAKE MERCED HILL,LAKE MERCED HILL,ST,NORTH
LAKESHORE DR,LAKESHORE,DR,NORTH
LAKESHORE PLZ,LAKESHORE,PLZ,NORTH
LAKEVIEW AVE,LAKEVIEW,AVE,NORTH
LAKEWOOD AVE,LAKEWOOD,AVE,NORTH
LAMARTINE ST,LAMARTINE,ST,NORTH
LAMSON LN,LAMSON,LN,NORTH
LANCASTER LN,LANCASTER,LN,NORTH
LANDERS ST,LANDERS,ST,NORTH
LANE ST,LANE,ST,NORTH
LANGDON CT,LANGDON,CT,NORTH
LANGTON ST,LANGTON,ST,NORTH
LANSDALE AVE,LANSDALE,AVE,NORTH
KELHAM ST,KELHAM,ST,NORTH
HARMONIA ST,HARMONIA,ST,NORTH
LANSING ST,LANSING,ST,NORTH
LAPHAM WAY,LAPHAM,WAY,NORTH
LAPIDGE ST,LAPIDGE,ST,NORTH
LAPU-LAPU ST,LAPU-LAPU,ST,NORTH
LARCH ST,LARCH,ST,NORTH
LARKIN ST,LARKIN,ST,NORTH
LAS VILLAS CT,LAS VILLAS,CT,NORTH
LASKIE ST,LASKIE,ST,NORTH
LASSEN ALY,LASSEN,ALY,NORTH
LATHROP AVE,LATHROP,AVE,NORTH
LATONA ST,LATONA,ST,NORTH
LAURA ST,LAURA,ST,NORTH
LAUREL ST,LAUREL,ST,NORTH
LAUREN CT,LAUREN,CT,NORTH
LAUSSAT ST,LAUSSAT,ST,NORTH
LAWRENCE AVE,LAWRENCE,AVE,NORTH
LAWTON ST,LAWTON,ST,NORTH
LE CONTE AVE,LE CONTE,AVE,NORTH
LE CONTE CIR,LE CONTE,CIR,NORTH
LEAVENWORTH ST,LEAVENWORTH,ST,NORTH
LEDYARD ST,LEDYARD,ST,NORTH
LEE AVE,LEE,AVE,NORTH
LEESE ST,LEESE,ST,NORTH
LEGION CT,LEGION,CT,NORTH
LEGION OF HONOR DR,LEGION OF HONOR,DR,NORTH
LEIDESDORFF ST,LEIDESDORFF,ST,NORTH
LELAND AVE,LELAND,AVE,NORTH
LENDRUM CT,LENDRUM,CT,NORTH
LENOX WAY,LENOX,WAY,NORTH
LEO ST,LEO,ST,NORTH
LEONA TER,LEONA,TER,NORTH
LEROY PL,LEROY,PL,NORTH
LESSING ST,LESSING,ST,NORTH
LESTER CT,LESTER,CT,NORTH
LETTERMAN DR,LETTERMAN,DR,NORTH
LETTERMAN HOSPITAL ACCESS,LETTERMAN HOSPITAL ACCESS,ST,NORTH
BURROWS DR,BURROWS,DR,NORTH
LEVANT ST,LEVANT,ST,NORTH
LEXINGTON ST,LEXINGTON,ST,NORTH
LIBERTY ST,LIBERTY,ST,NORTH
LICK PL,LICK,PL,NORTH
LIEBIG ST,LIEBIG,ST,NORTH
LIGGETT AVE,LIGGETT,AVE,NORTH
LILAC ST,LILAC,ST,NORTH
LILLIAN ST,LILLIAN,ST,NORTH
LILY ST,LILY,ST,NORTH
LINARES AVE,LINARES,AVE,NORTH
LINCOLN BLVD,LINCOLN,BLVD,NORTH
LINCOLN CT,LINCOLN,CT,NORTH
LINCOLN WAY,LINCOLN,WAY,NORTH
LINDA ST,LINDA,ST,NORTH
LINDA VISTA STPS,LINDA VISTA,STPS,NORTH
LINDEN ST,LINDEN,ST,NORTH
LINDSAY CIR,LINDSAY,CIR,NORTH
LIPPARD AVE,LIPPARD,AVE,NORTH
LISBON ST,LISBON,ST,NORTH
LITTLEFIELD TER,LITTLEFIELD,TER,NORTH
LIVINGSTON ST,LIVINGSTON,ST,NORTH
LLOYD ST,LLOYD,ST,NORTH
LOBOS ST,LOBOS,ST,NORTH
LOCKSLEY AVE,LOCKSLEY,AVE,NORTH
LOCKWOOD ST,LOCKWOOD,ST,NORTH
LOCUST ST,LOCUST,ST,NORTH
LOEHR ST,LOEHR,ST,NORTH
LOIS LN,LOIS,LN,NORTH
LOMA VISTA TER,LOMA VISTA,TER,NORTH
LOMBARD ST,LOMBARD,ST,NORTH
LOMITA AVE,LOMITA,AVE,NORTH
LONDON ST,LONDON,ST,NORTH
LONE MOUNTAIN TER,LONE MOUNTAIN,TER,NORTH
LONG AVE,LONG,AVE,NORTH
LONG BRIDGE ST,LONG BRIDGE,ST,NORTH
LONGVIEW CT,LONGVIEW,CT,NORTH
LOOMIS ST,LOOMIS,ST,NORTH
LOPEZ AVE,LOPEZ,AVE,NORTH
LORAINE CT,LORAINE,CT,NORTH
LORI LN,LORI,LN,NORTH
LOS PALMOS DR,LOS PALMOS,DR,NORTH
LOTTIE BENNETT LN,LOTTIE BENNETT,LN,NORTH
LOUISBURG ST,LOUISBURG,ST,NORTH
LOUISIANA ST,LOUISIANA,ST,NORTH
LOWELL ST,LOWELL,ST,NORTH
LOWER TER,LOWER,TER,NORTH
LOWER FORT MASON ST,LOWER FORT MASON,ST,NORTH
LOYOLA TER,LOYOLA,TER,NORTH
LUCERNE ST,LUCERNE,ST,NORTH
LUCKY ST,LUCKY,ST,NORTH
LUCY ST,LUCY,ST,NORTH
LUDLOW ALY,LUDLOW,ALY,NORTH
LULU ALY,LULU,ALY,NORTH
LUNADO CT,LUNADO,CT,NORTH
LUNADO WAY,LUNADO,WAY,NORTH
LUNDEEN ST,LUNDEEN,ST,NORTH
LUNDYS LN,LUNDYS,LN,NORTH
LUPINE AVE,LUPINE,AVE,NORTH
LURLINE ST,LURLINE,ST,NORTH
LURMONT TER,LURMONT,TER,NORTH
LUSK ST,LUSK,ST,NORTH
LYDIA AVE,LYDIA,AVE,NORTH
LYELL ST,LYELL,ST,NORTH
LYNCH ST,LYNCH,ST,NORTH
LYNDHURST DR,LYNDHURST,DR,NORTH
LYON ST,LYON,ST,NORTH
LYSETTE ST,LYSETTE,ST,NORTH
MABEL ALY,MABEL,ALY,NORTH
MABINI ST,MABINI,ST,NORTH
MABREY CT,MABREY,CT,NORTH
MACALLA CT,MACALLA,CT,NORTH
MACALLA RD,MACALLA,RD,NORTH
MACARTHUR AVE,MACARTHUR,AVE,NORTH
MACEDONIA ST,MACEDONIA,ST,NORTH
MACONDRAY LN,MACONDRAY,LN,NORTH
MADDUX AVE,MADDUX,AVE,NORTH
MADERA ST,MADERA,ST,NORTH
MADISON ST,MADISON,ST,NORTH
MADRID ST,MADRID,ST,NORTH
MADRONE AVE,MADRONE,AVE,NORTH
MAGELLAN AVE,MAGELLAN,AVE,NORTH
MAGNOLIA ST,MAGNOLIA,ST,NORTH
MAHAN ST,MAHAN,ST,NORTH
MAIDEN LN,MAIDEN,LN,NORTH
MAIN DR,MAIN,DR,NORTH
MAIN ST,MAIN,ST,NORTH
MAJESTIC AVE,MAJESTIC,AVE,NORTH
MALDEN ALY,MALDEN,ALY,NORTH
MALLORCA WAY,MALLORCA,WAY,NORTH
MALTA DR,MALTA,DR,NORTH
MALVINA PL,MALVINA,PL,NORTH
MANCHESTER ST,MANCHESTER,ST,NORTH
MANDALAY LN,MANDALAY,LN,NORTH
MANGELS AVE,MANGELS,AVE,NORTH
MANOR DR,MANOR,DR,NORTH
MANSEAU ST,MANSEAU,ST,NORTH
MANSELL ST,MANSELL,ST,NORTH
MANSFIELD ST,MANSFIELD,ST,NORTH
MANZANITA AVE,MANZANITA,AVE,NORTH
MAPLE ST,MAPLE,ST,NORTH
MARCELA AVE,MARCELA,AVE,NORTH
MARCY PL,MARCY,PL,NORTH
MARENGO ST,MARENGO,ST,NORTH
MARGARET AVE,MARGARET,AVE,NORTH
MARGRAVE PL,MARGRAVE,PL,NORTH
MARIETTA DR,MARIETTA,DR,NORTH
MARIN ST,MARIN,ST,NORTH
MARINA BLVD,MARINA,BLVD,NORTH
MARINA GREEN DR,MARINA GREEN,DR,NORTH
MARINE DR,MARINE,DR,NORTH
MARINER DR,MARINER,DR,NORTH
MARION PL,MARION,PL,NORTH
MARIPOSA ST,MARIPOSA,ST,NORTH
MARIST CT,MARIST,CT,NORTH
MARK LN,MARK,LN,NORTH
MARK TWAIN PL,MARK TWAIN,PL,NORTH
MARKET ST,MARKET,ST,NORTH
MARLIN CT,MARLIN,CT,NORTH
MARNE AVE,MARNE,AVE,NORTH
MARS ST,MARS,ST,NORTH
MARSHALL ST,MARSHALL,ST,NORTH
MARSILY ST,MARSILY,ST,NORTH
MARSTON AVE,MARSTON,AVE,NORTH
MARTHA AVE,MARTHA,AVE,NORTH
MARTIN LUTHER KING JR DR,MARTIN LUTHER KING JR,DR,NORTH
MARTINEZ ST,MARTINEZ,ST,NORTH
MARVEL CT,MARVEL,CT,NORTH
MARVIEW WAY,MARVIEW,WAY,NORTH
MARY ST,MARY,ST,NORTH
MARY TERESA ST,MARY TERESA,ST,NORTH
MARYLAND ST,MARYLAND,ST,NORTH
MASON CT,MASON,CT,NORTH
MASON ST,MASON,ST,NORTH
MASONIC AVE,MASONIC,AVE,NORTH
MASSACHUSETTS ST,MASSACHUSETTS,ST,NORTH
MASSASOIT ST,MASSASOIT,ST,NORTH
MATEO ST,MATEO,ST,NORTH
MATTHEW CT,MATTHEW,CT,NORTH
MAULDIN ST,MAULDIN,ST,NORTH
MAXWELL CT,MAXWELL,CT,NORTH
MAYFAIR DR,MAYFAIR,DR,NORTH
MAYFLOWER ST,MAYFLOWER,ST,NORTH
MAYNARD ST,MAYNARD,ST,NORTH
MAYWOOD DR,MAYWOOD,DR,NORTH
MCALLISTER ST,MCALLISTER,ST,NORTH
MCCANN ST,MCCANN,ST,NORTH
MCCARTHY AVE,MCCARTHY,AVE,NORTH
MCCOPPIN ST,MCCOPPIN,ST,NORTH
MCCORMICK ST,MCCORMICK,ST,NORTH
MCDONALD ST,MCDONALD,ST,NORTH
MCDOWELL AVE,MCDOWELL,AVE,NORTH
MCKINLEY AVE,MCKINLEY,AVE,NORTH
MCKINNON AVE,MCKINNON,AVE,NORTH
MCLAREN AVE,MCLAREN,AVE,NORTH
MCLAREN LODGE ACCESS RD,MCLAREN LODGE ACCESS,RD,NORTH
MCLEA CT,MCLEA,CT,NORTH
MCNAIR CT,MCNAIR,CT,NORTH
MCRAE LN,MCRAE,LN,NORTH
MCRAE ST,MCRAE,ST,NORTH
MEACHAM PL,MEACHAM,PL,NORTH
MEADE AVE,MEADE,AVE,NORTH
MEADOWBROOK DR,MEADOWBROOK,DR,NORTH
MEDA AVE,MEDA,AVE,NORTH
MEDAU PL,MEDAU,PL,NORTH
MEDICAL CENTER WAY,MEDICAL CENTER,WAY,NORTH
MEGAN DR,MEGAN,DR,NORTH
MELBA AVE,MELBA,AVE,NORTH
MELRA CT,MELRA,CT,NORTH
MELROSE AVE,MELROSE,AVE,NORTH
MENDELL ST,MENDELL,ST,NORTH
MENDOSA AVE,MENDOSA,AVE,NORTH
MENOHER LN,MENOHER,LN,NORTH
MERCATO CT,MERCATO,CT,NORTH
MERCED AVE,MERCED,AVE,NORTH
MERCEDES WAY,MERCEDES,WAY,NORTH
MERCHANT RD,MERCHANT,RD,NORTH
MERCHANT ST,MERCHANT,ST,NORTH
MERCURY ST,MERCURY,ST,NORTH
MERLIN ST,MERLIN,ST,NORTH
MERRIAM LN,MERRIAM,LN,NORTH
MERRIE WAY,MERRIE,WAY,NORTH
MERRILL ST,MERRILL,ST,NORTH
MERRIMAC ST,MERRIMAC,ST,NORTH
MERRITT ST,MERRITT,ST,NORTH
MERSEY ST,MERSEY,ST,NORTH
MESA AVE,MESA,AVE,NORTH
MESA ST,MESA,ST,NORTH
METSON RD,METSON,RD,NORTH
MICHIGAN ST,MICHIGAN,ST,NORTH
MIDCREST WAY,MIDCREST,WAY,NORTH
MIDDLE POINT RD,MIDDLE POINT,RD,NORTH
MIDDLE WEST DR,MIDDLE WEST,DR,NORTH
MIDDLEFIELD DR,MIDDLEFIELD,DR,NORTH
MIDWAY ST,MIDWAY,ST,NORTH
MIGUEL ST,MIGUEL,ST,NORTH
MILAN TER,MILAN,TER,NORTH
MILES CT,MILES,CT,NORTH
MILES ST,MILES,ST,NORTH
MILEY ST,MILEY,ST,NORTH
MILL ST,MILL,ST,NORTH
MILLER PL,MILLER,PL,NORTH
MILLER RD,MILLER,RD,NORTH
MILLWRIGHT COTTAGE ACCESS RD,MILLWRIGHT COTTAGE ACCESS,RD,NORTH
MILTON ST,MILTON,ST,NORTH
MINERVA ST,MINERVA,ST,NORTH
MINNA ST,MINNA,ST,NORTH
MINNESOTA ST,MINNESOTA,ST,NORTH
MINT PLZ,MINT,PLZ,NORTH
MINT ST,MINT,ST,NORTH
MIRABEL AVE,MIRABEL,AVE,NORTH
MIRALOMA DR,MIRALOMA,DR,NORTH
MIRAMAR AVE,MIRAMAR,AVE,NORTH
MIRANDO WAY,MIRANDO,WAY,NORTH
MISSION ST,MISSION,ST,NORTH
BLOSSOM LN,BLOSSOM,LN,NORTH
SIXTH ST,SIXTH,ST,NORTH
MISSION BAY CIR,MISSION BAY,CIR,NORTH
MISSION BAY DR,MISSION BAY,DR,NORTH
IRONWOOD WAY,IRONWOOD,WAY,NORTH
CATALINA ST,CATALINA,ST,NORTH
MISSION ROCK ST,MISSION ROCK,ST,NORTH
MISSISSIPPI ST,MISSISSIPPI,ST,NORTH
MISSOURI ST,MISSOURI,ST,NORTH
MISTRAL ST,MISTRAL,ST,NORTH
MIZPAH ST,MIZPAH,ST,NORTH
MODOC AVE,MODOC,AVE,NORTH
MOFFITT ST,MOFFITT,ST,NORTH
MOJAVE ST,MOJAVE,ST,NORTH
MOLIMO DR,MOLIMO,DR,NORTH
MONCADA WAY,MONCADA,WAY,NORTH
MONETA CT,MONETA,CT,NORTH
MONETA WAY,MONETA,WAY,NORTH
MONO ST,MONO,ST,NORTH
MONTAGUE PL,MONTAGUE,PL,NORTH
MONTALVO AVE,MONTALVO,AVE,NORTH
MONTANA ST,MONTANA,ST,NORTH
MONTCALM ST,MONTCALM,ST,NORTH
PARK ST,PARK,ST,NORTH
MONTCLAIR TER,MONTCLAIR,TER,NORTH
MONTE VISTA DR,MONTE VISTA,DR,NORTH
MONTECITO AVE,MONTECITO,AVE,NORTH
MONTEREY BLVD,MONTEREY,BLVD,NORTH
MONTEZUMA ST,MONTEZUMA,ST,NORTH
MONTGOMERY ST,MONTGOMERY,ST,NORTH
MONTICELLO ST,MONTICELLO,ST,NORTH
MONUMENT WAY,MONUMENT,WAY,NORTH
MOORE LN,MOORE,LN,NORTH
MOORE PL,MOORE,PL,NORTH
MORAGA AVE,MORAGA,AVE,NORTH
MORAGA ST,MORAGA,ST,NORTH
MORELAND ST,MORELAND,ST,NORTH
MORGAN ALY,MORGAN,ALY,NORTH
MORNINGSIDE DR,MORNINGSIDE,DR,NORTH
MORRELL PL,MORRELL,PL,NORTH
MORRELL ST,MORRELL,ST,NORTH
MORRIS ST,MORRIS,ST,NORTH
MORSE ST,MORSE,ST,NORTH
MORTON ST,MORTON,ST,NORTH
MOSCOW ST,MOSCOW,ST,NORTH
MOSS ST,MOSS,ST,NORTH
MOULTON ST,MOULTON,ST,NORTH
MOULTRIE ST,MOULTRIE,ST,NORTH
MOUNT LN,MOUNT,LN,NORTH
MOUNT VERNON AVE,MOUNT VERNON,AVE,NORTH
MOUNTAIN SPRING AVE,MOUNTAIN SPRING,AVE,NORTH
MOUNTVIEW CT,MOUNTVIEW,CT,NORTH
MUIR CT,MUIR,CT,NORTH
MUIR LOOP,MUIR,LOOP,NORTH
MULFORD ALY,MULFORD,ALY,NORTH
MULLEN AVE,MULLEN,AVE,NORTH
MUNICH ST,MUNICH,ST,NORTH
MURRAY LN,MURRAY,LN,NORTH
MURRAY ST,MURRAY,ST,NORTH
MUSEUM WAY,MUSEUM,WAY,NORTH
MUSIC CONCOURSE DR,MUSIC CONCOURSE,DR,NORTH
MUSIC CONCOURSE ACCESS RD,MUSIC CONCOURSE ACCESS,RD,NORTH
MYRA WAY,MYRA,WAY,NORTH
MYRTLE ST,MYRTLE,ST,NORTH
NADELL CT,NADELL,CT,NORTH
NAGLEE AVE,NAGLEE,AVE,NORTH
NAHUA AVE,NAHUA,AVE,NORTH
NANCY PELOSI DR,NANCY PELOSI,DR,NORTH
NANTUCKET AVE,NANTUCKET,AVE,NORTH
NAPIER LN,NAPIER,LN,NORTH
NAPLES ST,NAPLES,ST,NORTH
NAPOLEON ST,NAPOLEON,ST,NORTH
NATICK ST,NATICK,ST,NORTH
NATOMA ST,NATOMA,ST,NORTH
NAUMAN RD,NAUMAN,RD,NORTH
NAUTILUS DR,NAUTILUS,DR,NORTH
NAVAJO AVE,NAVAJO,AVE,NORTH
NAVY RD,NAVY,RD,NORTH
NAYLOR ST,NAYLOR,ST,NORTH
NEBRASKA ST,NEBRASKA,ST,NORTH
NELLIE ST,NELLIE,ST,NORTH
NELSON AVE,NELSON,AVE,NORTH
NELSON RISING LN,NELSON RISING,LN,NORTH
NEPTUNE ST,NEPTUNE,ST,NORTH
NEVADA ST,NEVADA,ST,NORTH
NEW MONTGOMERY ST,NEW MONTGOMERY,ST,NORTH
NEWBURG ST,NEWBURG,ST,NORTH
NEWCOMB AVE,NEWCOMB,AVE,NORTH
NEWELL ST,NEWELL,ST,NORTH
NEWHALL ST,NEWHALL,ST,NORTH
NEWMAN ST,NEWMAN,ST,NORTH
NEWTON ST,NEWTON,ST,NORTH
NEY ST,NEY,ST,NORTH
NIAGARA AVE,NIAGARA,AVE,NORTH
NIANTIC AVE,NIANTIC,AVE,NORTH
NIBBI CT,NIBBI,CT,NORTH
NICHOLS WAY,NICHOLS,WAY,NORTH
NIDO AVE,NIDO,AVE,NORTH
NIMITZ AVE,NIMITZ,AVE,NORTH
NIMITZ DR,NIMITZ,DR,NORTH
NIMITZ LN,NIMITZ,LN,NORTH
NOB HILL PL,NOB HILL,PL,NORTH
NOBLES ALY,NOBLES,ALY,NORTH
NOE ST,NOE,ST,NORTH
NORDHOFF ST,NORDHOFF,ST,NORTH
NORFOLK ST,NORFOLK,ST,NORTH
NORIEGA ST,NORIEGA,ST,NORTH
NORMANDIE TER,NORMANDIE,TER,NORTH
NORTH DR,NORTH,DR,NORTH
NORTH 15TH AVE,NORTH 15TH,AVE,NORTH
NORTH GATE RD,NORTH GATE,RD,NORTH
NORTH HUGHES LN,NORTH HUGHES,LN,NORTH
NORTH POINT ST,NORTH POINT,ST,NORTH
NORTH VAN HORN LN,NORTH VAN HORN,LN,NORTH
NORTH VIEW CT,NORTH VIEW,CT,NORTH
NORTHGATE DR,NORTHGATE,DR,NORTH
NORTHPOINT DR,NORTHPOINT,DR,NORTH
NORTHRIDGE RD,NORTHRIDGE,RD,NORTH
NORTHWOOD DR,NORTHWOOD,DR,NORTH
NORTON ST,NORTON,ST,NORTH
NORWICH ST,NORWICH,ST,NORTH
NOTTINGHAM PL,NOTTINGHAM,PL,NORTH
NUEVA AVE,NUEVA,AVE,NORTH
OAK ST,OAK,ST,NORTH
OAK ACCESS RD,OAK ACCESS,RD,NORTH
OAK GROVE ST,OAK GROVE,ST,NORTH
OAK PARK DR,OAK PARK,DR,NORTH
OAKDALE AVE,OAKDALE,AVE,NORTH
OAKHURST LN,OAKHURST,LN,NORTH
OAKWOOD ST,OAKWOOD,ST,NORTH
OCEAN AVE,OCEAN,AVE,NORTH
OCEANVIEW TER,OCEANVIEW,TER,NORTH
OCTAVIA ST,OCTAVIA,ST,NORTH
OFARRELL ST,OFARRELL,ST,NORTH
OGDEN AVE,OGDEN,AVE,NORTH
OHLONE WAY,OHLONE,WAY,NORTH
OLD CHINATOWN LN,OLD CHINATOWN,LN,NORTH
OLD MASON ST,OLD MASON,ST,NORTH
OLIVE ST,OLIVE,ST,NORTH
OLIVER ST,OLIVER,ST,NORTH
OLMSTEAD ST,OLMSTEAD,ST,NORTH
OLNEY AVE,OLNEY,AVE,NORTH
OLORAN AVE,OLORAN,AVE,NORTH
OLYMPIA WAY,OLYMPIA,WAY,NORTH
OLYMPIC COUNTRY CLUB RD,OLYMPIC COUNTRY CLUB,RD,NORTH
OMAR WAY,OMAR,WAY,NORTH
ONEIDA AVE,ONEIDA,AVE,NORTH
ONIQUE LN,ONIQUE,LN,NORTH
ONONDAGA AVE,ONONDAGA,AVE,NORTH
OPAL PL,OPAL,PL,NORTH
OPALO LN,OPALO,LN,NORTH
OPHIR ALY,OPHIR,ALY,NORTH
ORA WAY,ORA,WAY,NORTH
ORANGE ALY,ORANGE,ALY,NORTH
ORBEN PL,ORBEN,PL,NORTH
ORD CT,ORD,CT,NORTH
ORD ST,ORD,ST,NORTH
ORDWAY ST,ORDWAY,ST,NORTH
OREILLY AVE,OREILLY,AVE,NORTH
ORIOLE WAY,ORIOLE,WAY,NORTH
ORIZABA AVE,ORIZABA,AVE,NORTH
ORSI CIR,ORSI,CIR,NORTH
ORTEGA ST,ORTEGA,ST,NORTH
ORTEGA WAY,ORTEGA,WAY,NORTH
OSAGE ALY,OSAGE,ALY,NORTH
OSCAR ALY,OSCAR,ALY,NORTH
OSCEOLA LN,OSCEOLA,LN,NORTH
OSGOOD PL,OSGOOD,PL,NORTH
OSHAUGHNESSY BLVD,OSHAUGHNESSY,BLVD,NORTH
OTEGA AVE,OTEGA,AVE,NORTH
OTIS ST,OTIS,ST,NORTH
OTSEGO AVE,OTSEGO,AVE,NORTH
OTTAWA AVE,OTTAWA,AVE,NORTH
OTTER COVE TER,OTTER COVE,TER,NORTH
OVERLOOK DR,OVERLOOK,DR,NORTH
OWEN ST,OWEN,ST,NORTH
OWENS ST,OWENS,ST,NORTH
OXFORD ST,OXFORD,ST,NORTH
OZBOURN CT,OZBOURN,CT,NORTH
PACHECO ST,PACHECO,ST,NORTH
PACIFIC AVE,PACIFIC,AVE,NORTH
PAGE ST,PAGE,ST,NORTH
PAGODA PL,PAGODA,PL,NORTH
PALM AVE,PALM,AVE,NORTH
PALMETTO AVE,PALMETTO,AVE,NORTH
PALO ALTO AVE,PALO ALTO,AVE,NORTH
PALOMA AVE,PALOMA,AVE,NORTH
PALOS PL,PALOS,PL,NORTH
PALOU AVE,PALOU,AVE,NORTH
PANAMA ST,PANAMA,ST,NORTH
PANORAMA DR,PANORAMA,DR,NORTH
PARADISE AVE,PARADISE,AVE,NORTH
PARAISO PL,PARAISO,PL,NORTH
PARAMOUNT TER,PARAMOUNT,TER,NORTH
PARIS ST,PARIS,ST,NORTH
PARK BLVD,PARK,BLVD,NORTH
PARK HILL AVE,PARK HILL,AVE,NORTH
PARK PRESIDIO BLVD,PARK PRESIDIO,BLVD,NORTH
PARK PRESIDIO BYPASS DR,PARK PRESIDIO BYPASS,DR,NORTH
PARKER AVE,PARKER,AVE,NORTH
PARKHURST ALY,PARKHURST,ALY,NORTH
PARKRIDGE DR,PARKRIDGE,DR,NORTH
PARNASSUS AVE,PARNASSUS,AVE,NORTH
PARQUE DR,PARQUE,DR,NORTH
PARSONS ST,PARSONS,ST,NORTH
PASADENA ST,PASADENA,ST,NORTH
PATTEN RD,PATTEN,RD,NORTH
PATTERSON ST,PATTERSON,ST,NORTH
PATTON CT,PATTON,CT,NORTH
PATTON ST,PATTON,ST,NORTH
PAUL AVE,PAUL,AVE,NORTH
PAULDING ST,PAULDING,ST,NORTH
PAYSON ST,PAYSON,ST,NORTH
PEABODY ST,PEABODY,ST,NORTH
PEARL ST,PEARL,ST,NORTH
PEEK LN,PEEK,LN,NORTH
PELICAN COVE TER,PELICAN COVE,TER,NORTH
PELTON PL,PELTON,PL,NORTH
PEMBERTON PL,PEMBERTON,PL,NORTH
PENA ST,PENA,ST,NORTH
PENINSULA AVE,PENINSULA,AVE,NORTH
PENNINGTON ST,PENNINGTON,ST,NORTH
PENNSYLVANIA AVE,PENNSYLVANIA,AVE,NORTH
PENNY LN,PENNY,LN,NORTH
PERALTA AVE,PERALTA,AVE,NORTH
PERASTO AVE,PERASTO,AVE,NORTH
PEREGO TER,PEREGO,TER,NORTH
PERIMETER PATH,PERIMETER,PATH,NORTH
PERINE PL,PERINE,PL,NORTH
PERRY ST,PERRY,ST,NORTH
PERSHING DR,PERSHING,DR,NORTH
PERSIA AVE,PERSIA,AVE,NORTH
PERU AVE,PERU,AVE,NORTH
PETER YORKE WAY,PETER YORKE,WAY,NORTH
PETERS AVE,PETERS,AVE,NORTH
PETRARCH PL,PETRARCH,PL,NORTH
PFEIFFER ST,PFEIFFER,ST,NORTH
BRISTOL CT,BRISTOL,CT,NORTH
PHELPS ST,PHELPS,ST,NORTH
PHOENIX TER,PHOENIX,TER,NORTH
PICO AVE,PICO,AVE,NORTH
PIEDMONT ST,PIEDMONT,ST,NORTH
PIERCE ST,PIERCE,ST,NORTH
MAYBECK ST,MAYBECK,ST,NORTH
PILGRIM AVE,PILGRIM,AVE,NORTH
PINAR LN,PINAR,LN,NORTH
PINE ST,PINE,ST,NORTH
PINEHURST WAY,PINEHURST,WAY,NORTH
PINK ALY,PINK,ALY,NORTH
PINO ALY,PINO,ALY,NORTH
PINTO AVE,PINTO,AVE,NORTH
PIOCHE ST,PIOCHE,ST,NORTH
PIPER LOOP,PIPER,LOOP,NORTH
PIXLEY ST,PIXLEY,ST,NORTH
PIZARRO WAY,PIZARRO,WAY,NORTH
PLAZA ST,PLAZA,ST,NORTH
PLEASANT ST,PLEASANT,ST,NORTH
PLUM ST,PLUM,ST,NORTH
PLYMOUTH AVE,PLYMOUTH,AVE,NORTH
POINT LOBOS AVE,POINT LOBOS,AVE,NORTH
POLARIS WAY,POLARIS,WAY,NORTH
POLK ST,POLK,ST,NORTH
POLLARD PL,POLLARD,PL,NORTH
POLLOCK ST,POLLOCK,ST,NORTH
POMONA ST,POMONA,ST,NORTH
POND ST,POND,ST,NORTH
PONTIAC ST,PONTIAC,ST,NORTH
POPE CT,POPE,CT,NORTH
POPE RD,POPE,RD,NORTH
POPE ST,POPE,ST,NORTH
POPLAR ST,POPLAR,ST,NORTH
POPPY LN,POPPY,LN,NORTH
PORTAL DR,PORTAL,DR,NORTH
PORTAL PATH,PORTAL,PATH,NORTH
PORTER ST,PORTER,ST,NORTH
PORTOLA DR,PORTOLA,DR,NORTH
PORTOLA ST,PORTOLA,ST,NORTH
POST ST,POST,ST,NORTH
POTOMAC ST,POTOMAC,ST,NORTH
POTRERO AVE,POTRERO,AVE,NORTH
POWELL ST,POWELL,ST,NORTH
POWERS AVE,POWERS,AVE,NORTH
POWHATTAN AVE,POWHATTAN,AVE,NORTH
PRADO ST,PRADO,ST,NORTH
PRAGUE ST,PRAGUE,ST,NORTH
PRATT PL,PRATT,PL,NORTH
PRECITA AVE,PRECITA,AVE,NORTH
PRENTISS ST,PRENTISS,ST,NORTH
PRESCOTT CT,PRESCOTT,CT,NORTH
PRESIDIO AVE,PRESIDIO,AVE,NORTH
PRESIDIO BLVD,PRESIDIO,BLVD,NORTH
PRESIDIO TER,PRESIDIO,TER,NORTH
PRETOR WAY,PRETOR,WAY,NORTH
PRIEST ST,PRIEST,ST,NORTH
PRINCETON ST,PRINCETON,ST,NORTH
PROGRESS ST,PROGRESS,ST,NORTH
PROSPECT AVE,PROSPECT,AVE,NORTH
PROSPER ST,PROSPER,ST,NORTH
PUBLIC PARK,PUBLIC,PARK,NORTH
PUEBLO ST,PUEBLO,ST,NORTH
PULASKI AVE,PULASKI,AVE,NORTH
PUTNAM ST,PUTNAM,ST,NORTH
QUANE ST,QUANE,ST,NORTH
QUARRY RD,QUARRY,RD,NORTH
QUARTZ WAY,QUARTZ,WAY,NORTH
QUEBEC AVE,QUEBEC,AVE,NORTH
QUESADA AVE,QUESADA,AVE,NORTH
QUICKSTEP LN,QUICKSTEP,LN,NORTH
QUINCY ST,QUINCY,ST,NORTH
QUINT ST,QUINT,ST,NORTH
QUINTARA ST,QUINTARA,ST,NORTH
R ST,R,ST,NORTH
RACCOON DR,RACCOON,DR,NORTH
RACINE LN,RACINE,LN,NORTH
RADIO TER,RADIO,TER,NORTH
RAE AVE,RAE,AVE,NORTH
RALEIGH ST,RALEIGH,ST,NORTH
RALSTON AVE,RALSTON,AVE,NORTH
RALSTON ST,RALSTON,ST,NORTH
RAMONA AVE,RAMONA,AVE,NORTH
RAMSEL CT,RAMSEL,CT,NORTH
RAMSELL ST,RAMSELL,ST,NORTH
RANDALL ST,RANDALL,ST,NORTH
RANDOLPH ST,RANDOLPH,ST,NORTH
RANKIN ST,RANKIN,ST,NORTH
RAUSCH ST,RAUSCH,ST,NORTH
RAVENWOOD DR,RAVENWOOD,DR,NORTH
RAWLES ST,RAWLES,ST,NORTH
RAYBURN ST,RAYBURN,ST,NORTH
RAYCLIFF TER,RAYCLIFF,TER,NORTH
RAYMOND AVE,RAYMOND,AVE,NORTH
REARDON RD,REARDON,RD,NORTH
REBECCA LN,REBECCA,LN,NORTH
RECYCLE RD,RECYCLE,RD,NORTH
RECYCLING CENTER ACCESS RD,RECYCLING CENTER ACCESS,RD,NORTH
RED LEAF CT,RED LEAF,CT,NORTH
RED ROCK WAY,RED ROCK,WAY,NORTH
REDDY ST,REDDY,ST,NORTH
REDFIELD ALY,REDFIELD,ALY,NORTH
REDONDO ST,REDONDO,ST,NORTH
REDWOOD ST,REDWOOD,ST,NORTH
REED ST,REED,ST,NORTH
REEVES CT,REEVES,CT,NORTH
REGENT ST,REGENT,ST,NORTH
RENO PL,RENO,PL,NORTH
REPOSA WAY,REPOSA,WAY,NORTH
RESERVOIR ST,RESERVOIR,ST,NORTH
RESTANI STWY,RESTANI,STWY,NORTH
RESTANI WAY,RESTANI,WAY,NORTH
RETIRO WAY,RETIRO,WAY,NORTH
REUEL CT,REUEL,CT,NORTH
REVERE AVE,REVERE,AVE,NORTH
REX AVE,REX,AVE,NORTH
REY ST,REY,ST,NORTH
RHINE ST,RHINE,ST,NORTH
RHODE ISLAND ST,RHODE ISLAND,ST,NORTH
RICE ST,RICE,ST,NORTH
RICHARD HENRY DANA PL,RICHARD HENRY DANA,PL,NORTH
RICHARDS CIR,RICHARDS,CIR,NORTH
RICHARDSON AVE,RICHARDSON,AVE,NORTH
RICHLAND AVE,RICHLAND,AVE,NORTH
RICHTER AVE,RICHTER,AVE,NORTH
RICKARD ST,RICKARD,ST,NORTH
RICO WAY,RICO,WAY,NORTH
RIDGE CT,RIDGE,CT,NORTH
RIDGE LN,RIDGE,LN,NORTH
RIDGEWOOD AVE,RIDGEWOOD,AVE,NORTH
RILEY AVE,RILEY,AVE,NORTH
RINCON ST,RINCON,ST,NORTH
RINGOLD ST,RINGOLD,ST,NORTH
RIO CT,RIO,CT,NORTH
RIO VERDE ST,RIO VERDE,ST,NORTH
RIPLEY ST,RIPLEY,ST,NORTH
RITCH ST,RITCH,ST,NORTH
RIVAS AVE,RIVAS,AVE,NORTH
RIVERA ST,RIVERA,ST,NORTH
RIVERTON DR,RIVERTON,DR,NORTH
RIVOLI ST,RIVOLI,ST,NORTH
RIZAL ST,RIZAL,ST,NORTH
ROACH ST,ROACH,ST,NORTH
ROANOKE ST,ROANOKE,ST,NORTH
ROBBLEE AVE,ROBBLEE,AVE,NORTH
ROBERT C LEVY TUNL,ROBERT C LEVY,TUNL,NORTH
ROBERT KIRK LN,ROBERT KIRK,LN,NORTH
ROBINHOOD DR,ROBINHOOD,DR,NORTH
ROBINSON DR,ROBINSON,DR,NORTH
ROBINSON ST,ROBINSON,ST,NORTH
ROCK ALY,ROCK,ALY,NORTH
ROCKAWAY AVE,ROCKAWAY,AVE,NORTH
ROCKDALE DR,ROCKDALE,DR,NORTH
ROCKLAND ST,ROCKLAND,ST,NORTH
ROCKRIDGE DR,ROCKRIDGE,DR,NORTH
ROCKWOOD CT,ROCKWOOD,CT,NORTH
ROD RD,ROD,RD,NORTH
RODGERS ST,RODGERS,ST,NORTH
RODRIGUEZ ST,RODRIGUEZ,ST,NORTH
ROEMER WAY,ROEMER,WAY,NORTH
ROLPH ST,ROLPH,ST,NORTH
ROMAIN ST,ROMAIN,ST,NORTH
ROME ST,ROME,ST,NORTH
ROMOLO ST,ROMOLO,ST,NORTH
RONDEL PL,RONDEL,PL,NORTH
ROOSEVELT WAY,ROOSEVELT,WAY,NORTH
ROSA PARKS LN,ROSA PARKS,LN,NORTH
ROSCOE ST,ROSCOE,ST,NORTH
ROSE ST,ROSE,ST,NORTH
ROSELLA CT,ROSELLA,CT,NORTH
ROSELYN TER,ROSELYN,TER,NORTH
ROSEMARY CT,ROSEMARY,CT,NORTH
ROSEMONT PL,ROSEMONT,PL,NORTH
ROSENKRANZ ST,ROSENKRANZ,ST,NORTH
ROSEWOOD DR,ROSEWOOD,DR,NORTH
ROSIE LEE LN,ROSIE LEE,LN,NORTH
ROSS ALY,ROSS,ALY,NORTH
ROSSI AVE,ROSSI,AVE,NORTH
ROSSMOOR DR,ROSSMOOR,DR,NORTH
ROTTECK ST,ROTTECK,ST,NORTH
ROUSSEAU ST,ROUSSEAU,ST,NORTH
ROYAL LN,ROYAL,LN,NORTH
RUCKMAN AVE,RUCKMAN,AVE,NORTH
RUDDEN AVE,RUDDEN,AVE,NORTH
RUGER ST,RUGER,ST,NORTH
RUSS ST,RUSS,ST,NORTH
RUSSELL ST,RUSSELL,ST,NORTH
RUSSIA AVE,RUSSIA,AVE,NORTH
RUSSIAN HILL PL,RUSSIAN HILL,PL,NORTH
RUTH ST,RUTH,ST,NORTH
RUTLAND ST,RUTLAND,ST,NORTH
RUTLEDGE ST,RUTLEDGE,ST,NORTH
SABIN PL,SABIN,PL,NORTH
SACRAMENTO ST,SACRAMENTO,ST,NORTH
SADDLEBACK DR,SADDLEBACK,DR,NORTH
SADOWA ST,SADOWA,ST,NORTH
SAFIRA LN,SAFIRA,LN,NORTH
SAGAMORE ST,SAGAMORE,ST,NORTH
SAINT CHARLES AVE,SAINT CHARLES,AVE,NORTH
SAINT CROIX DR,SAINT CROIX,DR,NORTH
SAINT ELMO WAY,SAINT ELMO,WAY,NORTH
SAINT FRANCIS BLVD,SAINT FRANCIS,BLVD,NORTH
SAINT FRANCIS PL,SAINT FRANCIS,PL,NORTH
SAINT GEORGE ALY,SAINT GEORGE,ALY,NORTH
SAINT GERMAIN AVE,SAINT GERMAIN,AVE,NORTH
SAINT JOSEPHS AVE,SAINT JOSEPHS,AVE,NORTH
SAINT LOUIS ALY,SAINT LOUIS,ALY,NORTH
SAINT MARYS AVE,SAINT MARYS,AVE,NORTH
SAL ST,SAL,ST,NORTH
SALA TER,SALA,TER,NORTH
SALINAS AVE,SALINAS,AVE,NORTH
SALMON ST,SALMON,ST,NORTH
SAMOSET ST,SAMOSET,ST,NORTH
SAMPSON AVE,SAMPSON,AVE,NORTH
SAN ALESO AVE,SAN ALESO,AVE,NORTH
SAN ANDREAS WAY,SAN ANDREAS,WAY,NORTH
SAN ANSELMO AVE,SAN ANSELMO,AVE,NORTH
SAN ANTONIO PL,SAN ANTONIO,PL,NORTH
SAN BENITO WAY,SAN BENITO,WAY,NORTH
SAN BRUNO AVE,SAN BRUNO,AVE,NORTH
SAN BRUNO AV OFF RAMP,SAN BRUNO AV OFF,RAMP,NORTH
SAN BRUNO AV ON RAMP,SAN BRUNO AV ON,RAMP,NORTH
SAN BUENAVENTURA WAY,SAN BUENAVENTURA,WAY,NORTH
SAN CARLOS ST,SAN CARLOS,ST,NORTH
SAN DIEGO AVE,SAN DIEGO,AVE,NORTH
SAN FELIPE AVE,SAN FELIPE,AVE,NORTH
SAN FERNANDO WAY,SAN FERNANDO,WAY,NORTH
SAN GABRIEL AVE,SAN GABRIEL,AVE,NORTH
SAN JACINTO WAY,SAN JACINTO,WAY,NORTH
SAN JOSE AVE,SAN JOSE,AVE,NORTH
SAN JOSE AV OFF RAMP,SAN JOSE AV OFF,RAMP,NORTH
SAN JOSE AV ON RAMP,SAN JOSE AV ON,RAMP,NORTH
SAN JUAN AVE,SAN JUAN,AVE,NORTH
SAN LEANDRO WAY,SAN LEANDRO,WAY,NORTH
SAN LORENZO WAY,SAN LORENZO,WAY,NORTH
SAN LUIS AVE,SAN LUIS,AVE,NORTH
SAN MARCOS AVE,SAN MARCOS,AVE,NORTH
SAN MIGUEL ST,SAN MIGUEL,ST,NORTH
SAN PABLO AVE,SAN PABLO,AVE,NORTH
SAN RAFAEL WAY,SAN RAFAEL,WAY,NORTH
SAN RAMON WAY,SAN RAMON,WAY,NORTH
SANCHES ST,SANCHES,ST,NORTH
SANCHEZ ST,SANCHEZ,ST,NORTH
SANDPIPER COVE WAY,SANDPIPER COVE,WAY,NORTH
SANSOME ST,SANSOME,ST,NORTH
SANTA ANA AVE,SANTA ANA,AVE,NORTH
SANTA BARBARA AVE,SANTA BARBARA,AVE,NORTH
SANTA CLARA AVE,SANTA CLARA,AVE,NORTH
SANTA CRUZ AVE,SANTA CRUZ,AVE,NORTH
SANTA FE AVE,SANTA FE,AVE,NORTH
SANTA MARINA ST,SANTA MARINA,ST,NORTH
SANTA MONICA WAY,SANTA MONICA,WAY,NORTH
SANTA PAULA AVE,SANTA PAULA,AVE,NORTH
SANTA RITA AVE,SANTA RITA,AVE,NORTH
SANTA ROSA AVE,SANTA ROSA,AVE,NORTH
SANTA YNEZ AVE,SANTA YNEZ,AVE,NORTH
SANTA YSABEL AVE,SANTA YSABEL,AVE,NORTH
SANTIAGO ST,SANTIAGO,ST,NORTH
SANTOS ST,SANTOS,ST,NORTH
SARGENT ST,SARGENT,ST,NORTH
SAROYAN PL,SAROYAN,PL,NORTH
SATURN ST,SATURN,ST,NORTH
SAUL ST,SAUL,ST,NORTH
SAWYER ST,SAWYER,ST,NORTH
SCENIC WAY,SCENIC,WAY,NORTH
SCHOFIELD CT,SCHOFIELD,CT,NORTH
SCHOFIELD RD,SCHOFIELD,RD,NORTH
SCHOOL ALY,SCHOOL,ALY,NORTH
SCHWERIN ST,SCHWERIN,ST,NORTH
SCIENCE CIR,SCIENCE,CIR,NORTH
SCOTIA AVE,SCOTIA,AVE,NORTH
SCOTLAND ST,SCOTLAND,ST,NORTH
SCOTT ALY,SCOTT,ALY,NORTH
SCOTT ST,SCOTT,ST,NORTH
SEA VIEW TER,SEA VIEW,TER,NORTH
SEACLIFF AVE,SEACLIFF,AVE,NORTH
SEAL COVE TER,SEAL COVE,TER,NORTH
SEAL ROCK DR,SEAL ROCK,DR,NORTH
SEARS ST,SEARS,ST,NORTH
SEAWELL LN,SEAWELL,LN,NORTH
SECOND DR,SECOND,DR,NORTH
SECURITY PACIFIC PL,SECURITY PACIFIC,PL,NORTH
SELBY ST,SELBY,ST,NORTH
SELMA WAY,SELMA,WAY,NORTH
SEMINOLE AVE,SEMINOLE,AVE,NORTH
SENECA AVE,SENECA,AVE,NORTH
SEQUOIA WAY,SEQUOIA,WAY,NORTH
SERGEANT JOHN V YOUNG ST,SERGEANT JOHN V YOUNG,ST,NORTH
SERRANO DR,SERRANO,DR,NORTH
SERVICE ST,SERVICE,ST,NORTH
SEVERN ST,SEVERN,ST,NORTH
SEVILLE ST,SEVILLE,ST,NORTH
SEWARD ST,SEWARD,ST,NORTH
SEYMOUR ST,SEYMOUR,ST,NORTH
SFGH ACCESS,SFGH ACCESS,ST,NORTH
SHAFTER AVE,SHAFTER,AVE,NORTH
SHAFTER CT,SHAFTER,CT,NORTH
SHAFTER RD,SHAFTER,RD,NORTH
SHAKESPEARE ST,SHAKESPEARE,ST,NORTH
SHANNON ST,SHANNON,ST,NORTH
SHARON ST,SHARON,ST,NORTH
SHARP PL,SHARP,PL,NORTH
SHAW ALY,SHAW,ALY,NORTH
SHAWNEE AVE,SHAWNEE,AVE,NORTH
SHELDON TER,SHELDON,TER,NORTH
SHEPHARD PL,SHEPHARD,PL,NORTH
SHERIDAN AVE,SHERIDAN,AVE,NORTH
SHERIDAN ST,SHERIDAN,ST,NORTH
SHERMAN RD,SHERMAN,RD,NORTH
SHERMAN ST,SHERMAN,ST,NORTH
SHERWOOD CT,SHERWOOD,CT,NORTH
SHIELDS ST,SHIELDS,ST,NORTH
SHIP ST,SHIP,ST,NORTH
SHIPLEY ST,SHIPLEY,ST,NORTH
SHORE VIEW AVE,SHORE VIEW,AVE,NORTH
SHORT ST,SHORT,ST,NORTH
SHOTWELL ST,SHOTWELL,ST,NORTH
SHOUP AVE,SHOUP,AVE,NORTH
SHRADER ST,SHRADER,ST,NORTH
SIBERT LN,SIBERT,LN,NORTH
SIBERT LOOP,SIBERT,LOOP,NORTH
SIBLEY RD,SIBLEY,RD,NORTH
SICKLES AVE,SICKLES,AVE,NORTH
SIERRA ST,SIERRA,ST,NORTH
SIGNAL RD,SIGNAL,RD,NORTH
SILLIMAN ST,SILLIMAN,ST,NORTH
SILVER AVE,SILVER,AVE,NORTH
SILVERVIEW DR,SILVERVIEW,DR,NORTH
SIMONDS LOOP,SIMONDS,LOOP,NORTH
INDIES PL,INDIES,PL,NORTH
SKYLINE BLVD,SKYLINE,BLVD,NORTH
SKYVIEW WAY,SKYVIEW,WAY,NORTH
SLOAT BLVD,SLOAT,BLVD,NORTH
SMITH LN,SMITH,LN,NORTH
SOLA AVE,SOLA,AVE,NORTH
SOMERSET ST,SOMERSET,ST,NORTH
SONOMA ST,SONOMA,ST,NORTH
SOTELO AVE,SOTELO,AVE,NORTH
SOULE LN,SOULE,LN,NORTH
SOUTH DR,SOUTH,DR,NORTH
DUNLIN LN,DUNLIN,LN,NORTH
SOUTH GATE RD,SOUTH GATE,RD,NORTH
SOUTH HILL BLVD,SOUTH HILL,BLVD,NORTH
SOUTH HUGHES LN,SOUTH HUGHES,LN,NORTH
SOUTH PARK,SOUTH PARK,ST,NORTH
SOUTH VAN HORN LN,SOUTH VAN HORN,LN,NORTH
SOUTH VAN NESS AVE,SOUTH VAN NESS,AVE,NORTH
SOUTHARD PL,SOUTHARD,PL,NORTH
SOUTHERN HEIGHTS AVE,SOUTHERN HEIGHTS,AVE,NORTH
SOUTHWOOD DR,SOUTHWOOD,DR,NORTH
SPARROW ST,SPARROW,ST,NORTH
SPARTA ST,SPARTA,ST,NORTH
SPEAR AVE,SPEAR,AVE,NORTH
SPEAR ST,SPEAR,ST,NORTH
SPENCER ST,SPENCER,ST,NORTH
SPOFFORD ST,SPOFFORD,ST,NORTH
SPRECKELS LAKE DR,SPRECKELS LAKE,DR,NORTH
SPRING ST,SPRING,ST,NORTH
SPRINGFIELD DR,SPRINGFIELD,DR,NORTH
SPROULE LN,SPROULE,LN,NORTH
SPRUCE ST,SPRUCE,ST,NORTH
STANDISH AVE,STANDISH,AVE,NORTH
STANFORD ST,STANFORD,ST,NORTH
STANFORD HEIGHTS AVE,STANFORD HEIGHTS,AVE,NORTH
STANLEY ST,STANLEY,ST,NORTH
STANTON ST,STANTON,ST,NORTH
STANYAN BLVD,STANYAN,BLVD,NORTH
STANYAN ST,STANYAN,ST,NORTH
STAPLES AVE,STAPLES,AVE,NORTH
ZOE DELL LN,ZOE DELL,LN,NORTH
STARK ST,STARK,ST,NORTH
STARR KING WAY,STARR KING,WAY,NORTH
STARVIEW WAY,STARVIEW,WAY,NORTH
STATE DR,STATE,DR,NORTH
STATES ST,STATES,ST,NORTH
STEINER ST,STEINER,ST,NORTH
STERLING ST,STERLING,ST,NORTH
STERN GROVE CT,STERN GROVE,CT,NORTH
STERNBERG RD,STERNBERG,RD,NORTH
STEUART ST,STEUART,ST,NORTH
STEUBEN ST,STEUBEN,ST,NORTH
STEVELOE PL,STEVELOE,PL,NORTH
STEVENSON ST,STEVENSON,ST,NORTH
STILL ST,STILL,ST,NORTH
STILLINGS AVE,STILLINGS,AVE,NORTH
STILLMAN ST,STILLMAN,ST,NORTH
STILWELL RD,STILWELL,RD,NORTH
STOCKTON ST,STOCKTON,ST,NORTH
STOCKTON TUNL,STOCKTON,TUNL,NORTH
STONE ST,STONE,ST,NORTH
STONECREST DR,STONECREST,DR,NORTH
STONEMAN ST,STONEMAN,ST,NORTH
STONERIDGE LN,STONERIDGE,LN,NORTH
STONEYBROOK AVE,STONEYBROOK,AVE,NORTH
STONEYFORD AVE,STONEYFORD,AVE,NORTH
STOREY AVE,STOREY,AVE,NORTH
STORRIE ST,STORRIE,ST,NORTH
STOW LAKE DR,STOW LAKE,DR,NORTH
STRATFORD DR,STRATFORD,DR,NORTH
STRIPED BASS ST,STRIPED BASS,ST,NORTH
STURGEON ST,STURGEON,ST,NORTH
SUMMIT ST,SUMMIT,ST,NORTH
SUMMIT WAY,SUMMIT,WAY,NORTH
SUMNER AVE,SUMNER,AVE,NORTH
SUMNER ST,SUMNER,ST,NORTH
SUNBEAM LN,SUNBEAM,LN,NORTH
SUNGLOW LN,SUNGLOW,LN,NORTH
SUNNYDALE AVE,SUNNYDALE,AVE,NORTH
SUNNYSIDE TER,SUNNYSIDE,TER,NORTH
SUNRISE WAY,SUNRISE,WAY,NORTH
SUNSET BLVD,SUNSET,BLVD,NORTH
SUNSET BLVD OFF RAMP,SUNSET BLVD OFF,RAMP,NORTH
SUNSET BLVD ON RAMP,SUNSET BLVD ON,RAMP,NORTH
SUNVIEW DR,SUNVIEW,DR,NORTH
SURREY ST,SURREY,ST,NORTH
SUSSEX ST,SUSSEX,ST,NORTH
SUTRO HEIGHTS AVE,SUTRO HEIGHTS,AVE,NORTH
SUTTER ST,SUTTER,ST,NORTH
SWEENY ST,SWEENY,ST,NORTH
SWISS AVE,SWISS,AVE,NORTH
SYCAMORE ST,SYCAMORE,ST,NORTH
SYDNEY WAY,SYDNEY,WAY,NORTH
SYLVAN DR,SYLVAN,DR,NORTH
TABER PL,TABER,PL,NORTH
TACOMA ST,TACOMA,ST,NORTH
GOLDEN BELL WAY,GOLDEN BELL,WAY,NORTH
TALBERT ST,TALBERT,ST,NORTH
TAMALPAIS TER,TAMALPAIS,TER,NORTH
TAMPA LN,TAMPA,LN,NORTH
TANDANG SORA,TANDANG SORA,ST,NORTH
TAPIA DR,TAPIA,DR,NORTH
TARA ST,TARA,ST,NORTH
TARAVAL ST,TARAVAL,ST,NORTH
TAYLOR RD,TAYLOR,RD,NORTH
TAYLOR ST,TAYLOR,ST,NORTH
TEDDY AVE,TEDDY,AVE,NORTH
TEHAMA ST,TEHAMA,ST,NORTH
TELEGRAPH PL,TELEGRAPH,PL,NORTH
TELEGRAPH HILL BLVD,TELEGRAPH HILL,BLVD,NORTH
TEMESCAL TER,TEMESCAL,TER,NORTH
TEMPLE ST,TEMPLE,ST,NORTH
TENNESSEE ST,TENNESSEE,ST,NORTH
TENNY PL,TENNY,PL,NORTH
TERESITA BLVD,TERESITA,BLVD,NORTH
TERRA VISTA AVE,TERRA VISTA,AVE,NORTH
TERRACE DR,TERRACE,DR,NORTH
TERRACE WALK,TERRACE,WALK,NORTH
TERRY A FRANCOIS BLVD,TERRY A FRANCOIS,BLVD,NORTH
TEVIS ST,TEVIS,ST,NORTH
TEXAS ST,TEXAS,ST,NORTH
THE EMBARCADERO,THE EMBARCADERO,ST,NORTH
THERESA ST,THERESA,ST,NORTH
THOMAS AVE,THOMAS,AVE,NORTH
THOMAS CT,THOMAS,CT,NORTH
THOMAS MELLON CIR,THOMAS MELLON,CIR,NORTH
THOMAS MELLON DR,THOMAS MELLON,DR,NORTH
THOMAS MORE WAY,THOMAS MORE,WAY,NORTH
THOR AVE,THOR,AVE,NORTH
THORNBURG RD,THORNBURG,RD,NORTH
THORNE WAY,THORNE,WAY,NORTH
THORNTON AVE,THORNTON,AVE,NORTH
THORP LN,THORP,LN,NORTH
THRIFT ST,THRIFT,ST,NORTH
TIFFANY AVE,TIFFANY,AVE,NORTH
TILLMAN PL,TILLMAN,PL,NORTH
TIMOTHY PFLUEGER PL,TIMOTHY PFLUEGER,PL,NORTH
TINGLEY ST,TINGLEY,ST,NORTH
TIOGA AVE,TIOGA,AVE,NORTH
TOCOLOMA AVE,TOCOLOMA,AVE,NORTH
TODD ST,TODD,ST,NORTH
TOLAND ST,TOLAND,ST,NORTH
TOLEDO WAY,TOLEDO,WAY,NORTH
TOLL PLAZA TUNNEL,TOLL PLAZA TUNNEL,ST,NORTH
TOMASO CT,TOMASO,CT,NORTH
TOMPKINS AVE,TOMPKINS,AVE,NORTH
TONQUIN ST,TONQUIN,ST,NORTH
TOPAZ WAY,TOPAZ,WAY,NORTH
TOPEKA AVE,TOPEKA,AVE,NORTH
TORNEY AVE,TORNEY,AVE,NORTH
TORRENS CT,TORRENS,CT,NORTH
TOUCHARD ST,TOUCHARD,ST,NORTH
TOWERSIDE AVE,TOWERSIDE,AVE,NORTH
TOWNSEND ST,TOWNSEND,ST,NORTH
TOYON LN,TOYON,LN,NORTH
TRADER VIC ALY,TRADER VIC,ALY,NORTH
TRAINOR ST,TRAINOR,ST,NORTH
TRANSBAY HUMP,TRANSBAY HUMP,ST,NORTH
TRANSBAY LOOP,TRANSBAY LOOP,ST,NORTH
TRANSVERSE DR,TRANSVERSE,DR,NORTH
TREASURE ISLAND RD,TREASURE ISLAND,RD,NORTH
TREASURY PL,TREASURY,PL,NORTH
TREAT AVE,TREAT,AVE,NORTH
TREAT LN,TREAT,LN,NORTH
TREAT WAY,TREAT,WAY,NORTH
TRENTON ST,TRENTON,ST,NORTH
TRINITY ST,TRINITY,ST,NORTH
TROY ALY,TROY,ALY,NORTH
TRUBY ST,TRUBY,ST,NORTH
TRUETT ST,TRUETT,ST,NORTH
TRUMBULL ST,TRUMBULL,ST,NORTH
TUBBS ST,TUBBS,ST,NORTH
TUCKER AVE,TUCKER,AVE,NORTH
TULANE ST,TULANE,ST,NORTH
TULARE ST,TULARE,ST,NORTH
TULIP ALY,TULIP,ALY,NORTH
TUNNEL AVE,TUNNEL,AVE,NORTH
TURK BLVD,TURK,BLVD,NORTH
TURK ST,TURK,ST,NORTH
TURK MURPHY LN,TURK MURPHY,LN,NORTH
TURNER TER,TURNER,TER,NORTH
TURQUOISE WAY,TURQUOISE,WAY,NORTH
TUSCANY ALY,TUSCANY,ALY,NORTH
TWIN PEAKS BLVD,TWIN PEAKS,BLVD,NORTH
ULLOA ST,ULLOA,ST,NORTH
UNDERWOOD AVE,UNDERWOOD,AVE,NORTH
UNION ST,UNION,ST,NORTH
UNITED NATIONS PLZ,UNITED NATIONS,PLZ,NORTH
UNIVERSITY ST,UNIVERSITY,ST,NORTH
UNNAMED 009,UNNAMED 009,ST,NORTH
UNNAMED 010,UNNAMED 010,ST,NORTH
UNNAMED 011,UNNAMED 011,ST,NORTH
UNNAMED 012,UNNAMED 012,ST,NORTH
UNNAMED 014,UNNAMED 014,ST,NORTH
UNNAMED 017,UNNAMED 017,ST,NORTH
UNNAMED 018,UNNAMED 018,ST,NORTH
UNNAMED 021,UNNAMED 021,ST,NORTH
UNNAMED 024,UNNAMED 024,ST,NORTH
UNNAMED 025,UNNAMED 025,ST,NORTH
UNNAMED 026,UNNAMED 026,ST,NORTH
UNNAMED 027,UNNAMED 027,ST,NORTH
UNNAMED 030,UNNAMED 030,ST,NORTH
UNNAMED 031,UNNAMED 031,ST,NORTH
UNNAMED 032,UNNAMED 032,ST,NORTH
UNNAMED 033,UNNAMED 033,ST,NORTH
UNNAMED 034,UNNAMED 034,ST,NORTH
UNNAMED 035,UNNAMED 035,ST,NORTH
UNNAMED 036,UNNAMED 036,ST,NORTH
UNNAMED 037,UNNAMED 037,ST,NORTH
UNNAMED 038,UNNAMED 038,ST,NORTH
UNNAMED 039,UNNAMED 039,ST,NORTH
UNNAMED 040,UNNAMED 040,ST,NORTH
UNNAMED 041,UNNAMED 041,ST,NORTH
UNNAMED 042,UNNAMED 042,ST,NORTH
UNNAMED 043,UNNAMED 043,ST,NORTH
UNNAMED 044,UNNAMED 044,ST,NORTH
UNNAMED 051,UNNAMED 051,ST,NORTH
UNNAMED 052,UNNAMED 052,ST,NORTH
UNNAMED 053,UNNAMED 053,ST,NORTH
UNNAMED 064,UNNAMED 064,ST,NORTH
UNNAMED 065,UNNAMED 065,ST,NORTH
UNNAMED 068,UNNAMED 068,ST,NORTH
UNNAMED 069,UNNAMED 069,ST,NORTH
UNNAMED 070,UNNAMED 070,ST,NORTH
UNNAMED 071,UNNAMED 071,ST,NORTH
UNNAMED 075,UNNAMED 075,ST,NORTH
UNNAMED 077,UNNAMED 077,ST,NORTH
UNNAMED 078,UNNAMED 078,ST,NORTH
UNNAMED 080,UNNAMED 080,ST,NORTH
UNNAMED 083,UNNAMED 083,ST,NORTH
UNNAMED 084,UNNAMED 084,ST,NORTH
UNNAMED 087,UNNAMED 087,ST,NORTH
UNNAMED 088,UNNAMED 088,ST,NORTH
UNNAMED 090,UNNAMED 090,ST,NORTH
UNNAMED 095,UNNAMED 095,ST,NORTH
UNNAMED 096,UNNAMED 096,ST,NORTH
UNNAMED 097,UNNAMED 097,ST,NORTH
UNNAMED 098,UNNAMED 098,ST,NORTH
UNNAMED 099,UNNAMED 099,ST,NORTH
UNNAMED 100,UNNAMED 100,ST,NORTH
UNNAMED 101,UNNAMED 101,ST,NORTH
UNNAMED 105,UNNAMED 105,ST,NORTH
UNNAMED 106,UNNAMED 106,ST,NORTH
UNNAMED 107,UNNAMED 107,ST,NORTH
UNNAMED 108,UNNAMED 108,ST,NORTH
UNNAMED 112,UNNAMED 112,ST,NORTH
UNNAMED 113,UNNAMED 113,ST,NORTH
UNNAMED 115,UNNAMED 115,ST,NORTH
UNNAMED 117,UNNAMED 117,ST,NORTH
UNNAMED 119,UNNAMED 119,ST,NORTH
UNNAMED 120,UNNAMED 120,ST,NORTH
UNNAMED 124,UNNAMED 124,ST,NORTH
UNNAMED 128,UNNAMED 128,ST,NORTH
UNNAMED 129,UNNAMED 129,ST,NORTH
UNNAMED 139,UNNAMED 139,ST,NORTH
UNNAMED 142,UNNAMED 142,ST,NORTH
UNNAMED 144,UNNAMED 144,ST,NORTH
UNNAMED 145,UNNAMED 145,ST,NORTH
UNNAMED 146,UNNAMED 146,ST,NORTH
UNNAMED 148,UNNAMED 148,ST,NORTH
UNNAMED 150,UNNAMED 150,ST,NORTH
UNNAMED 151,UNNAMED 151,ST,NORTH
UNNAMED 152,UNNAMED 152,ST,NORTH
UNNAMED 153,UNNAMED 153,ST,NORTH
UNNAMED 161,UNNAMED 161,ST,NORTH
UNNAMED 163,UNNAMED 163,ST,NORTH
UNNAMED 165,UNNAMED 165,ST,NORTH
UNNAMED 185,UNNAMED 185,ST,NORTH
UNNAMED 186,UNNAMED 186,ST,NORTH
UNNAMED 187,UNNAMED 187,ST,NORTH
UNNAMED 188,UNNAMED 188,ST,NORTH
UNNAMED 2,UNNAMED 2,ST,NORTH
UPLAND DR,UPLAND,DR,NORTH
UPPER TER,UPPER,TER,NORTH
UPPER SERVICE RD,UPPER SERVICE,RD,NORTH
UPTON AVE,UPTON,AVE,NORTH
UPTON ST,UPTON,ST,NORTH
URANUS TER,URANUS,TER,NORTH
URBANO DR,URBANO,DR,NORTH
UTAH ST,UTAH,ST,NORTH
VALDEZ AVE,VALDEZ,AVE,NORTH
VALE AVE,VALE,AVE,NORTH
VALENCIA ST,VALENCIA,ST,NORTH
VALERTON CT,VALERTON,CT,NORTH
VALLEJO ST,VALLEJO,ST,NORTH
VALLETTA CT,VALLETTA,CT,NORTH
VALLEY ST,VALLEY,ST,NORTH
VALMAR TER,VALMAR,TER,NORTH
VALPARAISO ST,VALPARAISO,ST,NORTH
VAN BUREN ST,VAN BUREN,ST,NORTH
VAN DYKE AVE,VAN DYKE,AVE,NORTH
VAN KEUREN AVE,VAN KEUREN,AVE,NORTH
VAN NESS AVE,VAN NESS,AVE,NORTH
VANDEWATER ST,VANDEWATER,ST,NORTH
CRAVATH ST,CRAVATH,ST,NORTH
VARELA AVE,VARELA,AVE,NORTH
VARENNES ST,VARENNES,ST,NORTH
VARNEY PL,VARNEY,PL,NORTH
VASQUEZ AVE,VASQUEZ,AVE,NORTH
VASSAR PL,VASSAR,PL,NORTH
VEGA ST,VEGA,ST,NORTH
VELASCO AVE,VELASCO,AVE,NORTH
VENARD ALY,VENARD,ALY,NORTH
VENTURA AVE,VENTURA,AVE,NORTH
VENUS ST,VENUS,ST,NORTH
VER MEHR PL,VER MEHR,PL,NORTH
VERDI PL,VERDI,PL,NORTH
VERDUN WAY,VERDUN,WAY,NORTH
VERMONT ST,VERMONT,ST,NORTH
VERNA ST,VERNA,ST,NORTH
VERNON ST,VERNON,ST,NORTH
VESTA ST,VESTA,ST,NORTH
VETERANS DR,VETERANS,DR,NORTH
VIA BUFANO,VIA BUFANO,ST,NORTH
VIA FERLINGHETTI,VIA FERLINGHETTI,ST,NORTH
VICENTE ST,VICENTE,ST,NORTH
VICKSBURG ST,VICKSBURG,ST,NORTH
VICTORIA ST,VICTORIA,ST,NORTH
VIDAL DR,VIDAL,DR,NORTH
VIENNA ST,VIENNA,ST,NORTH
VILLA TER,VILLA,TER,NORTH
VINE TER,VINE,TER,NORTH
VINTON CT,VINTON,CT,NORTH
VIRGIL ST,VIRGIL,ST,NORTH
VIRGINIA AVE,VIRGINIA,AVE,NORTH
VISITACION AVE,VISITACION,AVE,NORTH
VISTA CT,VISTA,CT,NORTH
VISTA LN,VISTA,LN,NORTH
VISTA VERDE CT,VISTA VERDE,CT,NORTH
VISTA VIEW CT,VISTA VIEW,CT,NORTH
VON SCHMIDT ST,VON SCHMIDT,ST,NORTH
VULCAN STWY,VULCAN,STWY,NORTH
WABASH TER,WABASH,TER,NORTH
WAGNER ALY,WAGNER,ALY,NORTH
WAITHMAN WAY,WAITHMAN,WAY,NORTH
WALBRIDGE ST,WALBRIDGE,ST,NORTH
WALDO ALY,WALDO,ALY,NORTH
WALKER CT,WALKER,CT,NORTH
WALKWAY,WALKWAY,ST,NORTH
WALL PL,WALL,PL,NORTH
WALLACE AVE,WALLACE,AVE,NORTH
WALLEN ST,WALLEN,ST,NORTH
WALLER ST,WALLER,ST,NORTH
WALNUT ST,WALNUT,ST,NORTH
WALTER ST,WALTER,ST,NORTH
WALTER U LUM PL,WALTER U LUM,PL,NORTH
WALTHAM ST,WALTHAM,ST,NORTH
WANDA ST,WANDA,ST,NORTH
WARD ST,WARD,ST,NORTH
WARE ST,WARE,ST,NORTH
WARNER PL,WARNER,PL,NORTH
WARREN DR,WARREN,DR,NORTH
WASHBURN ST,WASHBURN,ST,NORTH
WASHINGTON BLVD,WASHINGTON,BLVD,NORTH
WASHINGTON ST,WASHINGTON,ST,NORTH
WATCHMAN WAY,WATCHMAN,WAY,NORTH
WATER ST,WATER,ST,NORTH
WATERLOO ST,WATERLOO,ST,NORTH
WATERVILLE ST,WATERVILLE,ST,NORTH
WATT AVE,WATT,AVE,NORTH
WATTSON PL,WATTSON,PL,NORTH
WAVERLY PL,WAVERLY,PL,NORTH
WAWONA ST,WAWONA,ST,NORTH
WAYLAND ST,WAYLAND,ST,NORTH
WAYNE PL,WAYNE,PL,NORTH
WEBB PL,WEBB,PL,NORTH
WEBSTER ST,WEBSTER,ST,NORTH
WEDEMEYER ST,WEDEMEYER,ST,NORTH
WELDON ST,WELDON,ST,NORTH
WELSH ST,WELSH,ST,NORTH
WENTWORTH PL,WENTWORTH,PL,NORTH
WEST RD,WEST,RD,NORTH
WEST BROADWAY,WEST BROADWAY,ST,NORTH
WEST CLAY ST,WEST CLAY,ST,NORTH
WEST CRYSTAL COVE TER,WEST CRYSTAL COVE,TER,NORTH
WEST HALLECK ST,WEST HALLECK,ST,NORTH
WEST PACIFIC AVE,WEST PACIFIC,AVE,NORTH
WEST POINT RD,WEST POINT,RD,NORTH
WEST PORTAL AVE,WEST PORTAL,AVE,NORTH
WEST VIEW AVE,WEST VIEW,AVE,NORTH
WESTBROOK CT,WESTBROOK,CT,NORTH
WESTERN SHORE LN,WESTERN SHORE,LN,NORTH
WESTGATE DR,WESTGATE,DR,NORTH
WESTMOORLAND DR,WESTMOORLAND,DR,NORTH
WESTON CT,WESTON,CT,NORTH
WESTSIDE DR,WESTSIDE,DR,NORTH
WESTWOOD DR,WESTWOOD,DR,NORTH
WETMORE ST,WETMORE,ST,NORTH
WHEAT ST,WHEAT,ST,NORTH
WHEELER AVE,WHEELER,AVE,NORTH
WHIPPLE AVE,WHIPPLE,AVE,NORTH
WHITE ST,WHITE,ST,NORTH
WHITECLIFF WAY,WHITECLIFF,WAY,NORTH
WHITFIELD CT,WHITFIELD,CT,NORTH
WHITING ST,WHITING,ST,NORTH
WHITING WAY,WHITING,WAY,NORTH
WHITNEY ST,WHITNEY,ST,NORTH
WHITNEY YOUNG CIR,WHITNEY YOUNG,CIR,NORTH
WHITTIER ST,WHITTIER,ST,NORTH
WIESE ST,WIESE,ST,NORTH
WILDE AVE,WILDE,AVE,NORTH
WILDER ST,WILDER,ST,NORTH
WILDWOOD WAY,WILDWOOD,WAY,NORTH
WILLARD ST,WILLARD,ST,NORTH
WILLIAMS AVE,WILLIAMS,AVE,NORTH
WILLIAR AVE,WILLIAR,AVE,NORTH
WILLIE B KENNEDY DR,WILLIE B KENNEDY,DR,NORTH
WILLOW ST,WILLOW,ST,NORTH
WILLS ST,WILLS,ST,NORTH
WILMOT ST,WILMOT,ST,NORTH
WILSON ST,WILSON,ST,NORTH
WINDING WAY,WINDING,WAY,NORTH
WINDSOR PL,WINDSOR,PL,NORTH
WINFIELD ST,WINFIELD,ST,NORTH
WINN WAY,WINN,WAY,NORTH
WINSTON DR,WINSTON,DR,NORTH
WINTER PL,WINTER,PL,NORTH
WINTHROP ST,WINTHROP,ST,NORTH
WISCONSIN ST,WISCONSIN,ST,NORTH
WISSER CT,WISSER,CT,NORTH
WOOD ST,WOOD,ST,NORTH
WOODACRE DR,WOODACRE,DR,NORTH
WOODHAVEN CT,WOODHAVEN,CT,NORTH
WOODLAND AVE,WOODLAND,AVE,NORTH
WOODSIDE AVE,WOODSIDE,AVE,NORTH
WOODWARD ST,WOODWARD,ST,NORTH
WOOL CT,WOOL,CT,NORTH
WOOL ST,WOOL,ST,NORTH
WOOLSEY ST,WOOLSEY,ST,NORTH
WORCESTER AVE,WORCESTER,AVE,NORTH
WORDEN ST,WORDEN,ST,NORTH
WORTH ST,WORTH,ST,NORTH
WRIGHT CT,WRIGHT,CT,NORTH
WRIGHT LOOP,WRIGHT,LOOP,NORTH
WRIGHT ST,WRIGHT,ST,NORTH
WYMAN AVE,WYMAN,AVE,NORTH
WYTON LN,WYTON,LN,NORTH
YACHT RD,YACHT,RD,NORTH
YALE ST,YALE,ST,NORTH
YELLOW CAB ACCESS ROAD,YELLOW CAB ACCESS ROAD,ST,NORTH
YERBA BUENA AVE,YERBA BUENA,AVE,NORTH
YERBA BUENA DR,YERBA BUENA,DR,NORTH
YERBA BUENA LN,YERBA BUENA,LN,NORTH
YERBA BUENA RD,YERBA BUENA,RD,NORTH
YORBA ST,YORBA,ST,NORTH
YORK ST,YORK,ST,NORTH
YOSEMITE AVE,YOSEMITE,AVE,NORTH
YOUNG CT,YOUNG,CT,NORTH
YOUNG ST,YOUNG,ST,NORTH
YUKON ST,YUKON,ST,NORTH
ZAMPA LN,ZAMPA,LN,NORTH
ZANOWITZ AVE,ZANOWITZ,AVE,NORTH
AVOCET WAY,AVOCET,WAY,NORTH
ZENO PL,ZENO,PL,NORTH
ZIRCON PL,ZIRCON,PL,NORTH
ZOE ST,ZOE,ST,NORTH
ZOO RD,ZOO,RD,NORTH
DR TOM WADDELL PL,DR TOM WADDELL,PL,NORTH
AL SCOMA WAY,AL SCOMA,WAY,NORTH
UNNAMED 190,UNNAMED 190,ST,NORTH
UNNAMED 193,UNNAMED 193,ST,NORTH
UNNAMED 192,UNNAMED 192,ST,NORTH
PALACE DR,PALACE,DR,NORTH
MARTIN AVE,MARTIN,AVE,NORTH
MISSION BAY BLVD SOUTH,MISSION BAY,BLVD,SOUTH
BUENA VISTA AVE EAST,BUENA VISTA,AVE,EAST
CONSERVATORY DR EAST,CONSERVATORY,DR,EAST
BURNETT AVE NORTH,BURNETT,AVE,NORTH
LAKE MERCED HILL ST NORTH,LAKE MERCED HILL,ST,NORTH
BUENA VISTA AVE WEST,BUENA VISTA,AVE,WEST
WILLARD ST NORTH,WILLARD,ST,NORTH
FIRST DR EAST,FIRST,DR,EAST
LAKE MERCED HILL ST SOUTH,LAKE MERCED HILL,ST,SOUTH
MISSION BAY BLVD NORTH,MISSION BAY,BLVD,NORTH
25TH AVE NORTH,25TH,AVE,NORTH
CONSERVATORY DR WEST,CONSERVATORY,DR,WEST
FIRST DR WEST,FIRST,DR,WEST
ZANOWITZ ST,ZANOWITZ,ST,NORTH
AVENUE G,AVENUE G,ST,NORTH
ODD FELLOWS WAY,ODD FELLOWS,WAY,NORTH
JOHNSON ST,JOHNSON,ST,NORTH
MACKY LN,MACKY,LN,NORTH
FRIDA KAHLO WAY,FRIDA KAHLO,WAY,NORTH
WARRIORS WAY,WARRIORS,WAY,NORTH
SANDPIPER LN,SANDPIPER,LN,NORTH
PALM LN,PALM,LN,NORTH
WHIPPLE ST,WHIPPLE,ST,NORTH
FIFTH ST,FIFTH,ST,NORTH
CORRINE WOODS WAY,CORRINE WOODS,WAY,NORTH
EARL GAGE JR ST,EARL GAGE JR,ST,NORTH
MISSION CREEK,MISSION CREEK,ST,NORTH
CLIPPER COVE AVE,CLIPPER COVE,AVE,NORTH
GENE FRIEND WAY,GENE FRIEND,WAY,NORTH
MILTON I ROSS ST,MILTON I ROSS,ST,NORTH
ACACIA AVE,ACACIA,AVE,NORTH
PIERPOINT LN,PIERPOINT,LN,NORTH
WREN LN,WREN,LN,NORTH
TRADE WINDS AVE,TRADE WINDS,AVE,NORTH
WATERFRONT ST,WATERFRONT,ST,NORTH
VARA ST,VARA,ST,NORTH
UNNAMED ST,UNNAMED,ST,NORTH
SOTOMAYOR ST,SOTOMAYOR,ST,NORTH
SEVEN SEAS AVE,SEVEN SEAS,AVE,NORTH
PEACEMAKERS ST,PEACEMAKERS,ST,NORTH
UNNAMED 191,UNNAMED 191,ST,NORTH
PACIFICA ST,PACIFICA,ST,NORTH
SIESTA WAY,SIESTA,WAY,NORTH
KENNEDY PL,KENNEDY,PL,NORTH
MALOSI ST,MALOSI,ST,NORTH
INNES CT,INNES,CT,NORTH
GARDEN WALK,GARDEN,WALK,NORTH
LETTUCE LN,LETTUCE,LN,NORTH
PASSIFLORA WAY,PASSIFLORA,WAY,NORTH
PORTWAY PSGE,PORTWAY,PSGE,NORTH
