512.fullstreetname,02ND TI ST,CHILTON AVE
180.fullstreetname,03RD ST,ARGENT ALY
241.postdirection,ONRTH,NORTH
479.streettype,TS,ST
1995.streetname,RIO cVERDE,RIO VERDE
1744.fullstreetname,NORWICHST,NORWICH ST
453.fullstreetname,03RD TI ST,CARNELIAN WAY
318.fullstreetname,ARDATH CT,BEVERLY ST
1664.fullstreetname,MORELL ST,MORRELL ST
1919.postdirection,ORTH,NORTH
1313.streettype,WYA,WAY
144.fullstreetname,07TH AVE,AMBER DR
210.fullstreetname,21ST AVE,AVENUE B
236.fullstreetname,04TH ST,BALHI CT
1482.streetname,MAARTHUR,MACARTHUR
689.fullstreetname,06TH AVE,DEL MONTE ST
356.fullstreetname,12TH AVE,BOYD ST
458.fullstreetname,02ND ST,CARRIZAL ST
697.fullstreetname,02ND AVE,DELMAR ST
529.fullstreetname,08TH ST,CLARENDON AVE
526.fullstreetname,07TH AVE,CLARA ST
613.fullstreetname,03RD ST,COTTER ST
2548.postdirection,kNORTH,NORTH
327.fullstreetname,02ND AVE,BLACK PL
656.fullstreetname,03RD AVE,CYRIL MAGNIN ST
635.fullstreetname,03RD TI ST,CRISP RD
965.streetname,ATEVIEW,GATEVIEW
350.fullstreetname,06TH AVE,BOUTWELL ST
159.fullstreetname,04TH ST,ANTHONY ST
440.fullstreetname,02ND TI ST,CANDLESTICK COVE WAY
1782.streetname,REILLY,OREILLY
808.streetname,EMzMA,EMMA
710.postdirection,oNORTH,NORTH
1150.streetname,HOLYzOKE,HOLYOKE
170.postdirection,ORTH,NORTH
1345.fullstreetname,LA BIC AWAY,LA BICA WAY
314.fullstreetname,03RD AVE,BERTITA ST
371.streettype,T,ST
2635.fullstreetname,YROK ST,YORK ST
2576.streettype,RD,DR
2247.streetname,STnILWELL,STILWELL
416.fullstreetname,02ND TI ST,C ST
325.fullstreetname,07TH AVE,BISHOP ST
125.streettype,TS,ST
642.fullstreetname,07TH AVE,CROWN TER
1493.fullstreetname,MAIDENL N,MAIDEN LN
2529.postdirection,ORTH,NORTH
1900.fullstreetname,PORTOAL ST,PORTOLA ST
2089.streetname,SAN JACITO,SAN JACINTO
667.fullstreetname,07TH AVE,DARTMOUTH ST
2387.fullstreetname,UNNAMDE 024,UNNAMED 024
2614.streettype,AVwE,AVE
979.streetname,ENEVA,GENEVA
459.fullstreetname,03RD ST,CARROLL AVE
331.fullstreetname,06TH TI ST,BLAKE ST
904.fullstreetname,FORT MASON1 0,FORT MASON 10
676.fullstreetname,02ND ST,DE BOOM ST
102.streettype,T,ST
128.fullstreetname,07TH ST,ALMA ST
490.fullstreetname,06TH ST,CESAR CHAVEZ ON RAMP
77.fullstreetname,08TH TI ST,34TH AVE
503.fullstreetname,02ND AVE,CHATTANOOGA ST
2594.streettype,AEV,AVE
254.streettype,cRD,RD
1442.postdirection,NORHT,NORTH
812.fullstreetname,ENCLsINE CT,ENCLINE CT
285.fullstreetname,03RD TI ST,BEIDEMAN ST
526.postdirection,ORTH,NORTH
396.fullstreetname,07TH ST,BUCARELI DR
254.fullstreetname,06TH AVE,BATTERY BLANEY RD
506.fullstreetname,07TH AVE,CHERRY ST
50.postdirection,ORTH,NORTH
545.fullstreetname,02ND TI ST,CLINTON PARK
1025.fullstreetname,GORHAM TS,GORHAM ST
2071.postdirection,NpORTH,NORTH
48.fullstreetname,02ND AVE,19TH AVE
220.fullstreetname,07TH ST,AVERY ST
969.postdirection,zNORTH,NORTH
2603.fullstreetname,INFIELD ST,WINFIELD ST
435.fullstreetname,02ND TI ST,CAMPTON PL
179.streetname,ARELLNAO,ARELLANO
1317.streettype,T,ST
1797.fullstreetname,OTTER COVE ETR,OTTER COVE TER
2639.streettype,TS,ST
1941.streettype,AVaE,AVE
556.fullstreetname,06TH AVE,COLE ST
1932.postdirection,NOdRTH,NORTH
2110.streettype,cAVE,AVE
2687.streettype,VE,AVE
2673.fullstreetname,WARRIOS WAY,WARRIORS WAY
1778.streetname,OBREN,ORBEN
516.fullstreetname,04TH ST,CHRISTOPHER DR
729.streettype,nAVE,AVE
935.postdirection,ONRTH,NORTH
415.fullstreetname,02ND AVE,BYXBEE ST
2511.streetname,VINqE,VINE
1411.fullstreetname,LEXINGTON TS,LEXINGTON ST
2092.postdirection,NORHT,NORTH
1805.fullstreetname,PAGE TS,PAGE ST
506.streettype,T,ST
939.fullstreetname,FIREDELL ST,FRIEDELL ST
1621.streettype,AE,AVE
1462.fullstreetname,ULU ALY,LULU ALY
430.fullstreetname,03RD AVE,CAMEO WAY
507.streetname,CjHESLEY,CHESLEY
478.fullstreetname,CENTURY PL,CAYUGA AVE
101.fullstreetname,02ND AVE,ADA CT
894.streettype,TdER,TER
753.postdirection,NROTH,NORTH
1032.postdirection,NORgTH,NORTH
2277.postdirection,NROTH,NORTH
475.fullstreetname,03RD AVE,CASTRO ST
2239.streettype,D,RD
270.postdirection,NOTH,NORTH
1500.streettype,LP,PL
374.fullstreetname,CENTURY PL,BROAD ST
696.fullstreetname,06TH ST,DELLBROOK AVE
2189.streetname,SIMONS,SIMONDS
391.fullstreetname,21ST AVE,BRUNSWICK ST
1429.streettype,oTER,TER
539.fullstreetname,AMES ST,CLEARY CT
301.fullstreetname,01ST ST,BEPLER ST
383.postdirection,NORTbH,NORTH
2111.postdirection,NRTH,NORTH
934.streetname,FREEMNA,FREEMAN
262.fullstreetname,AMHERST ST,BATTERY WAGNER RD
204.postdirection,kNORTH,NORTH
1458.streettype,hST,ST
1543.fullstreetname,MASONIC AE,MASONIC AVE
2372.streettype,LY,ALY
1096.streetname,HAVENSIED,HAVENSIDE
994.streettype,VE,AVE
402.streettype,SbT,ST
224.fullstreetname,01ST ST,AVON WAY
2426.streettype,bST,ST
77.postdirection,NORHT,NORTH
604.fullstreetname,COLONIAL WAY,CORONADO ST
2477.fullstreetname,VALcMAR TER,VALMAR TER
1874.streetname,PIrNTO,PINTO
2070.postdirection,uNORTH,NORTH
850.streettype,T,ST
2009.fullstreetname,ROBINON DR,ROBINSON DR
2489.streetname,VvASSAR,VASSAR
682.fullstreetname,07TH AVE,DE WOLF ST
467.fullstreetname,03RD AVE,CASHMERE ST
120.fullstreetname,06TH ST,ALEMANY BLVD
1886.postdirection,rNORTH,NORTH
1317.postdirection,NhORTH,NORTH
1320.postdirection,NbORTH,NORTH
1130.fullstreetname,HILLCRES CT,HILLCREST CT
455.fullstreetname,06TH AVE,CARPENTER CT
2531.streettype,T,ST
332.postdirection,ORTH,NORTH
271.fullstreetname,03RD ST,BAYVIEW CIR
295.fullstreetname,01ST ST,BELMONT AVE
288.fullstreetname,01ST ST,BELGRAVE AVE
167.fullstreetname,02ND ST,APPLETON ST
2645.postdirection,iNORTH,NORTH
2190.postdirection,kNORTH,NORTH
317.fullstreetname,07TH AVE,BEULAH ST
490.streettype,eRAMP,RAMP
283.postdirection,NOTH,NORTH
335.fullstreetname,02ND ST,BLATCHFORD LN
282.fullstreetname,02ND AVE,BEDFORD PL
2632.fullstreetname,YERBA BUEiNA LN,YERBA BUENA LN
150.postdirection,NOjRTH,NORTH
912.streetname,FOR TMASON 20,FORT MASON 20
292.fullstreetname,AMES ST,BELLE AVE
1968.postdirection,NORHT,NORTH
1603.streettype,dST,ST
744.fullstreetname,06TH AVE,DRUMM ST
149.fullstreetname,07TH AVE,AMITY ALY
1013.fullstreetname,GOETITNGEN ST,GOETTINGEN ST
970.postdirection,NqORTH,NORTH
193.fullstreetname,03RD TI ST,ASHBURTON PL
1348.postdirection,NORTeH,NORTH
632.fullstreetname,02ND AVE,CRESTLINE DR
2619.streetname,WjORCESTER,WORCESTER
636.fullstreetname,02ND TI ST,CRISSY FIELD AVE
288.streettype,qAVE,AVE
600.fullstreetname,SAM JORDANS WAY,CORDOVA ST
223.streettype,vLN,LN
2133.fullstreetname,SCOTT LY,SCOTT ALY
85.streettype,qAVE,AVE
1620.fullstreetname,MIRAOLMA DR,MIRALOMA DR
754.streettype,T,ST
1400.postdirection,NOTRH,NORTH
174.postdirection,NROTH,NORTH
987.postdirection,NORH,NORTH
2413.streettype,TS,ST
651.fullstreetname,04TH ST,CUSTER AVE
72.fullstreetname,06TH HP AVE,30TH ST
602.fullstreetname,07TH AVE,CORONA ST
743.fullstreetname,DRAK ST,DRAKE ST
183.postdirection,NOTH,NORTH
553.fullstreetname,07TH ST,COCHRANE ST
649.fullstreetname,02ND AVE,CURTIS ST
1075.fullstreetname,HeARE ST,HARE ST
2208.postdirection,ORTH,NORTH
1167.postdirection,NdORTH,NORTH
718.postdirection,NORHT,NORTH
338.fullstreetname,02ND ST,BLUXOME ST
544.fullstreetname,06TH HP AVE,CLIFFORD TER
501.fullstreetname,01ST ST,CHASE CT
49.postdirection,NOTRH,NORTH
1862.postdirection,NOgRTH,NORTH
687.fullstreetname,05TH ST,DEEMS RD
2459.postdirection,NROTH,NORTH
2433.postdirection,NOTH,NORTH
1146.streettype,AE,AVE
740.fullstreetname,03RD ST,DOW PL
995.postdirection,ONRTH,NORTH
337.fullstreetname,06TH ST,BLISS RD
809.fullstreetname,gEMMETT CT,EMMETT CT
454.fullstreetname,06TH TI ST,CAROLINA ST
1090.streettype,T,ST
735.fullstreetname,05TH TI ST,DORMAN AVE
1697.streettype,T,ST
2565.postdirection,NORfTH,NORTH
2401.postdirection,NORcTH,NORTH
1908.postdirection,NRTH,NORTH
102.postdirection,NRTH,NORTH
1146.postdirection,NRTH,NORTH
2605.streetname,WINSTcON,WINSTON
87.fullstreetname,02ND TI ST,44TH AVE
402.fullstreetname,02ND TI ST,BURGOYNE ST
437.fullstreetname,02ND ST,CAMPUS WAY
156.fullstreetname,07TH AVE,ANNAPOLIS TER
1092.streetname,ASTINGS,HASTINGS
228.fullstreetname,12TH AVE,BADEN ST
340.fullstreetname,07TH ST,BOALT ST
564.fullstreetname,03RD TI ST,COLLINGWOOD ST
1358.streetname,LKE MERCED HILL,LAKE MERCED HILL
28.fullstreetname,06TH HP AVE,10TH TI ST
119.fullstreetname,08TH ST,ALDER ST
701.fullstreetname,06TH HP AVE,DERBY ST
892.streettype,ShT,ST
266.fullstreetname,02ND ST,BAY SHORE BLVD OFF RAMP
1105.fullstreetname,EALY AVE,HEALY AVE
924.streettype,TS,ST
239.fullstreetname,05TH TI ST,BANBURY DR
1789.postdirection,NROTH,NORTH
2491.fullstreetname,VELASCO AEV,VELASCO AVE
1616.streettype,T,ST
1457.streetname,LYOLA,LOYOLA
298.fullstreetname,02ND ST,BENGAL ALY
1218.streetname,INAC,INCA
1832.postdirection,NORTuH,NORTH
2098.streetname,SANMIGUEL,SAN MIGUEL
2216.postdirection,NORH,NORTH
531.fullstreetname,06TH TI ST,CLARKE LN
2481.postdirection,NOTH,NORTH
912.fullstreetname,FORT MASON 02,FORT MASON 20
1784.streetname,ORIABA,ORIZABA
1148.postdirection,NpORTH,NORTH
1994.streetname,ROI,RIO
1045.fullstreetname,GRENWOOD AVE,GREENWOOD AVE
1113.streetname,HENRY ADAS,HENRY ADAMS
2328.postdirection,NvORTH,NORTH
524.fullstreetname,04TH ST,CITYVIEW WAY
2262.streettype,TS,ST
2092.fullstreetname,SAN JrOSE AV ON RAMP,SAN JOSE AV ON RAMP
427.fullstreetname,05TH ST,CAMBON DR
134.fullstreetname,05TH TI ST,ALTA MAR WAY
771.postdirection,NuORTH,NORTH
477.fullstreetname,BONIFACIO ST,CATHERINE CT
980.fullstreetname,GENNESSE EST,GENNESSEE ST
1400.fullstreetname,LENDRU MCT,LENDRUM CT
580.fullstreetname,08TH ST,CONGO ST
2312.streetname,HTERESA,THERESA
1201.fullstreetname,I-820 SOUTHBOUND,I-280 SOUTHBOUND
1866.postdirection,NORHT,NORTH
606.fullstreetname,05TH TI ST,CORTLAND AVE
1775.streettype,AuLY,ALY
618.fullstreetname,02ND TI ST,COWLES ST
2607.streetname,WINTHROoP,WINTHROP
279.fullstreetname,02ND TI ST,BEAUMONT AVE
891.fullstreetname,FOERSTER TS,FOERSTER ST
2150.streetname,SRVICE,SERVICE
361.fullstreetname,05TH ST,BRANNAN ST
1731.fullstreetname,NORMANDIE TRE,NORMANDIE TER
103.streettype,T,ST
2103.streetname,SANHCEZ,SANCHEZ
1686.streetname,MYRaA,MYRA
706.fullstreetname,03RD TI ST,DEWITT RD
641.fullstreetname,ANDERSON ST,CROWN CT
2085.streetname,SANDIEGO,SAN DIEGO
893.postdirection,NORTgH,NORTH
1987.fullstreetname,RICO AY,RICO WAY
1075.streettype,SwT,ST
1890.fullstreetname,PONTIAC T,PONTIAC ST
2466.postdirection,NORoTH,NORTH
608.fullstreetname,CALIFORNIA AVE,COSGROVE ST
1156.streettype,VE,AVE
597.fullstreetname,03RD TI ST,CORBETT AVE
2002.postdirection,NOxRTH,NORTH
610.fullstreetname,01ST ST,COSO AVE
253.postdirection,ORTH,NORTH
574.fullstreetname,04TH ST,COMMERCIAL ST
960.streettype,TS,ST
2551.streetname,AWVERLY,WAVERLY
220.postdirection,NOcRTH,NORTH
1019.postdirection,NORH,NORTH
2181.streettype,LOPO,LOOP
1780.postdirection,NOTH,NORTH
652.streettype,LP,PL
259.fullstreetname,05TH ST,BATTERY DYNAMITE RD
1479.postdirection,ONRTH,NORTH
801.streetname,ELSEI,ELSIE
1060.streettype,T,CT
300.fullstreetname,AGUA WAY,BENTON AVE
851.streettype,WYA,WAY
655.fullstreetname,01ST ST,CYPRESS ST
784.streetname,EL POILN,EL POLIN
37.fullstreetname,05TH ST,14TH AVE
1849.streetname,PEARSTO,PERASTO
535.fullstreetname,02ND AVE,CLAY ST
2025.streettype,L,PL
704.fullstreetname,28TH ST,DEVONSHIRE WAY
1248.streetname,JACK LNODON,JACK LONDON
895.fullstreetname,FOOTE AVdE,FOOTE AVE
940.postdirection,ORTH,NORTH
1389.streetname,LATWON,LAWTON
2227.streettype,LVD,BLVD
161.postdirection,NORTtH,NORTH
515.fullstreetname,02ND AVE,CHRISTMAS TREE POINT RD
164.streetname,mAPOLLO,APOLLO
362.fullstreetname,06TH AVE,BRANT ALY
2690.streettype,T,ST
902.streettype,N,LN
1050.postdirection,NORvTH,NORTH
2281.streetname,YCAMORE,SYCAMORE
1473.fullstreetname,LYNCH SvT,LYNCH ST
2703.streettype,PSEG,PSGE
557.fullstreetname,03RD ST,COLEMAN ST
1870.streettype,SiT,ST
1101.postdirection,NROTH,NORTH
278.fullstreetname,06TH ST,BEATRICE LN
155.postdirection,NtORTH,NORTH
1601.fullstreetname,MyIDDLE WEST DR,MIDDLE WEST DR
365.fullstreetname,07TH AVE,BRENTWOOD AVE
219.fullstreetname,CENTURY PL,AVENUE OF THE PALMS
484.fullstreetname,05TH ST,CENTRAL MAGAZINE RD
1203.streetname,I-280 TO HWY 110,I-280 TO HWY 101
269.fullstreetname,01ST ST,BAYSIDE DR
2074.postdirection,NyORTH,NORTH
202.fullstreetname,03RD TI ST,ATTRIDGE ALY
513.postdirection,NORcTH,NORTH
2634.postdirection,NROTH,NORTH
206.fullstreetname,03RD AVE,AUSTIN ST
751.fullstreetname,03RD ST,DUNCOMBE ALY
47.fullstreetname,02ND AVE,18TH ST
1056.streetname,HAGIWARA TEA GARDNE,HAGIWARA TEA GARDEN
2391.fullstreetname,UNNAME D030,UNNAMED 030
197.postdirection,uNORTH,NORTH
8.fullstreetname,02ND ST,04TH AVE
161.fullstreetname,06TH AVE,ANZA AVE
2538.postdirection,NORyTH,NORTH
2553.fullstreetname,WALYAND ST,WAYLAND ST
2088.fullstreetname,SAN GABRIEL VAE,SAN GABRIEL AVE
722.streetname,DOOLRES,DOLORES
1508.fullstreetname,MANZANITA AEV,MANZANITA AVE
2283.postdirection,NROTH,NORTH
137.fullstreetname,02ND TI ST,ALVARADO ST
2560.fullstreetname,WENTWORH PL,WENTWORTH PL
2449.fullstreetname,UNNAEMD 148,UNNAMED 148
628.fullstreetname,04TH ST,CRESCIO CT
2079.streetname,SAN EBNITO,SAN BENITO
299.fullstreetname,03RD TI ST,BENNINGTON ST
508.streetname,CHESTEtR,CHESTER
221.fullstreetname,03RD TI ST,AVILA ST
441.fullstreetname,05TH ST,CANDLESTICK POINT SRA
348.fullstreetname,CENTURY PL,BORICA ST
500.fullstreetname,02ND ST,CHARTER OAK AVE
196.postdirection,NOTRH,NORTH
729.fullstreetname,02ND AVE,DORANTES AVE
814.fullstreetname,ENTERPRSIE ST,ENTERPRISE ST
62.fullstreetname,07TH ST,25TH ST
1883.streetname,PONIT LOBOS,POINT LOBOS
174.fullstreetname,06TH AVE,ARCH ST
692.fullstreetname,29TH AVE,DELANCEY ST
2324.fullstreetname,TIFFANYf AVE,TIFFANY AVE
525.fullstreetname,16TH ST,CLAIRVIEW CT
1768.fullstreetname,OLYMPIC COUNTRY CLUBRD,OLYMPIC COUNTRY CLUB RD
58.fullstreetname,05TH ST,24TH AVE
1957.fullstreetname,RECYCLE DR,RECYCLE RD
1658.streetname,MORfAGA,MORAGA
1918.fullstreetname,RPINCETON ST,PRINCETON ST
26.fullstreetname,05TH TI ST,10TH AVE
3.postdirection,NORnTH,NORTH
2259.streetname,STRcATFORD,STRATFORD
2433.fullstreetname,UNNAMED 07,UNNAMED 107
1961.streetname,RDDY,REDDY
308.streettype,SrT,ST
207.fullstreetname,06TH AVE,AUTO DR
1328.streetname,KINGbSTON,KINGSTON
1810.postdirection,NOTRH,NORTH
1742.streetname,NOaRTHWOOD,NORTHWOOD
2165.streettype,TR,TER
637.fullstreetname,06TH HP AVE,CROAKER CT
230.fullstreetname,05TH TI ST,BAKER CT
1147.fullstreetname,HzOLLOWAY AVE,HOLLOWAY AVE
2400.streettype,TS,ST
903.postdirection,NORHT,NORTH
652.fullstreetname,05TH TI ST,CUSTOM HOUSE PL
707.fullstreetname,01ST ST,DIAMOND ST
1024.streetname,GORAGS,GORGAS
382.fullstreetname,05TH ST,BROOKDALE AVE
1822.fullstreetname,PARK PRESIDIO BYASS DR,PARK PRESIDIO BYPASS DR
209.streetname,AVALNO,AVALON
2348.fullstreetname,TRANSBYA LOOP,TRANSBAY LOOP
1820.postdirection,NOTRH,NORTH
30.fullstreetname,06TH AVE,11TH ST
1563.postdirection,NORHT,NORTH
384.fullstreetname,SAM JORDANS WAY,BROOKLYN PL
226.fullstreetname,03RD AVE,BACHE ST
1481.streettype,D,RD
2101.streettype,WAkY,WAY
1036.fullstreetname,GRATAN ST,GRATTAN ST
581.fullstreetname,07TH AVE,CONKLING ST
1406.streetname,LESzTER,LESTER
287.fullstreetname,02ND ST,BELDEN ST
1845.postdirection,NROTH,NORTH
303.fullstreetname,07TH ST,BERGEN ALY
537.fullstreetname,29TH AVE,CLEARFIELD DR
2410.fullstreetname,UNNAMED0 65,UNNAMED 065
546.fullstreetname,06TH HP AVE,CLIPPER ST
1572.streetname,zMEDA,MEDA
1830.streetname,ATTEN,PATTEN
370.fullstreetname,21ST AVE,BRIDGEVIEW WAY
418.fullstreetname,06TH ST,CADELL PL
1835.streettype,T,ST
760.streettype,T,ST
1325.fullstreetname,KEZAR RD,KEZAR DR
1355.fullstreetname,LKE ST,LAKE ST
1752.streetname,OAKHURStT,OAKHURST
89.fullstreetname,06TH TI ST,46TH AVE
563.fullstreetname,04TH ST,COLLEGE TER
559.postdirection,NRTH,NORTH
139.fullstreetname,01ST ST,ALVORD ST
2477.streettype,TRE,TER
179.fullstreetname,08TH ST,ARELLANO AVE
66.fullstreetname,20TH AVE,27TH ST
528.fullstreetname,03RD AVE,CLARENCE PL
1471.postdirection,cNORTH,NORTH
974.streetname,GEAY,GEARY
1892.streettype,D,RD
109.streettype,AoVE,AVE
190.postdirection,NOTRH,NORTH
1287.fullstreetname,JUA NBAUTISTA CIR,JUAN BAUTISTA CIR
316.fullstreetname,BERCUT ACCESS RD,BESSIE ST
2292.fullstreetname,TAR ST,TARA ST
306.postdirection,NORHT,NORTH
105.fullstreetname,03RD ST,ADELE CT
2183.streettype,AEV,AVE
182.fullstreetname,03RD TI ST,ARGUELLO BLVD
982.fullstreetname,GEORGECT,GEORGE CT
582.fullstreetname,06TH HP AVE,CONNECTICUT ST
2248.streettype,T,ST
108.fullstreetname,04TH ST,AERIAL WAY
1428.postdirection,ORTH,NORTH
471.postdirection,NORwTH,NORTH
187.fullstreetname,04TH ST,ARMORY DR
343.fullstreetname,03RD AVE,BOCANA ST
74.fullstreetname,03RD AVE,31ST ST
393.fullstreetname,08TH TI ST,BRUSH PL
2324.streettype,AEV,AVE
2677.streetname,iFIFTH,FIFTH
346.fullstreetname,02ND AVE,BONNIE BRAE LN
265.fullstreetname,03RD AVE,BAY SHORE BLVD
1935.fullstreetname,R SuT,R ST
650.fullstreetname,03RD AVE,CUSHMAN ST
1466.streettype,N,LN
307.fullstreetname,08TH ST,BERNARD ST
1673.postdirection,ORTH,NORTH
1567.postdirection,NOTH,NORTH
957.postdirection,NzORTH,NORTH
319.fullstreetname,CENTURY PL,BIGELOW CT
199.fullstreetname,05TH ST,ATALAYA TER
2421.streetname,UNNAMED 087***,UNNAMED 087
1073.fullstreetname,HuARDIE PL,HARDIE PL
136.fullstreetname,02ND ST,ALTON AVE
354.postdirection,NOTRH,NORTH
624.fullstreetname,05TH TI ST,CRAUT ST
1104.streettype,TS,ST
935.fullstreetname,FRMEONT ST,FREMONT ST
194.fullstreetname,AGUA WAY,ASHBURY ST
2656.fullstreetname,COSERVATORY DR EAST,CONSERVATORY DR EAST
507.fullstreetname,COLONIAL WAY,CHESLEY ST
629.fullstreetname,06TH HP AVE,CRESPI DR
95.fullstreetname,07TH AVE,ACACIA ST
142.fullstreetname,06TH TI ST,AMATURY LOOP
1916.fullstreetname,PRETORW AY,PRETOR WAY
827.streetname,EUCID,EUCLID
1851.streettype,ATH,PATH
1461.streettype,ALxY,ALY
460.fullstreetname,02ND ST,CARSON ST
1097.postdirection,ONRTH,NORTH
1776.streettype,WuAY,WAY
145.fullstreetname,08TH TI ST,AMBROSE BIERCE ST
1286.postdirection,NOTH,NORTH
2664.fullstreetname,25TH AV NORTH,25TH AVE NORTH
169.fullstreetname,03RD ST,AQUAVISTA WAY
1085.streetname,HARRINGzTON,HARRINGTON
2050.streettype,T,ST
2301.postdirection,ONRTH,NORTH
173.fullstreetname,08TH TI ST,ARBOR ST
1759.postdirection,NRTH,NORTH
2520.postdirection,NObRTH,NORTH
292.postdirection,NORlTH,NORTH
565.fullstreetname,CALIFORNIA AVE,COLLINS ST
940.fullstreetname,FRIENDSoHIP CT,FRIENDSHIP CT
713.fullstreetname,07TH ST,DICHIERA CT
1435.postdirection,NOnRTH,NORTH
517.fullstreetname,01ST ST,CHULA LN
871.streetname,EADOW,MEADOW
511.fullstreetname,CENTURY PL,CHILD ST
1088.postdirection,NORHT,NORTH
2430.fullstreetname,UNNAMDE 101,UNNAMED 101
677.fullstreetname,09TH AVE,DE FOREST WAY
237.fullstreetname,03RD AVE,BALMY ST
2464.streettype,RxD,RD
399.fullstreetname,05TH ST,SAN FRANCISCO GOLF CLUB RD
2226.fullstreetname,STANTN ST,STANTON ST
1579.streettype,TS,ST
198.fullstreetname,06TH TI ST,ASPEN CT
279.streetname,EBAUMONT,BEAUMONT
183.fullstreetname,07TH AVE,ARKANSAS ST
1044.streetname,GREENWIHC,GREENWICH
1061.postdirection,ONRTH,NORTH
1828.streetname,PASRONS,PARSONS
355.fullstreetname,02ND TI ST,BOWMAN CT
520.streetname,CHURCH ACCESS***,CHURCH ACCESS
593.fullstreetname,02ND AVE,CORA ST
502.fullstreetname,06TH TI ST,CHATHAM PL
286.fullstreetname,06TH HP AVE,BELCHER ST
1309.postdirection,NzORTH,NORTH
840.streetname,XEETER,EXETER
717.streettype,TS,ST
1599.streettype,xWAY,WAY
2297.postdirection,NOTRH,NORTH
2525.streetname,WALyBRIDGE,WALBRIDGE
1581.streetname,MENOHgER,MENOHER
462.fullstreetname,06TH AVE,CARVER ST
2164.postdirection,NORHT,NORTH
1139.postdirection,NOTRH,NORTH
1266.streettype,tALY,ALY
681.fullstreetname,BERCUT ACCESS RD,DE SOTO ST
901.postdirection,NORH,NORTH
1012.postdirection,NORH,NORTH
387.fullstreetname,03RD TI ST,BROTHERHOOD WAY
2442.fullstreetname,UNAMED 128,UNNAMED 128
591.fullstreetname,05TH ST,COOPER ALY
625.postdirection,NROTH,NORTH
98.fullstreetname,06TH HP AVE,ACME ALY
267.fullstreetname,04TH ST,BAY SHORE BLVD ON RAMP
2374.streetname,UpLLOA,ULLOA
1416.streettype,SpT,ST
482.fullstreetname,03RD ST,CEDRO AVE
615.fullstreetname,05TH ST,COVENTRY CT
373.fullstreetname,04TH ST,BRITTON ST
720.postdirection,ONRTH,NORTH
922.streetname,FOWLEyR,FOWLER
434.fullstreetname,06TH AVE,CAMPBELL AVE
1658.streettype,uAVE,AVE
78.fullstreetname,28TH ST,35TH AVE
1346.fullstreetname,LA FERRoERA TER,LA FERRERA TER
1007.postdirection,ONRTH,NORTH
403.streetname,BUxRKE,BURKE
810.streettype,AEV,AVE
233.fullstreetname,32ND AVE,BALBOA ST
892.fullstreetname,06TH TI ST,FOLSOM ST
613.streettype,rST,ST
1540.streettype,TS,ST
1364.streettype,N,LN
2017.postdirection,NORH,NORTH
1743.fullstreetname,NORTN ST,NORTON ST
166.fullstreetname,03RD ST,APPLETON AVE
2149.fullstreetname,SEvRRANO DR,SERRANO DR
106.fullstreetname,03RD AVE,ADMIRAL AVE
1839.fullstreetname,PEEK LN***,PEEK LN
328.fullstreetname,03RD ST,BLACKSTONE CT
2682.streettype,WYA,WAY
627.fullstreetname,05TH ST,CRESCENT WAY
326.fullstreetname,05TH ST,BITTING AVE
579.fullstreetname,09TH AVE,CONGDON ST
218.fullstreetname,CENTURY PL,AVENUE N
181.fullstreetname,22ND ST,ARGONAUT AVE
450.postdirection,NRTH,NORTH
2641.postdirection,NORtTH,NORTH
1289.streettype,AE,AVE
758.fullstreetname,06TH TI ST,EAGLE ST
1841.postdirection,NROTH,NORTH
422.streettype,T,ST
1957.streetname,RECYCLeE,RECYCLE
281.fullstreetname,07TH AVE,BECKETT ST
2235.streettype,fST,ST
634.fullstreetname,02ND ST,CRESTWELL WALK
1138.streettype,T,ST
2537.postdirection,ONRTH,NORTH
1267.fullstreetname,JERROLD kAVE,JERROLD AVE
1499.streetname,ALTA,MALTA
2083.fullstreetname,SAN BUENAVENTURAW AY,SAN BUENAVENTURA WAY
947.streetname,GAISRE,GAISER
488.fullstreetname,07TH ST,CERVANTES BLVD
1502.streettype,LeN,LN
358.streettype,T,CT
34.fullstreetname,03RD AVE,12TH TI ST
1254.streettype,VE,AVE
583.fullstreetname,ANSON PL,CONRAD ST
260.fullstreetname,03RD AVE,BATTERY EAST RD
1852.streetname,PERNIE,PERINE
1181.streettype,ARMP,RAMP
1197.fullstreetname,I-280N  ON RAMP,I-280 N ON RAMP
2116.fullstreetname,SANTA YNEZ AEV,SANTA YNEZ AVE
10.fullstreetname,02ND ST,04TH TI ST
341.fullstreetname,05TH TI ST,BOARDMAN PL
399.streettype,DR,RD
502.streettype,PxL,PL
177.fullstreetname,02ND ST,ARDENWOOD WAY
984.fullstreetname,GERKEm ALY,GERKE ALY
669.fullstreetname,02ND ST,DAVENPORT LN
196.fullstreetname,01ST ST,ASHTON AVE
2627.fullstreetname,YACH RD,YACHT RD
2159.fullstreetname,SHAKESPEAREn ST,SHAKESPEARE ST
1930.streetname,QUESAAD,QUESADA
2349.streettype,RD,DR
598.fullstreetname,08TH ST,CORBIN PL
2473.postdirection,NzORTH,NORTH
1246.fullstreetname,JACK BALjESTRERI WAY,JACK BALESTRERI WAY
1739.fullstreetname,ONRTHGATE DR,NORTHGATE DR
984.streetname,GEKE,GERKE
2526.streetname,WALOD,WALDO
1142.streetname,HOFFMAN***,HOFFMAN
1946.fullstreetname,RANDALL uST,RANDALL ST
384.postdirection,NORHT,NORTH
1525.streetname,MARKTWAIN,MARK TWAIN
2097.postdirection,NORHT,NORTH
2550.streettype,LP,PL
2376.streetname,UNIOqN,UNION
1508.postdirection,ORTH,NORTH
609.fullstreetname,06TH AVE,COSMO PL
1723.fullstreetname,NIMIZT DR,NIMITZ DR
1730.streettype,SoT,ST
1214.streettype,T,ST
1274.postdirection,NOTRH,NORTH
1080.postdirection,NROTH,NORTH
1542.postdirection,NOsRTH,NORTH
308.fullstreetname,04TH ST,BERNICE ST
90.fullstreetname,02ND TI ST,47TH AVE
2414.streetname,UNNAMED0 71,UNNAMED 071
764.fullstreetname,01ST ST,EAST FORT MILEY RD
1407.streettype,RD,DR
1753.streetname,OAKOOD,OAKWOOD
38.fullstreetname,03RD AVE,14TH ST
2308.streettype,BVLD,BLVD
211.fullstreetname,20TH AVE,AVENUE C
140.fullstreetname,08TH ST,AMADOR ST
1500.postdirection,NtORTH,NORTH
2200.fullstreetname,OSUTH DR,SOUTH DR
84.streettype,AVoE,AVE
672.streettype,TS,ST
1116.streetname,HERNANEZ,HERNANDEZ
742.fullstreetname,06TH ST,DR CARLTON B GOODLETT PL
596.fullstreetname,01ST ST,CORALINO LN
572.fullstreetname,08TH ST,COMERFORD ST
1199.streettype,AMP,RAMP
2566.postdirection,NORHT,NORTH
1335.fullstreetname,KNOCKAHS HL,KNOCKASH HL
107.postdirection,NROTH,NORTH
990.streetname,GIBhBON,GIBBON
1573.streetname,EDAU,MEDAU
1305.postdirection,NORHT,NORTH
530.fullstreetname,05TH ST,CLARION ALY
1365.streettype,N,LN
2658.streetname,LAE MERCED HILL,LAKE MERCED HILL
1829.streettype,TS,ST
1323.fullstreetname,KEYEaS AVE,KEYES AVE
672.fullstreetname,06TH TI ST,DAVIS ST
1853.streettype,TS,ST
1048.postdirection,NORwTH,NORTH
1193.postdirection,NOTRH,NORTH
2635.postdirection,NfORTH,NORTH
2060.streettype,RD,DR
1926.streettype,SoT,ST
321.postdirection,ONRTH,NORTH
67.fullstreetname,06TH HP AVE,28TH AVE
639.fullstreetname,06TH TI ST,CROSS ST
442.fullstreetname,05TH TI ST,CANYON DR
822.streettype,T,ST
675.fullstreetname,06TH AVE,DAY ST
1485.postdirection,NOTRH,NORTH
863.fullstreetname,FELL ACCESS RsD,FELL ACCESS RD
2052.streetname,RUTLDEGE,RUTLEDGE
573.fullstreetname,07TH AVE,COMMER CT
853.streettype,L,PL
160.fullstreetname,02ND TI ST,ANTONIO ST
449.streettype,AY,WAY
1002.postdirection,NRTH,NORTH
49.fullstreetname,02ND AVE,19TH ST
631.fullstreetname,02ND AVE,CRESTLAKE DR
2418.postdirection,NORTjH,NORTH
342.streetname,BOB KnAUFMAN,BOB KAUFMAN
396.postdirection,NORTdH,NORTH
720.fullstreetname,03RD ST,DOCK ST
2152.postdirection,aNORTH,NORTH
732.streettype,T,ST
585.postdirection,NOTRH,NORTH
191.fullstreetname,08TH TI ST,ARTHUR AVE
376.fullstreetname,07TH AVE,BROADWAY
24.fullstreetname,06TH HP AVE,09TH ST
438.fullstreetname,02ND TI ST,CANBY LN
1035.fullstreetname,GRANVILE WAY,GRANVILLE WAY
240.fullstreetname,06TH HP AVE,BANCROFT AVE
2204.fullstreetname,SOUTH HUGHESL N,SOUTH HUGHES LN
2292.streettype,TS,ST
674.fullstreetname,03RD TI ST,DAWSON PL
2232.postdirection,NRTH,NORTH
2305.fullstreetname,TRERA VISTA AVE,TERRA VISTA AVE
913.streettype,ShT,ST
1466.postdirection,NORTrH,NORTH
1407.postdirection,NzORTH,NORTH
717.postdirection,lNORTH,NORTH
1296.fullstreetname,JUNIPEROSERRA BLVD,JUNIPERO SERRA BLVD
88.fullstreetname,02ND TI ST,45TH AVE
1336.postdirection,NORHT,NORTH
1723.postdirection,NROTH,NORTH
394.fullstreetname,05TH TI ST,BRUSSELS ST
1051.postdirection,NORgTH,NORTH
389.postdirection,NhORTH,NORTH
1345.postdirection,NORH,NORTH
469.fullstreetname,ALABAMA ST,CASSANDRA CT
894.postdirection,NROTH,NORTH
702.fullstreetname,16TH AVE,DESMOND ST
2193.fullstreetname,SLOAT BLDV,SLOAT BLVD
1231.streetname,dINVERNESS,INVERNESS
714.fullstreetname,05TH TI ST,DICKINSON ST
407.fullstreetname,07TH AVE,BURNS PL
104.fullstreetname,02ND AVE,ADDISON ST
623.fullstreetname,BERCUT ACCESS RD,CRANLEIGH DR
542.streetname,LEO RAND,CLEO RAND
1344.streetname,AL AVANZADA,LA AVANZADA
352.fullstreetname,02ND TI ST,BOWLEY CT
474.fullstreetname,05TH ST,CASTLE MANOR AVE
509.fullstreetname,COLONIAL WAY,CHESTNUT ST
2186.streetname,ISLLIMAN,SILLIMAN
1720.streettype,WbAY,WAY
295.streetname,BELMNOT,BELMONT
1627.streettype,hDR,DR
576.fullstreetname,13TH TI ST,COMPTON RD
1793.fullstreetname,rOTEGA AVE,OTEGA AVE
195.fullstreetname,22ND ST,ASHBURY TER
447.fullstreetname,03RD TI ST,CARD ALY
294.fullstreetname,04TH ST,BELLEVUE AVE
946.streetname,GAILAN,GABILAN
1038.streettype,WHY,HWY
107.fullstreetname,28TH ST,ADOLPH SUTRO CT
1930.postdirection,NOTRH,NORTH
491.fullstreetname,06TH ST,CHABOT TER
2073.fullstreetname,ShAMOSET ST,SAMOSET ST
536.streetname,CLuAYTON,CLAYTON
1412.fullstreetname,LBIERTY ST,LIBERTY ST
168.fullstreetname,ABBEY ST,APTOS AVE
1209.streetname,I-80 WON,I-80 W ON
1551.fullstreetname,MYFLOWER ST,MAYFLOWER ST
483.postdirection,ORTH,NORTH
1174.postdirection,NORH,NORTH
80.fullstreetname,03RD AVE,37TH AVE
1752.fullstreetname,AKHURST LN,OAKHURST LN
711.fullstreetname,03RD ST,DIAZ AVE
2381.streetname,UNNAMED 0x11,UNNAMED 011
84.fullstreetname,04TH ST,41ST AVE
229.fullstreetname,04TH ST,BADGER ST
1598.streettype,T,ST
2516.streetname,VISTjA,VISTA
638.postdirection,NOTRH,NORTH
1659.streettype,TS,ST
1985.streettype,AEV,AVE
2650.postdirection,NOrRTH,NORTH
35.fullstreetname,02ND AVE,13TH ST
2326.postdirection,NORnTH,NORTH
400.fullstreetname,03RD AVE,VICHA RATANAPAKDEE WAY
83.fullstreetname,02ND AVE,40TH AVE
997.streettype,DR,RD
769.streettype,T,ST
20.fullstreetname,04TH ST,08TH AVE
635.streettype,D,RD
282.streettype,uPL,PL
351.streetname,BOWDOIuN,BOWDOIN
665.fullstreetname,02ND ST,DARIEN WAY
1635.streettype,AVcE,AVE
1233.fullstreetname,IRI AVE,IRIS AVE
1531.postdirection,NRTH,NORTH
667.postdirection,ORTH,NORTH
868.streetname,FaERNANDEZ,FERNANDEZ
576.streetname,COMPsTON,COMPTON
2014.postdirection,NORHT,NORTH
2246.streetname,STILLAN,STILLMAN
590.fullstreetname,BERCUT ACCESS RD,COOK ST
372.fullstreetname,02ND ST,BRIGHTON AVE
358.fullstreetname,02ND AVE,BOYNTON CT
511.streetname,CHILdD,CHILD
2555.streettype,PvL,PL
690.fullstreetname,06TH TI ST,DEL SUR AVE
501.streettype,TC,CT
2047.fullstreetname,RUSSEvLL ST,RUSSELL ST
309.fullstreetname,08TH TI ST,BERNICE RODGERS WAY
99.fullstreetname,03RD ST,ACORN ALY
552.fullstreetname,09TH AVE,CLYDE ST
1504.streettype,dDR,DR
1239.fullstreetname,ISISST,ISIS ST
708.fullstreetname,02ND ST,DIAMOND COVE TER
1608.postdirection,NlORTH,NORTH
1463.streetname,LUNAOD,LUNADO
616.fullstreetname,07TH AVE,COVENTRY LN
241.fullstreetname,02ND AVE,BANK ST
228.streetname,BADdEN,BADEN
1584.streetname,MERCDES,MERCEDES
1651.streettype,LVD,BLVD
558.fullstreetname,32ND AVE,COLERIDGE ST
2007.postdirection,NROTH,NORTH
743.streettype,hST,ST
497.fullstreetname,02ND ST,CHARLES ST
2570.fullstreetname,WEfSTBROOK CT,WESTBROOK CT
2431.streetname,UNNAMED 150,UNNAMED 105
401.fullstreetname,31ST AVE,BUENA VISTA TER
1112.fullstreetname,HENRY TS,HENRY ST
745.fullstreetname,01ST ST,DRUMMOND ALY
508.fullstreetname,01ST ST,CHESTER AVE
786.streettype,WYA,WAY
2163.fullstreetname,SHhAW ALY,SHAW ALY
457.fullstreetname,04TH ST,CARRIE ST
1465.streetname,kLUNDEEN,LUNDEEN
586.fullstreetname,02ND AVE,CONSERVATORY ACCESS RD
1424.fullstreetname,LINDA IVSTA STPS,LINDA VISTA STPS
1860.postdirection,NORHT,NORTH
1938.postdirection,NROTH,NORTH
2670.postdirection,ONRTH,NORTH
378.fullstreetname,02ND TI ST,BROMLEY PL
1433.postdirection,NORTdH,NORTH
489.fullstreetname,12TH AVE,CESAR CHAVEZ ST
724.fullstreetname,06TH ST,DOLPHIN CT
1617.streetname,MITN,MINT
470.fullstreetname,02ND AVE,CASTELO AVE
1083.fullstreetname,HARRIETLN,HARRIET LN
249.fullstreetname,03RD ST,BARRY CT
311.fullstreetname,BERCUT ACCESS RD,BERRY EXTENSION ST
614.fullstreetname,05TH ST,COUNTRY CLUB DR
1373.streettype,SfT,ST
1796.streettype,AsVE,AVE
603.fullstreetname,03RD TI ST,FARALLON ST
113.fullstreetname,03RD TI ST,ALADDIN TER
479.fullstreetname,03RD AVE,CCSF PARKING LOT
2211.streettype,T,ST
1768.streetname,LYMPIC COUNTRY CLUB,OLYMPIC COUNTRY CLUB
60.fullstreetname,22ND ST,25TH AVE
201.fullstreetname,02ND ST,ATOLL CIR
2111.streettype,qST,ST
261.fullstreetname,02ND ST,BATTERY SAFFORD RD
321.fullstreetname,06TH HP AVE,BIRCH ST
461.fullstreetname,31ST AVE,CARTER ST
1992.streetname,RINvCON,RINCON
643.fullstreetname,06TH AVE,CRYSTAL ST
189.streettype,VE,AVE
405.fullstreetname,02ND TI ST,BURNETT AVE
2598.fullstreetname,WILLSST,WILLS ST
135.fullstreetname,02ND TI ST,ALTA VISTA TER
2166.streettype,L,PL
1679.postdirection,NRTH,NORTH
493.fullstreetname,02ND ST,CHANCERY LN
560.fullstreetname,32ND AVE,COLIN P KELLY JR ST
112.postdirection,NOTRH,NORTH
1715.postdirection,NROTH,NORTH
81.streettype,AEV,AVE
761.fullstreetname,06TH ST,EAST RD
1505.fullstreetname,MANSEAUo ST,MANSEAU ST
209.fullstreetname,AGUA WAY,AVALON AVE
406.fullstreetname,03RD TI ST,JEFF ADACHI WAY
272.fullstreetname,03RD AVE,BAYVIEW PARK RD
585.fullstreetname,02ND TI ST,BRAGHETTA LN
157.fullstreetname,06TH TI ST,ANNIE ST
684.fullstreetname,02ND AVE,DECATUR ST
1102.postdirection,NROTH,NORTH
1741.postdirection,ORTH,NORTH
253.fullstreetname,07TH AVE,BATTERY ST
1383.streettype,SwT,ST
695.streettype,L,PL
2266.fullstreetname,USNBEAM LN,SUNBEAM LN
436.postdirection,NRTH,NORTH
1680.streettype,sST,ST
986.streetname,GTEZ,GETZ
715.fullstreetname,03RD ST,DIGBY ST
1585.streettype,gRD,RD
65.fullstreetname,02ND TI ST,27TH AVE
2411.fullstreetname,UNNAED 068,UNNAMED 068
2481.streettype,AEV,AVE
57.streetname,2R3D,23RD
2516.postdirection,NzORTH,NORTH
727.fullstreetname,03RD TI ST,DONNER AVE
578.fullstreetname,06TH AVE,CONCOURSE DR
1132.postdirection,NOTH,NORTH
257.fullstreetname,04TH ST,BATTERY CRANSTON RD
436.fullstreetname,20TH ST,CAMPUS LN
2499.streettype,TS,ST
96.fullstreetname,12TH AVE,ACADIA ST
107.streetname,ADOLPH SiUTRO,ADOLPH SUTRO
768.streettype,TS,ST
654.fullstreetname,06TH ST,CUVIER ST
368.fullstreetname,07TH ST,BRICE TER
2000.fullstreetname,RVIERTON DR,RIVERTON DR
1234.streetname,IROsN,IRON
1238.postdirection,ONRTH,NORTH
441.streettype,TS,ST
519.fullstreetname,CENTURY PL,CHURCH ST
41.fullstreetname,05TH ST,15TH ST
1672.streetname,OUNT,MOUNT
449.postdirection,NRTH,NORTH
231.fullstreetname,CENTURY PL,BAKER ST
1502.streetname,MANALAY,MANDALAY
2077.postdirection,NORHT,NORTH
379.fullstreetname,05TH TI ST,BROMPTON AVE
92.fullstreetname,21ST AVE,A ST
1316.postdirection,NyORTH,NORTH
2508.postdirection,NORHT,NORTH
2340.streetname,TORRdENS,TORRENS
780.streettype,TS,ST
1155.postdirection,NOhRTH,NORTH
2327.postdirection,ORTH,NORTH
178.fullstreetname,06TH HP AVE,ARELIOUS WALKER DR
371.fullstreetname,07TH AVE,BRIGHT ST
1295.streettype,TS,ST
1380.postdirection,NOTH,NORTH
798.streettype,DzR,DR
1396.fullstreetname,LEGIO CT,LEGION CT
264.fullstreetname,02ND TI ST,BAY ST
2140.postdirection,NORHT,NORTH
2560.streettype,vPL,PL
1038.postdirection,NORH,NORTH
1022.postdirection,NROTH,NORTH
1837.fullstreetname,PEABODY TS,PEABODY ST
931.fullstreetname,tFREDERICK ST,FREDERICK ST
2503.streetname,VIA xBUFANO,VIA BUFANO
2422.streettype,T,ST
2204.postdirection,qNORTH,NORTH
1903.streetname,POTREaRO,POTRERO
225.postdirection,ORTH,NORTH
2529.fullstreetname,WALL gPL,WALL PL
1078.postdirection,NORTrH,NORTH
190.fullstreetname,02ND TI ST,ARROYO WAY
452.fullstreetname,06TH ST,CARMELITA ST
922.streettype,VAE,AVE
866.streetname,FETON,FENTON
1126.postdirection,NOTRH,NORTH
310.fullstreetname,03RD ST,BERRY ST
451.fullstreetname,03RD ST,CARMEL ST
721.fullstreetname,DODGnE ST,DODGE ST
261.streetname,BATTREY SAFFORD,BATTERY SAFFORD
2675.fullstreetname,PALMLN,PALM LN
64.fullstreetname,16TH AVE,26TH ST
468.fullstreetname,03RD ST,CASITAS AVE
1419.streetname,LINAES,LINARES
916.fullstreetname,FORT MILE Y3,FORT MILEY 3
706.postdirection,ORTH,NORTH
1446.fullstreetname,LOMOIS ST,LOOMIS ST
971.postdirection,ORTH,NORTH
465.postdirection,ORTH,NORTH
1780.fullstreetname,ORD T,ORD ST
625.streettype,VE,AVE
2018.streettype,TS,ST
2378.fullstreetname,NUIVERSITY ST,UNIVERSITY ST
316.postdirection,NRTH,NORTH
1152.fullstreetname,HOESTEAD ST,HOMESTEAD ST
631.postdirection,NOTH,NORTH
39.fullstreetname,03RD TI ST,14TH TI ST
625.fullstreetname,06TH HP AVE,CRESCENT AVE
852.postdirection,ONRTH,NORTH
640.fullstreetname,AVENUE D,CROSSOVER DR
1014.streettype,T,ST
970.fullstreetname,tGATUN ALY,GATUN ALY
463.fullstreetname,02ND TI ST,CASA WAY
2153.postdirection,NORH,NORTH
924.streetname,FRNACIS,FRANCIS
1546.streetname,MTAEO,MATEO
2398.fullstreetname,UNNAMED037,UNNAMED 037
125.postdirection,ORTH,NORTH
1958.postdirection,NORH,NORTH
54.fullstreetname,05TH TI ST,22ND AVE
1640.fullstreetname,ONETA CT,MONETA CT
513.fullstreetname,06TH AVE,CHINA BASIN ST
916.postdirection,NOTRH,NORTH
344.streetname,BONFIACIO,BONIFACIO
217.fullstreetname,02ND ST,AVENUE M
1165.fullstreetname,HUBBELL TS,HUBBELL ST
65.postdirection,NORcTH,NORTH
1393.streettype,SwT,ST
1302.fullstreetname,KAMILLE cCT,KAMILLE CT
965.postdirection,NOTH,NORTH
1915.streettype,ETR,TER
2125.streetname,SyCENIC,SCENIC
1931.streetname,QUICKTSEP,QUICKSTEP
1033.postdirection,NORHT,NORTH
252.streettype,TC,CT
2521.fullstreetname,VULCAN STYW,VULCAN STWY
2465.fullstreetname,UPTONA VE,UPTON AVE
1764.postdirection,ORTH,NORTH
2030.streettype,T,CT
505.fullstreetname,APPAREL WAY,CHENERY ST
620.fullstreetname,06TH ST,CRAGS CT
1260.streettype,TS,ST
677.streetname,DE OREST,DE FOREST
1751.streetname,OfAKDALE,OAKDALE
1545.streetname,MASSzASOIT,MASSASOIT
381.postdirection,NRTH,NORTH
666.streettype,L,PL
360.streettype,T,ST
747.fullstreetname,02ND ST,DUBOCE AVE
685.fullstreetname,02ND ST,DECKER ALY
2676.streettype,SiT,ST
759.postdirection,NORH,NORTH
1899.streetname,PORTLA,PORTOLA
336.fullstreetname,04TH ST,BLISS CT
1604.postdirection,NkORTH,NORTH
2361.streetname,TiUBBS,TUBBS
621.fullstreetname,02ND ST,CRAIG CT
404.fullstreetname,09TH AVE,BURLWOOD DR
320.fullstreetname,07TH ST,BIGLER AVE
171.fullstreetname,03RD ST,ARBALLO DR
584.fullstreetname,07TH AVE,STEUART LN
2125.fullstreetname,SCENCI WAY,SCENIC WAY
881.streetname,FITZGERLAD,FITZGERALD
626.fullstreetname,06TH AVE,CRESCENT CT
324.fullstreetname,31ST AVE,BIRMINGHAM RD
554.fullstreetname,04TH ST,CODMAN PL
2426.streetname,sUNNAMED 097,UNNAMED 097
2637.streettype,T,CT
204.fullstreetname,01ST ST,AUGUST ALY
164.fullstreetname,02ND AVE,APOLLO ST
570.fullstreetname,CENTURY PL,COLUMBUS AVE
1480.streetname,ACALLA,MACALLA
1662.fullstreetname,MiORNINGSIDE DR,MORNINGSIDE DR
1518.streetname,MAINA GREEN,MARINA GREEN
759.fullstreetname,03RD AVE,EARL ST
815.streettype,TC,CT
329.fullstreetname,06TH AVE,BLAIR TER
403.fullstreetname,CENTURY PL,BURKE AVE
277.fullstreetname,06TH TI ST,BEALE ST
670.postdirection,ONRTH,NORTH
354.fullstreetname,04TH ST,BOWLING GREEN DR
2264.postdirection,oNORTH,NORTH
2154.fullstreetname,SEYOMUR ST,SEYMOUR ST
730.fullstreetname,02ND AVE,DORCAS WAY
1509.streettype,T,ST
595.fullstreetname,03RD ST,CORAL RD
2449.streetname,UNNAMwED 148,UNNAMED 148
1728.postdirection,NRTH,NORTH
313.fullstreetname,03RD ST,BERTIE MINOR LN
95.postdirection,NOvRTH,NORTH
2028.fullstreetname,ROSCOE TS,ROSCOE ST
1713.streettype,SnT,ST
45.fullstreetname,04TH ST,17TH ST
339.fullstreetname,APPAREL WAY,BLYTHDALE AVE
2527.streetname,WAKER,WALKER
154.fullstreetname,04TH ST,ANGLO ALY
2115.fullstreetname,SANTA ORSA AVE,SANTA ROSA AVE
472.fullstreetname,06TH HP AVE,CASTILLO ST
779.postdirection,ONRTH,NORTH
2112.streetname,SANTA MONIAC,SANTA MONICA
25.fullstreetname,03RD AVE,09TH TI ST
1078.streetname,HARLM,HARLEM
972.postdirection,NOTRH,NORTH
235.fullstreetname,02ND ST,BALDWIN CT
1072.streettype,VAE,AVE
2294.streetname,TALYOR,TAYLOR
1382.postdirection,ONRTH,NORTH
357.fullstreetname,02ND AVE,BOYLSTON ST
601.fullstreetname,03RD AVE,CORNWALL ST
894.fullstreetname,FONTINEpLLA TER,FONTINELLA TER
1881.postdirection,NORHT,NORTH
1664.postdirection,NOTH,NORTH
2356.streetname,TRIITY,TRINITY
360.fullstreetname,05TH ST,BRADY ST
1390.streettype,VE,AVE
1187.postdirection,ONRTH,NORTH
287.postdirection,NROTH,NORTH
519.postdirection,ORTH,NORTH
1811.streetname,ALOS,PALOS
371.postdirection,NOTH,NORTH
103.fullstreetname,02ND AVE,ADAM ST
2480.postdirection,NORfTH,NORTH
64.postdirection,ONRTH,NORTH
1306.streettype,T,ST
250.fullstreetname,06TH TI ST,BARTLETT ST
1988.streetname,RIDGgE,RIDGE
1813.postdirection,ONRTH,NORTH
223.fullstreetname,06TH HP AVE,WURSTER LN
1215.streetname,yILS,ILS
778.postdirection,NORH,NORTH
1010.fullstreetname,GLOVEkR ST,GLOVER ST
351.fullstreetname,SAM JORDANS WAY,BOWDOIN ST
559.fullstreetname,01ST ST,COLIN PL
58.postdirection,NORH,NORTH
1403.streettype,zTER,TER
390.fullstreetname,24TH ST,BRUMISS TER
2521.streetname,VULCAuN,VULCAN
63.fullstreetname,06TH ST,26TH AVE
1634.fullstreetname,IMZPAH ST,MIZPAH ST
1645.streetname,kMONTANA,MONTANA
645.fullstreetname,09TH AVE,CUESTA CT
661.fullstreetname,07TH ST,DALEWOOD WAY
659.fullstreetname,06TH AVE,DAGGETT ST
2412.streetname,UNNAMElD 069,UNNAMED 069
330.fullstreetname,07TH AVE,BLAIRWOOD LN
367.fullstreetname,03RD TI ST,BREWSTER ST
1866.streetname,PIECE,PIERCE
431.fullstreetname,07TH AVE,CAMERON WAY
445.fullstreetname,02ND AVE,CAPP ST
1431.fullstreetname,LLOYDST,LLOYD ST
1903.postdirection,NORH,NORTH
569.fullstreetname,16TH AVE,COLUMBIA SQUARE ST
568.fullstreetname,03RD TI ST,COLTON ST
2333.streetname,TOLL PLAZA jTUNNEL,TOLL PLAZA TUNNEL
217.streettype,eST,ST
860.postdirection,NRTH,NORTH
929.streettype,T,CT
1389.fullstreetname,LAWTON TS,LAWTON ST
189.fullstreetname,06TH AVE,ARNOLD AVE
2497.postdirection,tNORTH,NORTH
251.fullstreetname,20TH AVE,BARTOL ST
147.fullstreetname,04TH ST,AMETHYST WAY
836.fullstreetname,WING TER,EWING TER
1717.fullstreetname,NIAARA AVE,NIAGARA AVE
170.fullstreetname,03RD TI ST,ARAGO ST
2434.fullstreetname,UNNAMED1 08,UNNAMED 108
1805.streettype,T,ST
175.streettype,AY,WAY
657.fullstreetname,01ST ST,CYRUS PL
97.fullstreetname,03RD ST,ACEVEDO AVE
760.fullstreetname,02ND TI ST,EASEMENT
2424.postdirection,NOoRTH,NORTH
659.postdirection,NORHT,NORTH
904.streetname,FORT MASON1 0,FORT MASON 10
647.fullstreetname,06TH HP AVE,CUMBERLAND ST
280.fullstreetname,32ND AVE,BEAVER ST
471.fullstreetname,07TH AVE,CASTENADA AVE
2011.postdirection,NOTRH,NORTH
1719.fullstreetname,NaIBBI CT,NIBBI CT
594.fullstreetname,06TH TI ST,CORAL CT
1945.postdirection,NROTH,NORTH
2144.streettype,AY,WAY
1072.streetname,HRDIE,HARDIE
900.fullstreetname,FOREST SIDE AEV,FOREST SIDE AVE
2636.postdirection,NORTcH,NORTH
143.fullstreetname,08TH TI ST,AMAZON AVE
1162.streetname,HOWRD,HOWARD
1490.streettype,AEV,AVE
306.fullstreetname,05TH TI ST,BERNAL HEIGHTS BLVD
450.fullstreetname,02ND ST,CARL ST
983.postdirection,ONRTH,NORTH
278.postdirection,NOTH,NORTH
510.fullstreetname,03RD ST,CHICAGO WAY
81.fullstreetname,06TH AVE,38TH AVE
413.fullstreetname,04TH ST,BUTTE PL
565.streetname,COLILNS,COLLINS
1790.streetname,OSECOLA,OSCEOLA
1957.postdirection,NORlTH,NORTH
597.streettype,VE,AVE
133.fullstreetname,03RD TI ST,ALTA ST
703.fullstreetname,03RD TI ST,DETROIT ST
658.fullstreetname,03RD AVE,D ST
363.fullstreetname,05TH ST,BRAZIL AVE
1738.streettype,TC,CT
496.fullstreetname,COLONIAL WAY,CHAPMAN ST
731.fullstreetname,01ST ST,DORCHESTER WAY
860.fullstreetname,EDERAL ST,FEDERAL ST
683.fullstreetname,CASELLI AVE,DEARBORN ST
492.fullstreetname,20TH ST,CHAIN OF LAKES DR
2178.postdirection,NoORTH,NORTH
247.fullstreetname,05TH TI ST,BARNARD AVE
1743.postdirection,NOTH,NORTH
2596.fullstreetname,WILLE B KENNEDY DR,WILLIE B KENNEDY DR
1277.postdirection,ORTH,NORTH
2022.streetname,ROMIAN,ROMAIN
2290.streettype,TS,ST
275.fullstreetname,02ND ST,BEACHMONT DR
906.postdirection,ORTH,NORTH
1607.postdirection,NRTH,NORTH
1388.postdirection,NOTRH,NORTH
1767.fullstreetname,OLsYMPIA WAY,OLYMPIA WAY
480.fullstreetname,08TH ST,CECILIA AVE
1444.postdirection,NvORTH,NORTH
674.streetname,vDAWSON,DAWSON
2570.postdirection,NOTRH,NORTH
1475.postdirection,ORTH,NORTH
2602.postdirection,NORHT,NORTH
2685.streettype,N,LN
155.fullstreetname,03RD AVE,ANKENY ST
2691.streettype,uST,ST
189.postdirection,mNORTH,NORTH
347.fullstreetname,04TH ST,BONVIEW ST
483.fullstreetname,ALLSTON WAY,CENTRAL AVE
2186.fullstreetname,SItLLIMAN ST,SILLIMAN ST
2155.fullstreetname,SFGH ACCESeS,SFGH ACCESS
2559.fullstreetname,WELSH SwT,WELSH ST
98.streettype,AY,ALY
613.postdirection,ONRTH,NORTH
1256.streettype,AE,AVE
2279.fullstreetname,SWEENYS T,SWEENY ST
1351.streettype,T,ST
2657.postdirection,NORHT,NORTH
653.fullstreetname,03RD AVE,CUTLER AVE
1822.streetname,PARK PRESIDIO BYfPASS,PARK PRESIDIO BYPASS
423.postdirection,NORH,NORTH
639.postdirection,NORHT,NORTH
974.postdirection,NOmRTH,NORTH
1749.streettype,TS,ST
1909.postdirection,NORsTH,NORTH
1702.postdirection,NROTH,NORTH
668.fullstreetname,29TH AVE,DASHIELL HAMMETT ST
97.streettype,AVaE,AVE
2485.streettype,AE,AVE
2452.fullstreetname,UNNrAMED 152,UNNAMED 152
2002.streetname,RIZLA,RIZAL
617.fullstreetname,05TH ST,COWELL PL
764.streettype,RxD,RD
1020.streettype,VE,AVE
630.fullstreetname,03RD ST,CRESTA VISTA DR
920.streetname,FORUNA,FORTUNA
53.fullstreetname,04TH ST,21ST ST
130.fullstreetname,03RD AVE,ALOHA AVE
965.streettype,VE,AVE
725.fullstreetname,06TH ST,DON CHEE WAY
1856.postdirection,NOTH,NORTH
2570.streetname,WESTBOROK,WESTBROOK
2690.fullstreetname,UNNAqMED ST,UNNAMED ST
705.fullstreetname,01ST ST,DEWEY BLVD
605.fullstreetname,04TH ST,CORTES AVE
494.fullstreetname,01ST ST,SLOAN ALY
899.streetname,FOREST KNLOLS,FOREST KNOLLS
141.fullstreetname,22ND ST,AMATISTA LN
718.streetname,DIIVSION,DIVISION
2270.fullstreetname,SUNRwISE WAY,SUNRISE WAY
293.fullstreetname,05TH ST,BELLES ST
461.postdirection,ONRTH,NORTH
159.postdirection,NOTRH,NORTH
1569.streetname,MAECHAM,MEACHAM
541.fullstreetname,32ND AVE,CLEMENTINA ST
89.streettype,VE,AVE
1682.postdirection,NORHT,NORTH
802.fullstreetname,ELWOO DST,ELWOOD ST
1698.streetname,NAMAN,NAUMAN
664.fullstreetname,06TH TI ST,DANVERS ST
1748.postdirection,NORTwH,NORTH
2648.streettype,AY,WAY
1235.streettype,T,ST
985.streetname,fGERMANIA,GERMANIA
527.postdirection,NORH,NORTH
1086.postdirection,NROTH,NORTH
2347.streettype,TS,ST
1849.postdirection,NORHT,NORTH
1924.streettype,VE,AVE
125.fullstreetname,05TH TI ST,ALLEN ST
395.fullstreetname,07TH ST,BRYANT ST
117.fullstreetname,06TH TI ST,ALBERTA ST
2047.streetname,RSUSELL,RUSSELL
548.postdirection,NORH,NORTH
11.fullstreetname,02ND ST,05TH AVE
123.fullstreetname,08TH TI ST,ALHAMBRA ST
611.fullstreetname,07TH AVE,COSTA ST
205.fullstreetname,06TH HP AVE,AUGUSTA ST
243.fullstreetname,03RD AVE,BANNAN PL
345.fullstreetname,05TH TI ST,BONITA ST
957.streetname,GARDEnN,GARDEN
1517.streetname,MRAINA,MARINA
1302.postdirection,ONRTH,NORTH
1591.fullstreetname,MERRIL LST,MERRILL ST
290.fullstreetname,02ND ST,BELLA VISTA WAY
208.fullstreetname,02ND AVE,AUTOMOBILE DR
414.fullstreetname,02ND ST,BYRON CT
2457.postdirection,ORTH,NORTH
2579.streettype,VE,AVE
100.fullstreetname,03RD ST,ACTON ST
733.fullstreetname,06TH HP AVE,DORIC ALY
56.postdirection,NORTjH,NORTH
1432.postdirection,ORTH,NORTH
540.fullstreetname,03RD AVE,CLEMENT ST
289.fullstreetname,03RD ST,BELL CT
1278.fullstreetname,JOHNSTONE R,JOHNSTONE DR
2177.fullstreetname,SHwOTWELL ST,SHOTWELL ST
2377.postdirection,NROTH,NORTH
784.postdirection,NORaTH,NORTH
385.fullstreetname,02ND TI ST,BROOKS ST
2049.streettype,L,PL
1469.postdirection,zNORTH,NORTH
2390.fullstreetname,UNAMED 027,UNNAMED 027
296.postdirection,NRTH,NORTH
1762.fullstreetname,OLIVEm ST,OLIVE ST
1472.postdirection,NRTH,NORTH
86.fullstreetname,03RD ST,43RD AVE
680.fullstreetname,28TH ST,DE MONTFORT AVE
349.fullstreetname,03RD TI ST,BOSWORTH ST
1487.postdirection,ONRTH,NORTH
2420.fullstreetname,UNcNAMED 084,UNNAMED 084
1617.fullstreetname,INT PLZ,MINT PLZ
536.postdirection,NOTH,NORTH
1861.streetname,BRITSOL,BRISTOL
424.streetname,CALIFRONIA,CALIFORNIA
1844.streettype,AEV,AVE
163.fullstreetname,03RD AVE,ANZAVISTA AVE
423.fullstreetname,06TH ST,CALHOUN TER
412.fullstreetname,01ST ST,BUSH ST
1815.streetname,PARDAISE,PARADISE
1783.fullstreetname,ORIOL WAY,ORIOLE WAY
213.fullstreetname,12TH AVE,AVENUE E
754.fullstreetname,04TH ST,DUNSMUIR ST
425.fullstreetname,06TH TI ST,CALIFORNIA ST
1804.streettype,VE,AVE
2501.streettype,TS,ST
248.fullstreetname,05TH TI ST,BARNEVELD AVE
1137.postdirection,NOjRTH,NORTH
1663.streettype,L,PL
2060.fullstreetname,SAINT CROIX R,SAINT CROIX DR
82.fullstreetname,02ND TI ST,39TH AVE
175.postdirection,ONRTH,NORTH
153.fullstreetname,03RD TI ST,ANGELOS ALY
1531.fullstreetname,ARSILY ST,MARSILY ST
662.fullstreetname,06TH ST,DANIEL BURNHAM CT
2578.streetname,aWHEAT,WHEAT
1073.streetname,HrARDIE,HARDIE
2677.streettype,T,ST
2698.fullstreetname,nMALOSI ST,MALOSI ST
2551.fullstreetname,wWAVERLY PL,WAVERLY PL
185.fullstreetname,03RD ST,ARLINGTON ST
1645.postdirection,ORTH,NORTH
2151.fullstreetname,SVERN ST,SEVERN ST
1660.streettype,TS,ST
750.streetname,DNCAN,DUNCAN
2460.fullstreetname,UNNAfMED 188,UNNAMED 188
1494.fullstreetname,MAIlN DR,MAIN DR
699.fullstreetname,03RD AVE,DEMING ST
807.postdirection,NvORTH,NORTH
521.fullstreetname,01ST ST,CHURCH PARKING LOT
388.fullstreetname,09TH AVE,BROWN ST
1737.postdirection,NORHT,NORTH
846.streettype,WYA,WAY
1417.fullstreetname,LILLIAsN ST,LILLIAN ST
847.streetname,FAIMOUNT,FAIRMOUNT
456.fullstreetname,07TH AVE,CARR ST
703.postdirection,NRTH,NORTH
234.fullstreetname,11TH TI ST,BALCETA AVE
94.fullstreetname,02ND AVE,TONI STONE XING
1669.streettype,hST,ST
671.fullstreetname,29TH ST,DAVIS CT
810.fullstreetname,ENCATNO AVE,ENCANTO AVE
2511.postdirection,ONRTH,NORTH
533.fullstreetname,31ST AVE,CLARKSON ST
638.fullstreetname,02ND AVE,CROOK ST
2253.streettype,NL,LN
216.fullstreetname,05TH TI ST,AVENUE I
2536.postdirection,ORTH,NORTH
466.streetname,CASEdLLI,CASELLI
255.fullstreetname,06TH ST,BATTERY CAULFIELD RD
679.fullstreetname,08TH ST,DE LONG ST
1759.streettype,AWY,WAY
498.fullstreetname,31ST AVE,CHARLES J BRENHAM PL
162.fullstreetname,02ND ST,ANZA ST
841.fullstreetname,EXPeOSITION DR,EXPOSITION DR
548.fullstreetname,16TH ST,CLIPPER COVE WAY
397.fullstreetname,16TH AVE,BUCHANAN ST
709.postdirection,NORHT,NORTH
2280.streetname,WISS,SWISS
646.fullstreetname,03RD AVE,CULEBRA TER
419.fullstreetname,04TH ST,CAINE AVE
2139.fullstreetname,SEARSST,SEARS ST
670.fullstreetname,04TH ST,DAVIDSON AVE
1594.fullstreetname,MRESEY ST,MERSEY ST
746.streettype,TS,ST
1339.streettype,L,PL
66.streetname,27TmH,27TH
587.fullstreetname,02ND TI ST,CONSTANSO WAY
1922.streetname,PUBLlIC,PUBLIC
1348.streettype,T,ST
990.postdirection,ORTH,NORTH
726.fullstreetname,02ND AVE,DONAHUE ST
1633.fullstreetname,MISTRA ST,MISTRAL ST
551.fullstreetname,BRIDGEVIEW DR,CLOVER ST
562.fullstreetname,02ND ST,COLLEGE AVE
1277.streettype,RD,DR
660.fullstreetname,CENTURY PL,DAKOTA ST
753.fullstreetname,03RD TI ST,DUNSHEE ST
1341.streettype,LP,PL
1829.fullstreetname,PASADENA TS,PASADENA ST
542.fullstreetname,10TH ST,CLEO RAND AVE
426.fullstreetname,02ND TI ST,CALVERT DR
1603.streetname,MIDAY,MIDWAY
44.fullstreetname,08TH ST,17TH AVE
2111.fullstreetname,SANTA MAINA ST,SANTA MARINA ST
1818.postdirection,NROTH,NORTH
246.streettype,VE,AVE
232.fullstreetname,21ST AVE,BALANCE ST
950.streettype,AEV,AVE
532.fullstreetname,ANSON PL,CLARKE ST
342.fullstreetname,ABBEY ST,BOB KAUFMAN ALY
1191.streetname,HWY 101 TOHWY 1,HWY 101 TO HWY 1
2180.postdirection,NOmRTH,NORTH
1651.streetname,MONTEREcY,MONTEREY
243.postdirection,NORtTH,NORTH
755.fullstreetname,02ND ST,DUTCH WINDMILL ACCESS RD
694.fullstreetname,CALIFORNIA AVE,DELAWARE ST
121.fullstreetname,07TH AVE,ALEMANY BLVD OFF RAMP
571.fullstreetname,AMES ST,COLUSA PL
1728.streetname,NORDHOFF***,NORDHOFF
283.fullstreetname,01ST ST,BEEMAN LN
518.fullstreetname,03RD AVE,CHUMASERO DR
75.postdirection,NOTH,NORTH
1001.fullstreetname,GLDASTONE DR,GLADSTONE DR
1787.streettype,AWY,WAY
486.fullstreetname,02ND ST,CERES ST
1571.streettype,DaR,DR
162.postdirection,NORHT,NORTH
2004.streettype,T,ST
778.fullstreetname,EDWARDp ST,EDWARD ST
203.fullstreetname,05TH TI ST,AUBURN ST
457.streettype,TS,ST
2005.streetname,bROBBLEE,ROBBLEE
2346.postdirection,NORHT,NORTH
33.fullstreetname,02ND TI ST,12TH ST
1919.fullstreetname,PROGRESS rST,PROGRESS ST
763.fullstreetname,03RD AVE,EAST CRYSTAL COVE TER
824.postdirection,lNORTH,NORTH
865.streettype,SgT,ST
1839.postdirection,NRTH,NORTH
439.fullstreetname,02ND ST,CANBY ST
366.fullstreetname,06TH AVE,BRET HARTE TER
655.postdirection,NORH,NORTH
2376.fullstreetname,UNION SzT,UNION ST
2591.streettype,T,ST
723.fullstreetname,06TH AVE,DOLORES TER
1339.streetname,KOHER,KOHLER
845.streettype,VAE,AVE
688.fullstreetname,02ND AVE,DEHON ST
215.fullstreetname,06TH AVE,AVENUE H
2542.fullstreetname,WASHBwURN ST,WASHBURN ST
1971.fullstreetname,RESTANI STWpY,RESTANI STWY
739.fullstreetname,07TH ST,DOVE LOOP
1321.streetname,KYE,KEY
433.fullstreetname,09TH AVE,LONG BRIDGE VARA
1982.fullstreetname,RvICHARDS CIR,RICHARDS CIR
1625.postdirection,NORHT,NORTH
305.fullstreetname,03RD AVE,BERKSHIRE WAY
215.postdirection,NOTH,NORTH
1119.postdirection,NOtRTH,NORTH
530.streettype,LY,ALY
2046.streettype,T,ST
695.postdirection,ORTH,NORTH
117.postdirection,NORTnH,NORTH
151.fullstreetname,02ND ST,ANDOVER ST
1708.streetname,NEVAAD,NEVADA
909.postdirection,NORHT,NORTH
1592.streetname,MERRIMAtC,MERRIMAC
272.postdirection,ONRTH,NORTH
534.fullstreetname,03RD AVE,CLAUDE LN
91.fullstreetname,29TH ST,48TH AVE
2538.streetname,AWRD,WARD
2684.streetname,ACAwCIA,ACACIA
2634.streetname,ORBA,YORBA
600.postdirection,NgORTH,NORTH
663.fullstreetname,08TH ST,DANTON ST
448.fullstreetname,02ND ST,CARDENAS AVE
1162.fullstreetname,HOWaARD RD,HOWARD RD
2418.streettype,TS,ST
1600.streetname,MIDDLE PIONT,MIDDLE POINT
252.fullstreetname,03RD ST,BASS CT
673.fullstreetname,02ND AVE,DAWNVIEW WAY
1734.postdirection,NOTRH,NORTH
1568.fullstreetname,MCRAE TS,MCRAE ST
1676.fullstreetname,MUIR T,MUIR CT
1214.postdirection,NvORTH,NORTH
661.postdirection,NORH,NORTH
2022.fullstreetname,hROMAIN ST,ROMAIN ST
2613.streettype,AE,AVE
474.postdirection,ORTH,NORTH
737.streettype,T,ST
273.fullstreetname,01ST ST,BAYWOOD CT
700.fullstreetname,03RD ST,DENSLOWE DR
449.fullstreetname,01ST ST,CARGO WAY
2024.postdirection,ORTH,NORTH
1307.postdirection,NOTH,NORTH
1117.postdirection,NOTRH,NORTH
118.fullstreetname,06TH TI ST,ALBION ST
1699.streettype,R,DR
297.fullstreetname,06TH ST,BEMIS ST
809.streettype,CkT,CT
2698.postdirection,NOTH,NORTH
875.streetname,01ST lTI,01ST TI
296.fullstreetname,02ND AVE,BELVEDERE ST
465.fullstreetname,06TH ST,CASE ST
550.fullstreetname,03RD ST,CLOVER LN
68.postdirection,NORHT,NORTH
894.streetname,FONTINEpLLA,FONTINELLA
56.fullstreetname,08TH TI ST,23RD AVE
315.fullstreetname,05TH ST,BERWICK PL
1820.fullstreetname,PAtRK HILL AVE,PARK HILL AVE
242.fullstreetname,CENTURY PL,BANKS ST
1914.streetname,PRESDIIO,PRESIDIO
2403.fullstreetname,UNNAMED 04e2,UNNAMED 042
2471.fullstreetname,VALE AE,VALE AVE
473.fullstreetname,04TH ST,CASTLE ST
276.fullstreetname,02ND AVE,BEACON ST
270.fullstreetname,03RD ST,BAYSIDE VILLAGE PL
2557.fullstreetname,WEDEMEYER TS,WEDEMEYER ST
1363.streetname,LAoMARTINE,LAMARTINE
443.fullstreetname,06TH TI ST,CAPISTRANO AVE
375.fullstreetname,09TH AVE,BROADMOOR DR
2635.streettype,zST,ST
757.fullstreetname,07TH ST,E ST
2240.fullstreetname,STEUART SqT,STEUART ST
666.fullstreetname,05TH TI ST,DARRELL PL
304.streettype,AWY,WAY
432.fullstreetname,02ND AVE,CAMP ST
967.postdirection,NORHT,NORTH
1670.fullstreetname,MOUTON ST,MOULTON ST
1536.streetname,MARVfEL,MARVEL
312.fullstreetname,06TH ST,BERTHA LN
731.streettype,lWAY,WAY
1568.streettype,SzT,ST
1111.postdirection,NORHT,NORTH
333.fullstreetname,CENTURY PL,BLANDY ST
952.fullstreetname,GAVEZ AVE,GALVEZ AVE
383.fullstreetname,05TH TI ST,BROOKHAVEN LN
2463.fullstreetname,UPPER pTER,UPPER TER
2372.postdirection,NORHT,NORTH
102.fullstreetname,05TH TI ST,ADAIR ST
953.streetname,GAMIBER,GAMBIER
617.postdirection,NOnRTH,NORTH
268.fullstreetname,07TH AVE,BAY VIEW ST
1614.streetname,MINREVA,MINERVA
1865.postdirection,NRTH,NORTH
1809.postdirection,NORHT,NORTH
1949.fullstreetname,RAUCH ST,RAUSCH ST
353.fullstreetname,ALLSTON WAY,BOWLEY ST
691.fullstreetname,05TH ST,DEL VALE AVE
1008.streetname,GLzOBE,GLOBE
2365.streetname,TUIP,TULIP
719.streettype,AY,ALY
487.fullstreetname,01ST ST,CERRITOS AVE
573.postdirection,NORHT,NORTH
1088.fullstreetname,AHRRISON ST,HARRISON ST
686.fullstreetname,06TH TI ST,DEDMAN CT
891.postdirection,ONRTH,NORTH
40.fullstreetname,06TH TI ST,15TH AVE
1849.streettype,AEV,AVE
422.fullstreetname,03RD TI ST,CALGARY ST
111.fullstreetname,04TH ST,AHERN WAY
547.fullstreetname,04TH ST,CLIPPER TER
622.fullstreetname,06TH HP AVE,CRANE ST
246.fullstreetname,04TH ST,BARCELONA AVE
131.postdirection,NORTfH,NORTH
1474.streettype,RD,DR
501.postdirection,NORhTH,NORTH
124.streettype,ePL,PL
619.fullstreetname,ABBEY ST,CRAGMONT AVE
227.fullstreetname,06TH HP AVE,BACON ST
633.fullstreetname,02ND AVE,CRESTMONT DR
520.fullstreetname,AVENUE D,CHURCH ACCESS RD
1745.streettype,L,PL
386.fullstreetname,03RD AVE,BROSNAN ST
481.fullstreetname,20TH AVE,CEDAR ST
599.fullstreetname,03RD AVE,CORDELIA ST
364.fullstreetname,05TH ST,BREEN PL
527.fullstreetname,07TH AVE,CLAREMONT BLVD
446.fullstreetname,04TH ST,CAPRA WAY
494.streettype,AY,ALY
111.streetname,AHRN,AHERN
2260.fullstreetname,STRIPED BASS ST***,STRIPED BASS ST
504.fullstreetname,08TH ST,CHAVES AVE
1803.fullstreetname,PAHCECO ST,PACHECO ST
1392.streetname,LEAVENvWORTH,LEAVENWORTH
1102.streettype,T,ST
385.streettype,SsT,ST
930.fullstreetname,RFEDELA LN,FREDELA LN
230.streettype,T,CT
1986.streetname,RCIKARD,RICKARD
304.fullstreetname,06TH ST,BERKELEY WAY
2128.streettype,LAY,ALY
792.streetname,ELLRT,ELLERT
698.fullstreetname,03RD AVE,DELTA ST
45.postdirection,NORbTH,NORTH
499.fullstreetname,02ND AVE,CHARLTON CT
192.fullstreetname,06TH HP AVE,ASH ST
2054.streetname,SARAMENTO,SACRAMENTO
214.fullstreetname,AGUA WAY,AVENUE F
1667.postdirection,NORH,NORTH
876.fullstreetname,aHOLLAND CT,HOLLAND CT
2340.streettype,fCT,CT
738.fullstreetname,02ND AVE,DOUGLASS ST
114.fullstreetname,BRIDGEVIEW DR,ALAMEDA ST
710.fullstreetname,03RD AVE,DIANA ST
429.fullstreetname,06TH ST,CAMELLIA AVE
2439.streetname,UNNAEMD 119,UNNAMED 119
1937.fullstreetname,RACINEL N,RACINE LN
914.streetname,FORTMASON 8,FORT MASON 8
741.fullstreetname,03RD ST,DOWNEY ST
444.fullstreetname,03RD AVE,CAPITOL AVE
224.postdirection,ONRTH,NORTH
132.fullstreetname,05TH ST,ALPINE TER
71.fullstreetname,02ND ST,30TH AVE
420.fullstreetname,32ND AVE,CAIRE TER
1194.fullstreetname,HDE ST,HYDE ST
389.fullstreetname,02ND TI ST,BRUCE AVE
116.fullstreetname,03RD AVE,ALBATROSS CT
200.fullstreetname,01ST ST,ATHENS ST
2153.fullstreetname,SEWRD ST,SEWARD ST
1572.postdirection,NORHT,NORTH
2696.streettype,wWAY,WAY
1216.fullstreetname,IMPERIA ALY,IMPERIAL ALY
188.fullstreetname,05TH ST,ARMSTRONG AVE
1922.streettype,ARK,PARK
464.fullstreetname,03RD AVE,CASCADE WALK
1339.postdirection,NORHT,NORTH
1653.fullstreetname,MONTGOMERrY ST,MONTGOMERY ST
1719.streettype,eCT,CT
2511.fullstreetname,hVINE TER,VINE TER
2430.streetname,UNNAEMD 101,UNNAMED 101
1093.streettype,ScT,ST
2054.streettype,TS,ST
1008.postdirection,NORHT,NORTH
2067.streettype,AYL,ALY
1087.streetname,HARISON,HARRISON
124.fullstreetname,06TH HP AVE,ALICE B TOKLAS PL
987.streetname,GGP ACCESS ROAD***,GGP ACCESS ROAD
1657.postdirection,NtORTH,NORTH
1567.fullstreetname,MCAE LN,MCRAE LN
1963.streetname,REDONOD,REDONDO
2349.postdirection,NjORTH,NORTH
1757.streetname,OFmARRELL,OFARRELL
411.fullstreetname,03RD AVE,BURROWS ST
1702.fullstreetname,NALOR ST,NAYLOR ST
258.fullstreetname,08TH TI ST,BATTERY CROSBY RD
2517.streettype,N,LN
514.fullstreetname,08TH ST,CHINOOK CT
129.fullstreetname,01ST ST,ALMADEN CT
323.fullstreetname,CENTURY PL,BIRD ST
1421.streettype,ClT,CT
410.streettype,pST,ST
184.streettype,VE,AVE
1642.fullstreetname,MONOST,MONO ST
608.postdirection,ORTH,NORTH
2427.streettype,SzT,ST
172.fullstreetname,08TH TI ST,ARBOL LN
256.fullstreetname,06TH AVE,BATTERY CHAMBERLIN RD
2661.fullstreetname,FIRST DR EATS,FIRST DR EAST
109.fullstreetname,05TH ST,AGNON AVE
76.fullstreetname,07TH ST,33RD AVE
592.fullstreetname,AGUA WAY,COPPER ALY
748.streettype,DR,RD
57.fullstreetname,06TH HP AVE,23RD ST
290.streettype,WAeY,WAY
716.fullstreetname,06TH AVE,DIRK DIRKSEN PL
2642.streetname,AVOECT,AVOCET
1291.postdirection,NpORTH,NORTH
1127.fullstreetname,dHILL DR,HILL DR
2643.streetname,ZNEO,ZENO
1226.fullstreetname,INGALLS TS,INGALLS ST
2166.streetname,SdHEPHARD,SHEPHARD
564.streettype,T,ST
392.fullstreetname,02ND TI ST,BRUSH LN
2115.postdirection,NORHT,NORTH
644.fullstreetname,03RD AVE,CUBA ALY
184.fullstreetname,03RD AVE,ARLETA AVE
2275.postdirection,NORhTH,NORTH
186.fullstreetname,05TH TI ST,ARMISTEAD RD
523.fullstreetname,08TH ST,CIRCULAR AVE
377.fullstreetname,CENTURY PL,BRODERICK ST
749.fullstreetname,07TH AVE,DUKES CT
1297.streettype,fRAMP,RAMP
410.fullstreetname,05TH TI ST,BURRITT ST
1074.streetname,HARDNIG,HARDING
322.fullstreetname,06TH ST,BIRCHWOOD CT
853.postdirection,NOTH,NORTH
2134.postdirection,NOlRTH,NORTH
2651.postdirection,NORTqH,NORTH
1431.streettype,T,ST
1969.streetname,REPSA,REPOSA
768.streetname,ECEKR,ECKER
1678.fullstreetname,MULFOD ALY,MULFORD ALY
1904.fullstreetname,POWEL LST,POWELL ST
522.fullstreetname,07TH AVE,CIELITO DR
1696.streetname,ATICK,NATICK
100.postdirection,NORTjH,NORTH
538.fullstreetname,07TH ST,CLEARVIEW CT
143.postdirection,ORTH,NORTH
803.postdirection,NOTH,NORTH
85.fullstreetname,06TH HP AVE,42ND AVE
1822.streettype,nDR,DR
2475.postdirection,NORH,NORTH
972.streetname,AVIOTA,GAVIOTA
2462.postdirection,ORTH,NORTH
2299.fullstreetname,TEEGRAPH HILL BLVD,TELEGRAPH HILL BLVD
2545.streettype,WYA,WAY
398.fullstreetname,04TH ST,BUCKINGHAM WAY
284.fullstreetname,03RD TI ST,BEHR AVE
1834.postdirection,NORrTH,NORTH
291.fullstreetname,02ND ST,BELLAIR PL
872.streettype,oST,ST
2173.streetname,SHIdP,SHIP
752.fullstreetname,02ND ST,DUNNES ALY
143.streettype,VE,AVE
2158.fullstreetname,SAFTER RD,SHAFTER RD
992.streettype,D,RD
575.fullstreetname,06TH TI ST,COMMONWEALTH AVE
678.fullstreetname,BERCUT ACCESS RD,DE HARO ST
1480.postdirection,NORH,NORTH
543.fullstreetname,02ND AVE,CLEVELAND ST
263.fullstreetname,08TH TI ST,BAXTER ALY
577.fullstreetname,06TH ST,CONCORD ST
409.fullstreetname,06TH HP AVE,BURR AVE
712.fullstreetname,02ND TI ST,DICHA ALY
1161.fullstreetname,HWARD CT,HOWARD CT
1236.streettype,TS,ST
122.fullstreetname,03RD TI ST,ALERT ALY
806.streetname,EMEY,EMERY
566.fullstreetname,BRADFORD ST,COLON AVE
607.fullstreetname,02ND AVE,CORWIN ST
1709.postdirection,oNORTH,NORTH
1553.postdirection,NROTH,NORTH
29.fullstreetname,08TH ST,11TH AVE
1860.fullstreetname,PFEIFFE ST,PFEIFFER ST
336.postdirection,NqORTH,NORTH
612.fullstreetname,05TH ST,COTTAGE ROW
589.fullstreetname,02ND AVE,CONVERSE ST
380.fullstreetname,01ST ST,BRONTE ST
2481.streetname,AVN KEUREN,VAN KEUREN
175.fullstreetname,01ST ST,ARCO WAY
1410.fullstreetname,LEtVANT ST,LEVANT ST
1313.fullstreetname,MRS. JACKSO NWAY,MRS. JACKSON WAY
244.fullstreetname,06TH TI ST,BANNEKER WAY
1372.streetname,HARMOIA,HARMONIA
1542.fullstreetname,ASON ST,MASON ST
1428.streetname,LISBOzN,LISBON
709.fullstreetname,07TH AVE,DIAMOND HEIGHTS BLVD
1192.streetname,HWY 101r TO I-280,HWY 101 TO I-280
760.postdirection,ORTH,NORTH
808.streettype,oST,ST
245.streetname,BNANOCK,BANNOCK
332.fullstreetname,06TH HP AVE,BLANCHE ST
131.fullstreetname,03RD AVE,ALPHA ST
126.fullstreetname,06TH ST,ALLISON ST
2442.postdirection,ONRTH,NORTH
2544.streetname,WASHINTON,WASHINGTON
1153.fullstreetname,HOMWOOD CT,HOMEWOOD CT
1705.postdirection,NORH,NORTH
2540.streetname,WARqNER,WARNER
708.streettype,TRE,TER
1399.streettype,AE,AVE
408.fullstreetname,ANDERSON ST,BURNSIDE AVE
717.fullstreetname,DIVISDAERO ST,DIVISADERO ST
2366.streetname,TNUNEL,TUNNEL
762.streettype,D,RD
2192.streettype,WYA,WAY
115.fullstreetname,01ST ST,ALANA WAY
2142.streetname,SECURITY PACIFCI,SECURITY PACIFIC
693.fullstreetname,BEACH ST,DELANO AVE
495.fullstreetname,29TH AVE,CHANNEL ST
1980.fullstreetname,RICE TS,RICE ST
1334.streetname,KITTREGDE,KITTREDGE
2539.postdirection,NOTH,NORTH
238.fullstreetname,AMHERST ST,BALTIMORE WAY
417.fullstreetname,07TH AVE,CABRILLO ST
889.streettype,TS,ST
428.fullstreetname,29TH AVE,CAMBRIDGE ST
263.postdirection,NROTH,NORTH
245.fullstreetname,CENTURY PL,BANNOCK ST
476.fullstreetname,28TH ST,DR MAYA ANGELOU LN
79.fullstreetname,11TH TI ST,36TH AVE
648.fullstreetname,08TH ST,CUNNINGHAM PL
1618.postdirection,NROTH,NORTH
334.fullstreetname,07TH ST,BLANKEN AVE
536.fullstreetname,02ND AVE,CLAYTON ST
1639.fullstreetname,MONCADA qWAY,MONCADA WAY
890.postdirection,NORTfH,NORTH
2392.fullstreetname,NUNAMED 031,UNNAMED 031
2364.streettype,SkT,ST
118.streettype,T,ST
1276.fullstreetname,JOmHN MAHER ST,JOHN MAHER ST
588.fullstreetname,06TH AVE,CONTINUUM WAY
1719.postdirection,NOTRH,NORTH
1606.postdirection,NROTH,NORTH
203.postdirection,NRTH,NORTH
138.fullstreetname,07TH AVE,ALVISO ST
1870.streetname,PcINE,PINE
1574.streettype,WYA,WAY
1130.streettype,CqT,CT
561.fullstreetname,02ND ST,COLLEEN WAY
1196.fullstreetname,I-28 0N OFF RAMP,I-280 N OFF RAMP
906.fullstreetname,FORT MAOSN 13,FORT MASON 13
2599.postdirection,NORTpH,NORTH
1874.streettype,VAE,AVE
553.streettype,SjT,ST
225.fullstreetname,06TH HP AVE,AZTEC ST
2700.streettype,WAKL,WALK
1386.streettype,T,CT
2264.fullstreetname,SUMNER AjVE,SUMNER AVE
1109.postdirection,NORH,NORTH
46.fullstreetname,08TH TI ST,18TH AVE
2394.streetname,UNAMED 033,UNNAMED 033
2662.fullstreetname,LAKE ERCED HILL ST SOUTH,LAKE MERCED HILL ST SOUTH
1241.streetname,ISOLlA,ISOLA
152.fullstreetname,01ST ST,ANDREW ST
549.fullstreetname,02ND AVE,CLOUD CIR
1510.postdirection,NORhTH,NORTH
2235.postdirection,NORTwH,NORTH
695.fullstreetname,02ND TI ST,DELGADO PL
197.fullstreetname,03RD AVE,ASHWOOD LN
421.fullstreetname,08TH ST,CALEDONIA ST
1160.streettype,T,ST
909.fullstreetname,FORT MASON1 7,FORT MASON 17
799.streetname,ELMIA,ELMIRA
381.fullstreetname,06TH AVE,BROOK ST
2245.streetname,STLILINGS,STILLINGS
222.fullstreetname,08TH TI ST,AVOCA ALY
2170.streetname,uSHERMAN,SHERMAN
1055.fullstreetname,ABITAT TER,HABITAT TER
748.fullstreetname,06TH HP AVE,DUDLEY RD
1903.streettype,AtVE,AVE
1195.postdirection,NyORTH,NORTH
555.fullstreetname,CASELLI AVE,COLBY ST
