fullstreetname,streetname,streettype,postdirection
01ST ST,01ST,ST,NORTH
02ND AVE,02ND,AVE,NORTH
02ND ST,02ND,ST,NORnTH
02ND TI ST,02ND TI,ST,NORTH
03RD AVE,03RD,AVE,NORTH
03RD ST,03RD,ST,NORTH
03RD TI ST,03RD TI,ST,NORTH
02ND ST,04TH,AVE,NORTH
04TH ST,04TH,ST,NORTH
02ND ST,04TH TI,ST,NORTH
02ND ST,05TH,AVE,NORTH
05TH ST,05TH,ST,NORTH
05TH TI ST,05TH TI,ST,NORTH
06TH AVE,06TH,AVE,NORTH
06TH ST,06TH,ST,NORTH
06TH HP AVE,06TH HP,AVE,NORTH
06TH TI ST,06TH TI,ST,NORTH
07TH AVE,07TH,AVE,NORTH
07TH ST,07TH,ST,NORTH
04TH ST,08TH,AVE,NORTH
08TH ST,08TH,ST,NORTH
08TH TI ST,08TH TI,ST,NORTH
09TH AVE,09TH,AVE,NORTH
06TH HP AVE,09TH,ST,NORTH
03RD AVE,09TH TI,ST,NORTH
05TH TI ST,10TH,AVE,NORTH
10TH ST,10TH,ST,NORTH
06TH HP AVE,10TH TI,ST,NORTH
08TH ST,11TH,AVE,NORTH
06TH AVE,11TH,ST,NORTH
11TH TI ST,11TH TI,ST,NORTH
12TH AVE,12TH,AVE,NORTH
02ND TI ST,12TH,ST,NORTH
03RD AVE,12TH TI,ST,NORTH
02ND AVE,13TH,ST,NORTH
13TH TI ST,13TH TI,ST,NORTH
05TH ST,14TH,AVE,NORTH
03RD AVE,14TH,ST,NORTH
03RD TI ST,14TH TI,ST,NORTH
06TH TI ST,15TH,AVE,NORTH
05TH ST,15TH,ST,NORTH
16TH AVE,16TH,AVE,NORTH
16TH ST,16TH,ST,NORTH
08TH ST,17TH,AVE,NORTH
04TH ST,17TH,ST,NORbTH
08TH TI ST,18TH,AVE,NORTH
02ND AVE,18TH,ST,NORTH
02ND AVE,19TH,AVE,NORTH
02ND AVE,19TH,ST,NOTRH
20TH AVE,20TH,AVE,ORTH
20TH ST,20TH,ST,NORTH
21ST AVE,21ST,AVE,NORTH
04TH ST,21ST,ST,NORTH
05TH TI ST,22ND,AVE,NORTH
22ND ST,22ND,ST,NORTH
08TH TI ST,23RD,AVE,NORTjH
06TH HP AVE,2R3D,ST,NORTH
05TH ST,24TH,AVE,NORH
24TH ST,24TH,ST,NORTH
22ND ST,25TH,AVE,NORTH
SAM JORDANS WAY,SAM JORDANS,WAY,NORTH
07TH ST,25TH,ST,NORTH
06TH ST,26TH,AVE,NORTH
16TH AVE,26TH,ST,ONRTH
02ND TI ST,27TH,AVE,NORcTH
20TH AVE,27TmH,ST,NORTH
06TH HP AVE,28TH,AVE,NORTH
28TH ST,28TH,ST,NORHT
29TH AVE,29TH,AVE,NORTH
29TH ST,29TH,ST,NORTH
02ND ST,30TH,AVE,NORTH
06TH HP AVE,30TH,ST,NORTH
31ST AVE,31ST,AVE,NORTH
03RD AVE,31ST,ST,NORTH
32ND AVE,32ND,AVE,NOTH
07TH ST,33RD,AVE,NORTH
08TH TI ST,34TH,AVE,NORHT
28TH ST,35TH,AVE,NORTH
11TH TI ST,36TH,AVE,NORTH
03RD AVE,37TH,AVE,NORTH
06TH AVE,38TH,AEV,NORTH
02ND TI ST,39TH,AVE,NORTH
02ND AVE,40TH,AVE,NORTH
04TH ST,41ST,AVoE,NORTH
06TH HP AVE,42ND,qAVE,NORTH
03RD ST,43RD,AVE,NORTH
02ND TI ST,44TH,AVE,NORTH
02ND TI ST,45TH,AVE,NORTH
06TH TI ST,46TH,VE,NORTH
02ND TI ST,47TH,AVE,NORTH
29TH ST,48TH,AVE,NORTH
21ST AVE,A,ST,NORTH
ABBEY ST,ABBEY,ST,NORTH
02ND AVE,TONI STONE,XING,NORTH
07TH AVE,ACACIA,ST,NOvRTH
12TH AVE,ACADIA,ST,NORTH
03RD ST,ACEVEDO,AVaE,NORTH
06TH HP AVE,ACME,AY,NORTH
03RD ST,ACORN,ALY,NORTH
03RD ST,ACTON,ST,NORTjH
02ND AVE,ADA,CT,NORTH
05TH TI ST,ADAIR,T,NRTH
02ND AVE,ADAM,T,NORTH
02ND AVE,ADDISON,ST,NORTH
03RD ST,ADELE,CT,NORTH
03RD AVE,ADMIRAL,AVE,NORTH
28TH ST,ADOLPH SiUTRO,CT,NROTH
04TH ST,AERIAL,WAY,NORTH
05TH ST,AGNON,AoVE,NORTH
AGUA WAY,AGUA,WAY,NORTH
04TH ST,AHRN,WAY,NORTH
ALABAMA ST,ALABAMA,ST,NOTRH
03RD TI ST,ALADDIN,TER,NORTH
BRIDGEVIEW DR,ALAMEDA,ST,NORTH
01ST ST,ALANA,WAY,NORTH
03RD AVE,ALBATROSS,CT,NORTH
06TH TI ST,ALBERTA,ST,NORTnH
06TH TI ST,ALBION,T,NORTH
08TH ST,ALDER,ST,NORTH
06TH ST,ALEMANY,BLVD,NORTH
07TH AVE,ALEMANY BLVD OFF,RAMP,NORTH
03RD TI ST,ALERT,ALY,NORTH
08TH TI ST,ALHAMBRA,ST,NORTH
06TH HP AVE,ALICE B TOKLAS,ePL,NORTH
05TH TI ST,ALLEN,TS,ORTH
06TH ST,ALLISON,ST,NORTH
ALLSTON WAY,ALLSTON,WAY,NORTH
07TH ST,ALMA,ST,NORTH
01ST ST,ALMADEN,CT,NORTH
03RD AVE,ALOHA,AVE,NORTH
03RD AVE,ALPHA,ST,NORTfH
05TH ST,ALPINE,TER,NORTH
03RD TI ST,ALTA,ST,NORTH
05TH TI ST,ALTA MAR,WAY,NORTH
02ND TI ST,ALTA VISTA,TER,NORTH
02ND ST,ALTON,AVE,NORTH
02ND TI ST,ALVARADO,ST,NORTH
07TH AVE,ALVISO,ST,NORTH
01ST ST,ALVORD,ST,NORTH
08TH ST,AMADOR,ST,NORTH
22ND ST,AMATISTA,LN,NORTH
06TH TI ST,AMATURY,LOOP,NORTH
08TH TI ST,AMAZON,VE,ORTH
07TH AVE,AMBER,DR,NORTH
08TH TI ST,AMBROSE BIERCE,ST,NORTH
AMES ST,AMES,ST,NORTH
04TH ST,AMETHYST,WAY,NORTH
AMHERST ST,AMHERST,ST,NORTH
07TH AVE,AMITY,ALY,NORTH
ANDERSON ST,ANDERSON,ST,NOjRTH
02ND ST,ANDOVER,ST,NORTH
01ST ST,ANDREW,ST,NORTH
03RD TI ST,ANGELOS,ALY,NORTH
04TH ST,ANGLO,ALY,NORTH
03RD AVE,ANKENY,ST,NtORTH
07TH AVE,ANNAPOLIS,TER,NORTH
06TH TI ST,ANNIE,ST,NORTH
ANSON PL,ANSON,PL,NORTH
04TH ST,ANTHONY,ST,NOTRH
02ND TI ST,ANTONIO,ST,NORTH
06TH AVE,ANZA,AVE,NORTtH
02ND ST,ANZA,ST,NORHT
03RD AVE,ANZAVISTA,AVE,NORTH
02ND AVE,mAPOLLO,ST,NORTH
APPAREL WAY,APPAREL,WAY,NORTH
03RD ST,APPLETON,AVE,NORTH
02ND ST,APPLETON,ST,NORTH
ABBEY ST,APTOS,AVE,NORTH
03RD ST,AQUAVISTA,WAY,NORTH
03RD TI ST,ARAGO,ST,ORTH
03RD ST,ARBALLO,DR,NORTH
08TH TI ST,ARBOL,LN,NORTH
08TH TI ST,ARBOR,ST,NORTH
06TH AVE,ARCH,ST,NROTH
01ST ST,ARCO,AY,ONRTH
ARDATH CT,ARDATH,CT,NORTH
02ND ST,ARDENWOOD,WAY,NORTH
06TH HP AVE,ARELIOUS WALKER,DR,NORTH
08TH ST,ARELLNAO,AVE,NORTH
03RD ST,ARGENT,ALY,NORTH
22ND ST,ARGONAUT,AVE,NORTH
03RD TI ST,ARGUELLO,BLVD,NORTH
07TH AVE,ARKANSAS,ST,NOTH
03RD AVE,ARLETA,VE,NORTH
03RD ST,ARLINGTON,ST,NORTH
05TH TI ST,ARMISTEAD,RD,NORTH
04TH ST,ARMORY,DR,NORTH
05TH ST,ARMSTRONG,AVE,NORTH
06TH AVE,ARNOLD,VE,mNORTH
02ND TI ST,ARROYO,WAY,NOTRH
08TH TI ST,ARTHUR,AVE,NORTH
06TH HP AVE,ASH,ST,NORTH
03RD TI ST,ASHBURTON,PL,NORTH
AGUA WAY,ASHBURY,ST,NORTH
22ND ST,ASHBURY,TER,NORTH
01ST ST,ASHTON,AVE,NOTRH
03RD AVE,ASHWOOD,LN,uNORTH
06TH TI ST,ASPEN,CT,NORTH
05TH ST,ATALAYA,TER,NORTH
01ST ST,ATHENS,ST,NORTH
02ND ST,ATOLL,CIR,NORTH
03RD TI ST,ATTRIDGE,ALY,NORTH
05TH TI ST,AUBURN,ST,NRTH
01ST ST,AUGUST,ALY,kNORTH
06TH HP AVE,AUGUSTA,ST,NORTH
03RD AVE,AUSTIN,ST,NORTH
06TH AVE,AUTO,DR,NORTH
02ND AVE,AUTOMOBILE,DR,NORTH
AGUA WAY,AVALNO,AVE,NORTH
21ST AVE,AVENUE B,ST,NORTH
20TH AVE,AVENUE C,ST,NORTH
AVENUE D,AVENUE D,ST,NORTH
12TH AVE,AVENUE E,ST,NORTH
AGUA WAY,AVENUE F,ST,NORTH
06TH AVE,AVENUE H,ST,NOTH
05TH TI ST,AVENUE I,ST,NORTH
02ND ST,AVENUE M,eST,NORTH
CENTURY PL,AVENUE N,ST,NORTH
CENTURY PL,AVENUE OF THE PALMS,ST,NORTH
07TH ST,AVERY,ST,NOcRTH
03RD TI ST,AVILA,ST,NORTH
08TH TI ST,AVOCA,ALY,NORTH
06TH HP AVE,WURSTER,vLN,NORTH
01ST ST,AVON,WAY,ONRTH
06TH HP AVE,AZTEC,ST,ORTH
03RD AVE,BACHE,ST,NORTH
06TH HP AVE,BACON,ST,NORTH
12TH AVE,BADdEN,ST,NORTH
04TH ST,BADGER,ST,NORTH
05TH TI ST,BAKER,T,NORTH
CENTURY PL,BAKER,ST,NORTH
21ST AVE,BALANCE,ST,NORTH
32ND AVE,BALBOA,ST,NORTH
11TH TI ST,BALCETA,AVE,NORTH
02ND ST,BALDWIN,CT,NORTH
04TH ST,BALHI,CT,NORTH
03RD AVE,BALMY,ST,NORTH
AMHERST ST,BALTIMORE,WAY,NORTH
05TH TI ST,BANBURY,DR,NORTH
06TH HP AVE,BANCROFT,AVE,NORTH
02ND AVE,BANK,ST,ONRTH
CENTURY PL,BANKS,ST,NORTH
03RD AVE,BANNAN,PL,NORtTH
06TH TI ST,BANNEKER,WAY,NORTH
CENTURY PL,BNANOCK,ST,NORTH
04TH ST,BARCELONA,VE,NORTH
05TH TI ST,BARNARD,AVE,NORTH
05TH TI ST,BARNEVELD,AVE,NORTH
03RD ST,BARRY,CT,NORTH
06TH TI ST,BARTLETT,ST,NORTH
20TH AVE,BARTOL,ST,NORTH
03RD ST,BASS,TC,NORTH
07TH AVE,BATTERY,ST,ORTH
06TH AVE,BATTERY BLANEY,cRD,NORTH
06TH ST,BATTERY CAULFIELD,RD,NORTH
06TH AVE,BATTERY CHAMBERLIN,RD,NORTH
04TH ST,BATTERY CRANSTON,RD,NORTH
08TH TI ST,BATTERY CROSBY,RD,NORTH
05TH ST,BATTERY DYNAMITE,RD,NORTH
03RD AVE,BATTERY EAST,RD,NORTH
02ND ST,BATTREY SAFFORD,RD,NORTH
AMHERST ST,BATTERY WAGNER,RD,NORTH
08TH TI ST,BAXTER,ALY,NROTH
02ND TI ST,BAY,ST,NORTH
03RD AVE,BAY SHORE,BLVD,NORTH
02ND ST,BAY SHORE BLVD OFF,RAMP,NORTH
04TH ST,BAY SHORE BLVD ON,RAMP,NORTH
07TH AVE,BAY VIEW,ST,NORTH
01ST ST,BAYSIDE,DR,NORTH
03RD ST,BAYSIDE VILLAGE,PL,NOTH
03RD ST,BAYVIEW,CIR,NORTH
03RD AVE,BAYVIEW PARK,RD,ONRTH
01ST ST,BAYWOOD,CT,NORTH
BEACH ST,BEACH,ST,NORTH
02ND ST,BEACHMONT,DR,NORTH
02ND AVE,BEACON,ST,NORTH
06TH TI ST,BEALE,ST,NORTH
06TH ST,BEATRICE,LN,NOTH
02ND TI ST,EBAUMONT,AVE,NORTH
32ND AVE,BEAVER,ST,NORTH
07TH AVE,BECKETT,ST,NORTH
02ND AVE,BEDFORD,uPL,NORTH
01ST ST,BEEMAN,LN,NOTH
03RD TI ST,BEHR,AVE,NORTH
03RD TI ST,BEIDEMAN,ST,NORTH
06TH HP AVE,BELCHER,ST,NORTH
02ND ST,BELDEN,ST,NROTH
01ST ST,BELGRAVE,qAVE,NORTH
03RD ST,BELL,CT,NORTH
02ND ST,BELLA VISTA,WAeY,NORTH
02ND ST,BELLAIR,PL,NORTH
AMES ST,BELLE,AVE,NORlTH
05TH ST,BELLES,ST,NORTH
04TH ST,BELLEVUE,AVE,NORTH
01ST ST,BELMNOT,AVE,NORTH
02ND AVE,BELVEDERE,ST,NRTH
06TH ST,BEMIS,ST,NORTH
02ND ST,BENGAL,ALY,NORTH
03RD TI ST,BENNINGTON,ST,NORTH
AGUA WAY,BENTON,AVE,NORTH
01ST ST,BEPLER,ST,NORTH
BERCUT ACCESS RD,BERCUT ACCESS,RD,NORTH
07TH ST,BERGEN,ALY,NORTH
06TH ST,BERKELEY,AWY,NORTH
03RD AVE,BERKSHIRE,WAY,NORTH
05TH TI ST,BERNAL HEIGHTS,BLVD,NORHT
08TH ST,BERNARD,ST,NORTH
04TH ST,BERNICE,SrT,NORTH
08TH TI ST,BERNICE RODGERS,WAY,NORTH
03RD ST,BERRY,ST,NORTH
BERCUT ACCESS RD,BERRY EXTENSION,ST,NORTH
06TH ST,BERTHA,LN,NORTH
03RD ST,BERTIE MINOR,LN,NORTH
03RD AVE,BERTITA,ST,NORTH
05TH ST,BERWICK,PL,NORTH
BERCUT ACCESS RD,BESSIE,ST,NRTH
07TH AVE,BEULAH,ST,NORTH
ARDATH CT,BEVERLY,ST,NORTH
CENTURY PL,BIGELOW,CT,NORTH
07TH ST,BIGLER,AVE,NORTH
06TH HP AVE,BIRCH,ST,ONRTH
06TH ST,BIRCHWOOD,CT,NORTH
CENTURY PL,BIRD,ST,NORTH
31ST AVE,BIRMINGHAM,RD,NORTH
07TH AVE,BISHOP,ST,NORTH
05TH ST,BITTING,AVE,NORTH
02ND AVE,BLACK,PL,NORTH
03RD ST,BLACKSTONE,CT,NORTH
06TH AVE,BLAIR,TER,NORTH
07TH AVE,BLAIRWOOD,LN,NORTH
06TH TI ST,BLAKE,ST,NORTH
06TH HP AVE,BLANCHE,ST,ORTH
CENTURY PL,BLANDY,ST,NORTH
07TH ST,BLANKEN,AVE,NORTH
02ND ST,BLATCHFORD,LN,NORTH
04TH ST,BLISS,CT,NqORTH
06TH ST,BLISS,RD,NORTH
02ND ST,BLUXOME,ST,NORTH
APPAREL WAY,BLYTHDALE,AVE,NORTH
07TH ST,BOALT,ST,NORTH
05TH TI ST,BOARDMAN,PL,NORTH
ABBEY ST,BOB KnAUFMAN,ALY,NORTH
03RD AVE,BOCANA,ST,NORTH
BONIFACIO ST,BONFIACIO,ST,NORTH
05TH TI ST,BONITA,ST,NORTH
02ND AVE,BONNIE BRAE,LN,NORTH
04TH ST,BONVIEW,ST,NORTH
CENTURY PL,BORICA,ST,NORTH
03RD TI ST,BOSWORTH,ST,NORTH
06TH AVE,BOUTWELL,ST,NORTH
SAM JORDANS WAY,BOWDOIuN,ST,NORTH
02ND TI ST,BOWLEY,CT,NORTH
ALLSTON WAY,BOWLEY,ST,NORTH
04TH ST,BOWLING GREEN,DR,NOTRH
02ND TI ST,BOWMAN,CT,NORTH
12TH AVE,BOYD,ST,NORTH
02ND AVE,BOYLSTON,ST,NORTH
02ND AVE,BOYNTON,T,NORTH
BRADFORD ST,BRADFORD,ST,NORTH
05TH ST,BRADY,T,NORTH
05TH ST,BRANNAN,ST,NORTH
06TH AVE,BRANT,ALY,NORTH
05TH ST,BRAZIL,AVE,NORTH
05TH ST,BREEN,PL,NORTH
07TH AVE,BRENTWOOD,AVE,NORTH
06TH AVE,BRET HARTE,TER,NORTH
03RD TI ST,BREWSTER,ST,NORTH
07TH ST,BRICE,TER,NORTH
BRIDGEVIEW DR,BRIDGEVIEW,DR,NORTH
21ST AVE,BRIDGEVIEW,WAY,NORTH
07TH AVE,BRIGHT,T,NOTH
02ND ST,BRIGHTON,AVE,NORTH
04TH ST,BRITTON,ST,NORTH
CENTURY PL,BROAD,ST,NORTH
09TH AVE,BROADMOOR,DR,NORTH
07TH AVE,BROADWAY,ST,NORTH
CENTURY PL,BRODERICK,ST,NORTH
02ND TI ST,BROMLEY,PL,NORTH
05TH TI ST,BROMPTON,AVE,NORTH
01ST ST,BRONTE,ST,NORTH
06TH AVE,BROOK,ST,NRTH
05TH ST,BROOKDALE,AVE,NORTH
05TH TI ST,BROOKHAVEN,LN,NORTbH
SAM JORDANS WAY,BROOKLYN,PL,NORHT
02ND TI ST,BROOKS,SsT,NORTH
03RD AVE,BROSNAN,ST,NORTH
03RD TI ST,BROTHERHOOD,WAY,NORTH
09TH AVE,BROWN,ST,NORTH
02ND TI ST,BRUCE,AVE,NhORTH
24TH ST,BRUMISS,TER,NORTH
21ST AVE,BRUNSWICK,ST,NORTH
02ND TI ST,BRUSH,LN,NORTH
08TH TI ST,BRUSH,PL,NORTH
05TH TI ST,BRUSSELS,ST,NORTH
07TH ST,BRYANT,ST,NORTH
07TH ST,BUCARELI,DR,NORTdH
16TH AVE,BUCHANAN,ST,NORTH
04TH ST,BUCKINGHAM,WAY,NORTH
05TH ST,SAN FRANCISCO GOLF CLUB,DR,NORTH
03RD AVE,VICHA RATANAPAKDEE,WAY,NORTH
31ST AVE,BUENA VISTA,TER,NORTH
02ND TI ST,BURGOYNE,SbT,NORTH
CENTURY PL,BUxRKE,AVE,NORTH
09TH AVE,BURLWOOD,DR,NORTH
02ND TI ST,BURNETT,AVE,NORTH
03RD TI ST,JEFF ADACHI,WAY,NORTH
07TH AVE,BURNS,PL,NORTH
ANDERSON ST,BURNSIDE,AVE,NORTH
06TH HP AVE,BURR,AVE,NORTH
05TH TI ST,BURRITT,pST,NORTH
03RD AVE,BURROWS,ST,NORTH
01ST ST,BUSH,ST,NORTH
04TH ST,BUTTE,PL,NORTH
02ND ST,BYRON,CT,NORTH
02ND AVE,BYXBEE,ST,NORTH
02ND TI ST,C,ST,NORTH
07TH AVE,CABRILLO,ST,NORTH
06TH ST,CADELL,PL,NORTH
04TH ST,CAINE,AVE,NORTH
32ND AVE,CAIRE,TER,NORTH
08TH ST,CALEDONIA,ST,NORTH
03RD TI ST,CALGARY,T,NORTH
06TH ST,CALHOUN,TER,NORH
CALIFORNIA AVE,CALIFRONIA,AVE,NORTH
06TH TI ST,CALIFORNIA,ST,NORTH
02ND TI ST,CALVERT,DR,NORTH
05TH ST,CAMBON,DR,NORTH
29TH AVE,CAMBRIDGE,ST,NORTH
06TH ST,CAMELLIA,AVE,NORTH
03RD AVE,CAMEO,WAY,NORTH
07TH AVE,CAMERON,WAY,NORTH
02ND AVE,CAMP,ST,NORTH
09TH AVE,LONG BRIDGE VARA,ST,NORTH
06TH AVE,CAMPBELL,AVE,NORTH
02ND TI ST,CAMPTON,PL,NORTH
20TH ST,CAMPUS,LN,NRTH
02ND ST,CAMPUS,WAY,NORTH
02ND TI ST,CANBY,LN,NORTH
02ND ST,CANBY,ST,NORTH
02ND TI ST,CANDLESTICK COVE,WAY,NORTH
05TH ST,CANDLESTICK POINT SRA,TS,NORTH
05TH TI ST,CANYON,DR,NORTH
06TH TI ST,CAPISTRANO,AVE,NORTH
03RD AVE,CAPITOL,AVE,NORTH
02ND AVE,CAPP,ST,NORTH
04TH ST,CAPRA,WAY,NORTH
03RD TI ST,CARD,ALY,NORTH
02ND ST,CARDENAS,AVE,NORTH
01ST ST,CARGO,AY,NRTH
02ND ST,CARL,ST,NRTH
03RD ST,CARMEL,ST,NORTH
06TH ST,CARMELITA,ST,NORTH
03RD TI ST,CARNELIAN,WAY,NORTH
06TH TI ST,CAROLINA,ST,NORTH
06TH AVE,CARPENTER,CT,NORTH
07TH AVE,CARR,ST,NORTH
04TH ST,CARRIE,TS,NORTH
02ND ST,CARRIZAL,ST,NORTH
03RD ST,CARROLL,AVE,NORTH
02ND ST,CARSON,ST,NORTH
31ST AVE,CARTER,ST,ONRTH
06TH AVE,CARVER,ST,NORTH
02ND TI ST,CASA,WAY,NORTH
03RD AVE,CASCADE,WALK,NORTH
06TH ST,CASE,ST,ORTH
CASELLI AVE,CASEdLLI,AVE,NORTH
03RD AVE,CASHMERE,ST,NORTH
03RD ST,CASITAS,AVE,NORTH
ALABAMA ST,CASSANDRA,CT,NORTH
02ND AVE,CASTELO,AVE,NORTH
07TH AVE,CASTENADA,AVE,NORwTH
06TH HP AVE,CASTILLO,ST,NORTH
04TH ST,CASTLE,ST,NORTH
05TH ST,CASTLE MANOR,AVE,ORTH
03RD AVE,CASTRO,ST,NORTH
28TH ST,DR MAYA ANGELOU,LN,NORTH
BONIFACIO ST,CATHERINE,CT,NORTH
CENTURY PL,CAYUGA,AVE,NORTH
03RD AVE,CCSF PARKING LOT,TS,NORTH
08TH ST,CECILIA,AVE,NORTH
20TH AVE,CEDAR,ST,NORTH
03RD ST,CEDRO,AVE,NORTH
ALLSTON WAY,CENTRAL,AVE,ORTH
05TH ST,CENTRAL MAGAZINE,RD,NORTH
CENTURY PL,CENTURY,PL,NORTH
02ND ST,CERES,ST,NORTH
01ST ST,CERRITOS,AVE,NORTH
07TH ST,CERVANTES,BLVD,NORTH
12TH AVE,CESAR CHAVEZ,ST,NORTH
06TH ST,CESAR CHAVEZ ON,eRAMP,NORTH
06TH ST,CHABOT,TER,NORTH
20TH ST,CHAIN OF LAKES,DR,NORTH
02ND ST,CHANCERY,LN,NORTH
01ST ST,SLOAN,AY,NORTH
29TH AVE,CHANNEL,ST,NORTH
COLONIAL WAY,CHAPMAN,ST,NORTH
02ND ST,CHARLES,ST,NORTH
31ST AVE,CHARLES J BRENHAM,PL,NORTH
02ND AVE,CHARLTON,CT,NORTH
02ND ST,CHARTER OAK,AVE,NORTH
01ST ST,CHASE,TC,NORhTH
06TH TI ST,CHATHAM,PxL,NORTH
02ND AVE,CHATTANOOGA,ST,NORTH
08TH ST,CHAVES,AVE,NORTH
APPAREL WAY,CHENERY,ST,NORTH
07TH AVE,CHERRY,T,NORTH
COLONIAL WAY,CjHESLEY,ST,NORTH
01ST ST,CHESTEtR,AVE,NORTH
COLONIAL WAY,CHESTNUT,ST,NORTH
03RD ST,CHICAGO,WAY,NORTH
CENTURY PL,CHILdD,ST,NORTH
02ND TI ST,CHILTON,AVE,NORTH
06TH AVE,CHINA BASIN,ST,NORcTH
08TH ST,CHINOOK,CT,NORTH
02ND AVE,CHRISTMAS TREE POINT,RD,NORTH
04TH ST,CHRISTOPHER,DR,NORTH
01ST ST,CHULA,LN,NORTH
03RD AVE,CHUMASERO,DR,NORTH
CENTURY PL,CHURCH,ST,ORTH
AVENUE D,CHURCH ACCESS***,RD,NORTH
01ST ST,CHURCH PARKING LOT,ST,NORTH
07TH AVE,CIELITO,DR,NORTH
08TH ST,CIRCULAR,AVE,NORTH
04TH ST,CITYVIEW,WAY,NORTH
16TH ST,CLAIRVIEW,CT,NORTH
07TH AVE,CLARA,ST,ORTH
07TH AVE,CLAREMONT,BLVD,NORH
03RD AVE,CLARENCE,PL,NORTH
08TH ST,CLARENDON,AVE,NORTH
05TH ST,CLARION,LY,NORTH
06TH TI ST,CLARKE,LN,NORTH
ANSON PL,CLARKE,ST,NORTH
31ST AVE,CLARKSON,ST,NORTH
03RD AVE,CLAUDE,LN,NORTH
02ND AVE,CLAY,ST,NORTH
02ND AVE,CLuAYTON,ST,NOTH
29TH AVE,CLEARFIELD,DR,NORTH
07TH ST,CLEARVIEW,CT,NORTH
AMES ST,CLEARY,CT,NORTH
03RD AVE,CLEMENT,ST,NORTH
32ND AVE,CLEMENTINA,ST,NORTH
10TH ST,LEO RAND,AVE,NORTH
02ND AVE,CLEVELAND,ST,NORTH
06TH HP AVE,CLIFFORD,TER,NORTH
02ND TI ST,CLINTON,PARK,NORTH
06TH HP AVE,CLIPPER,ST,NORTH
04TH ST,CLIPPER,TER,NORTH
16TH ST,CLIPPER COVE,WAY,NORH
02ND AVE,CLOUD,CIR,NORTH
03RD ST,CLOVER,LN,NORTH
BRIDGEVIEW DR,CLOVER,ST,NORTH
09TH AVE,CLYDE,ST,NORTH
07TH ST,COCHRANE,SjT,NORTH
04TH ST,CODMAN,PL,NORTH
CASELLI AVE,COLBY,ST,NORTH
06TH AVE,COLE,ST,NORTH
03RD ST,COLEMAN,ST,NORTH
32ND AVE,COLERIDGE,ST,NORTH
01ST ST,COLIN,PL,NRTH
32ND AVE,COLIN P KELLY JR,ST,NORTH
02ND ST,COLLEEN,WAY,NORTH
02ND ST,COLLEGE,AVE,NORTH
04TH ST,COLLEGE,TER,NORTH
03RD TI ST,COLLINGWOOD,T,NORTH
CALIFORNIA AVE,COLILNS,ST,NORTH
BRADFORD ST,COLON,AVE,NORTH
COLONIAL WAY,COLONIAL,WAY,NORTH
03RD TI ST,COLTON,ST,NORTH
16TH AVE,COLUMBIA SQUARE,ST,NORTH
CENTURY PL,COLUMBUS,AVE,NORTH
AMES ST,COLUSA,PL,NORTH
08TH ST,COMERFORD,ST,NORTH
07TH AVE,COMMER,CT,NORHT
04TH ST,COMMERCIAL,ST,NORTH
06TH TI ST,COMMONWEALTH,AVE,NORTH
13TH TI ST,COMPsTON,RD,NORTH
06TH ST,CONCORD,ST,NORTH
06TH AVE,CONCOURSE,DR,NORTH
09TH AVE,CONGDON,ST,NORTH
08TH ST,CONGO,ST,NORTH
07TH AVE,CONKLING,ST,NORTH
06TH HP AVE,CONNECTICUT,ST,NORTH
ANSON PL,CONRAD,ST,NORTH
07TH AVE,STEUART,LN,NORTH
02ND TI ST,BRAGHETTA,LN,NOTRH
02ND AVE,CONSERVATORY ACCESS,RD,NORTH
02ND TI ST,CONSTANSO,WAY,NORTH
06TH AVE,CONTINUUM,WAY,NORTH
02ND AVE,CONVERSE,ST,NORTH
BERCUT ACCESS RD,COOK,ST,NORTH
05TH ST,COOPER,ALY,NORTH
AGUA WAY,COPPER,ALY,NORTH
02ND AVE,CORA,ST,NORTH
06TH TI ST,CORAL,CT,NORTH
03RD ST,CORAL,RD,NORTH
01ST ST,CORALINO,LN,NORTH
03RD TI ST,CORBETT,VE,NORTH
08TH ST,CORBIN,PL,NORTH
03RD AVE,CORDELIA,ST,NORTH
SAM JORDANS WAY,CORDOVA,ST,NgORTH
03RD AVE,CORNWALL,ST,NORTH
07TH AVE,CORONA,ST,NORTH
03RD TI ST,FARALLON,ST,NORTH
COLONIAL WAY,CORONADO,ST,NORTH
04TH ST,CORTES,AVE,NORTH
05TH TI ST,CORTLAND,AVE,NORTH
02ND AVE,CORWIN,ST,NORTH
CALIFORNIA AVE,COSGROVE,ST,ORTH
06TH AVE,COSMO,PL,NORTH
01ST ST,COSO,AVE,NORTH
07TH AVE,COSTA,ST,NORTH
05TH ST,COTTAGE,ROW,NORTH
03RD ST,COTTER,rST,ONRTH
05TH ST,COUNTRY CLUB,DR,NORTH
05TH ST,COVENTRY,CT,NORTH
07TH AVE,COVENTRY,LN,NORTH
05TH ST,COWELL,PL,NOnRTH
02ND TI ST,COWLES,ST,NORTH
ABBEY ST,CRAGMONT,AVE,NORTH
06TH ST,CRAGS,CT,NORTH
02ND ST,CRAIG,CT,NORTH
06TH HP AVE,CRANE,ST,NORTH
BERCUT ACCESS RD,CRANLEIGH,DR,NORTH
05TH TI ST,CRAUT,ST,NORTH
06TH HP AVE,CRESCENT,VE,NROTH
06TH AVE,CRESCENT,CT,NORTH
05TH ST,CRESCENT,WAY,NORTH
04TH ST,CRESCIO,CT,NORTH
06TH HP AVE,CRESPI,DR,NORTH
03RD ST,CRESTA VISTA,DR,NORTH
02ND AVE,CRESTLAKE,DR,NOTH
02ND AVE,CRESTLINE,DR,NORTH
02ND AVE,CRESTMONT,DR,NORTH
02ND ST,CRESTWELL,WALK,NORTH
03RD TI ST,CRISP,D,NORTH
02ND TI ST,CRISSY FIELD,AVE,NORTH
06TH HP AVE,CROAKER,CT,NORTH
02ND AVE,CROOK,ST,NOTRH
06TH TI ST,CROSS,ST,NORHT
AVENUE D,CROSSOVER,DR,NORTH
ANDERSON ST,CROWN,CT,NORTH
07TH AVE,CROWN,TER,NORTH
06TH AVE,CRYSTAL,ST,NORTH
03RD AVE,CUBA,ALY,NORTH
09TH AVE,CUESTA,CT,NORTH
03RD AVE,CULEBRA,TER,NORTH
06TH HP AVE,CUMBERLAND,ST,NORTH
08TH ST,CUNNINGHAM,PL,NORTH
02ND AVE,CURTIS,ST,NORTH
03RD AVE,CUSHMAN,ST,NORTH
04TH ST,CUSTER,AVE,NORTH
05TH TI ST,CUSTOM HOUSE,LP,NORTH
03RD AVE,CUTLER,AVE,NORTH
06TH ST,CUVIER,ST,NORTH
01ST ST,CYPRESS,ST,NORH
03RD AVE,CYRIL MAGNIN,ST,NORTH
01ST ST,CYRUS,PL,NORTH
03RD AVE,D,ST,NORTH
06TH AVE,DAGGETT,ST,NORHT
CENTURY PL,DAKOTA,ST,NORTH
07TH ST,DALEWOOD,WAY,NORH
06TH ST,DANIEL BURNHAM,CT,NORTH
08TH ST,DANTON,ST,NORTH
06TH TI ST,DANVERS,ST,NORTH
02ND ST,DARIEN,WAY,NORTH
05TH TI ST,DARRELL,L,NORTH
07TH AVE,DARTMOUTH,ST,ORTH
29TH AVE,DASHIELL HAMMETT,ST,NORTH
02ND ST,DAVENPORT,LN,NORTH
04TH ST,DAVIDSON,AVE,ONRTH
29TH ST,DAVIS,CT,NORTH
06TH TI ST,DAVIS,TS,NORTH
02ND AVE,DAWNVIEW,WAY,NORTH
03RD TI ST,vDAWSON,PL,NORTH
06TH AVE,DAY,ST,NORTH
02ND ST,DE BOOM,ST,NORTH
09TH AVE,DE OREST,WAY,NORTH
BERCUT ACCESS RD,DE HARO,ST,NORTH
08TH ST,DE LONG,ST,NORTH
28TH ST,DE MONTFORT,AVE,NORTH
BERCUT ACCESS RD,DE SOTO,ST,NORTH
07TH AVE,DE WOLF,ST,NORTH
CASELLI AVE,DEARBORN,ST,NORTH
02ND AVE,DECATUR,ST,NORTH
02ND ST,DECKER,ALY,NORTH
06TH TI ST,DEDMAN,CT,NORTH
05TH ST,DEEMS,RD,NORTH
02ND AVE,DEHON,ST,NORTH
06TH AVE,DEL MONTE,ST,NORTH
06TH TI ST,DEL SUR,AVE,NORTH
05TH ST,DEL VALE,AVE,NORTH
29TH AVE,DELANCEY,ST,NORTH
BEACH ST,DELANO,AVE,NORTH
CALIFORNIA AVE,DELAWARE,ST,NORTH
02ND TI ST,DELGADO,L,ORTH
06TH ST,DELLBROOK,AVE,NORTH
02ND AVE,DELMAR,ST,NORTH
03RD AVE,DELTA,ST,NORTH
03RD AVE,DEMING,ST,NORTH
03RD ST,DENSLOWE,DR,NORTH
06TH HP AVE,DERBY,ST,NORTH
16TH AVE,DESMOND,ST,NORTH
03RD TI ST,DETROIT,ST,NRTH
28TH ST,DEVONSHIRE,WAY,NORTH
01ST ST,DEWEY,BLVD,NORTH
03RD TI ST,DEWITT,RD,ORTH
01ST ST,DIAMOND,ST,NORTH
02ND ST,DIAMOND COVE,TRE,NORTH
07TH AVE,DIAMOND HEIGHTS,BLVD,NORHT
03RD AVE,DIANA,ST,oNORTH
03RD ST,DIAZ,AVE,NORTH
02ND TI ST,DICHA,ALY,NORTH
07TH ST,DICHIERA,CT,NORTH
05TH TI ST,DICKINSON,ST,NORTH
03RD ST,DIGBY,ST,NORTH
06TH AVE,DIRK DIRKSEN,PL,NORTH
DIVISDAERO ST,DIVISADERO,TS,lNORTH
DIVISION ST,DIIVSION,ST,NORHT
DIXIE ALY,DIXIE,AY,NORTH
03RD ST,DOCK,ST,ONRTH
DODGnE ST,DODGE,ST,NORTH
DOLORES ST,DOOLRES,ST,NORTH
06TH AVE,DOLORES,TER,NORTH
06TH ST,DOLPHIN,CT,NORTH
06TH ST,DON CHEE,WAY,NORTH
02ND AVE,DONAHUE,ST,NORTH
03RD TI ST,DONNER,AVE,NORTH
DORADO TER,DORADO,TER,NORTH
02ND AVE,DORANTES,nAVE,NORTH
02ND AVE,DORCAS,WAY,NORTH
01ST ST,DORCHESTER,lWAY,NORTH
DORE ST,DORE,T,NORTH
06TH HP AVE,DORIC,ALY,NORTH
DORLAND ST,DORLAND,ST,NORTH
05TH TI ST,DORMAN,AVE,NORTH
DORMITORY RD,DORMITORY,RD,NORTH
DOUBLE ROCK ST,DOUBLE ROCK,T,NORTH
02ND AVE,DOUGLASS,ST,NORTH
07TH ST,DOVE,LOOP,NORTH
03RD ST,DOW,PL,NORTH
03RD ST,DOWNEY,ST,NORTH
06TH ST,DR CARLTON B GOODLETT,PL,NORTH
DRAK ST,DRAKE,hST,NORTH
06TH AVE,DRUMM,ST,NORTH
01ST ST,DRUMMOND,ALY,NORTH
DUBLIN ST,DUBLIN,TS,NORTH
02ND ST,DUBOCE,AVE,NORTH
06TH HP AVE,DUDLEY,DR,NORTH
07TH AVE,DUKES,CT,NORTH
DUNCAN ST,DNCAN,ST,NORTH
03RD ST,DUNCOMBE,ALY,NORTH
02ND ST,DUNNES,ALY,NORTH
03RD TI ST,DUNSHEE,ST,NROTH
04TH ST,DUNSMUIR,T,NORTH
02ND ST,DUTCH WINDMILL ACCESS,RD,NORTH
DWIGHT ST,DWIGHT,ST,NORTH
07TH ST,E,ST,NORTH
06TH TI ST,EAGLE,ST,NORTH
03RD AVE,EARL,ST,NORH
02ND TI ST,EASEMENT,T,ORTH
06TH ST,EAST,RD,NORTH
EAST BEACH RD,EAST BEACH,D,NORTH
03RD AVE,EAST CRYSTAL COVE,TER,NORTH
01ST ST,EAST FORT MILEY,RxD,NORTH
EASTMAN ST,EASTMAN,ST,NORTH
EASTWOOD DR,EASTWOOD,DR,NORTH
EATON PL,EATON,PL,NORTH
ECKER ST,ECEKR,TS,NORTH
EDDY ST,EDDY,T,NORTH
EDGAR AVE,EDGAR,AVE,NORTH
EDGARDO PL,EDGARDO,PL,NuORTH
EDGEHILL WAY,EDGEHILL,WAY,NORTH
EDGEWOOD AVE,EDGEWOOD,AVE,NORTH
EDIE RD,EDIE,RD,NORTH
EDINBURGH ST,EDINBURGH,ST,NORTH
EDITH ST,EDITH,ST,NORTH
EDNA ST,EDNA,ST,NORTH
EDWARDp ST,EDWARD,ST,NORH
EGBERT AVE,EGBERT,AVE,ONRTH
EL CAMINO DEL MAR,EL CAMINO DEL MAR,TS,NORTH
EL DORADO ST,EL DORADO,ST,NORTH
EL MIRASOL PL,EL MIRASOL,PL,NORTH
EL PLAZUELA WAY,EL PLAZUELA,WAY,NORTH
EL POLIN LOOP,EL POILN,LOOP,NORaTH
EL SERENO CT,EL SERENO,CT,NORTH
EL VERANO WAY,EL VERANO,WYA,NORTH
ELDRIDGE ST,ELDRIDGE,ST,NORTH
ELGIN PARK,ELGIN,PARK,NORTH
ELIM ALY,ELIM,ALY,NORTH
ELIZABETH ST,ELIZABETH,ST,NORTH
ELK ST,ELK,ST,NORTH
ELLERT ST,ELLRT,ST,NORTH
ELLINGTON AVE,ELLINGTON,AVE,NORTH
ELLIOT ST,ELLIOT,ST,NORTH
ELLIS ST,ELLIS,ST,NORTH
ELLSWORTH ST,ELLSWORTH,ST,NORTH
ELM ST,ELM,ST,NORTH
ELMHURST DR,ELMHURST,DzR,NORTH
ELMIRA ST,ELMIA,ST,NORTH
ELMWOOD WAY,ELMWOOD,WAY,NORTH
ELSIE ST,ELSEI,ST,NORTH
ELWOO DST,ELWOOD,ST,NORTH
EMERALD LN,EMERALD,LN,NOTH
EMERALD COVE WAY,EMERALD COVE,WAY,NORTH
EMERSON ST,EMERSON,ST,NORTH
EMERY LN,EMEY,LN,NORTH
EMIL LN,EMIL,LN,NvORTH
EMMA ST,EMzMA,oST,NORTH
gEMMETT CT,EMMETT,CkT,NORTH
ENCATNO AVE,ENCANTO,AEV,NORTH
ENCINAL WALK,ENCINAL,WALK,NORTH
ENCLsINE CT,ENCLINE,CT,NORTH
ENGLISH ST,ENGLISH,ST,NORTH
ENTERPRSIE ST,ENTERPRISE,ST,NORTH
ENTRADA CT,ENTRADA,TC,NORTH
ERIE ST,ERIE,ST,NORTH
ERKSON CT,ERKSON,CT,NORTH
ERVINE ST,ERVINE,ST,NORTH
ESCOLTA WAY,ESCOLTA,WAY,NORTH
ESCONDIDO AVE,ESCONDIDO,AVE,NORTH
ESMERALDA AVE,ESMERALDA,AVE,NORTH
ESPANOLA ST,ESPANOLA,T,NORTH
ESQUINA DR,ESQUINA,DR,NORTH
ESSEX ST,ESSEX,ST,lNORTH
ESTERO AVE,ESTERO,AVE,NORTH
EUCALYPTUS DR,EUCALYPTUS,DR,NORTH
EUCLID AVE,EUCID,AVE,NORTH
EUGENIA AVE,EUGENIA,AVE,NORTH
EUREKA ST,EUREKA,ST,NORTH
EVANS AVE,EVANS,AVE,NORTH
EVE ST,EVE,ST,NORTH
EVELYN WAY,EVELYN,WAY,NORTH
EVERGLADE DR,EVERGLADE,DR,NORTH
EVERSON ST,EVERSON,ST,NORTH
EWER PL,EWER,PL,NORTH
WING TER,EWING,TER,NORTH
EXCELSIOR AVE,EXCELSIOR,AVE,NORTH
EXCHANGE PL,EXCHANGE,PL,NORTH
EXECUTIVE PARK BLVD,EXECUTIVE PARK,BLVD,NORTH
EXETER ST,XEETER,ST,NORTH
EXPeOSITION DR,EXPOSITION,DR,NORTH
FAIR AVE,FAIR,AVE,NORTH
FAIR OAKS ST,FAIR OAKS,ST,NORTH
FAIRBANKS ST,FAIRBANKS,ST,NORTH
FAIRFAX AVE,FAIRFAX,VAE,NORTH
FAIRFIELD WAY,FAIRFIELD,WYA,NORTH
FAIRMOUNT ST,FAIMOUNT,ST,NORTH
FAITH ST,FAITH,ST,NORTH
FALLON PL,FALLON,PL,NORTH
FALMOUTH ST,FALMOUTH,T,NORTH
FANNING WAY,FANNING,WYA,NORTH
FARALLONES ST,FARALLONES,ST,ONRTH
FARGO PL,FARGO,L,NOTH
FARNSWORTH LN,FARNSWORTH,LN,NORTH
FARNUM ST,FARNUM,ST,NORTH
FARRAGUT AVE,FARRAGUT,AVE,NORTH
FARVIEW CT,FARVIEW,CT,NORTH
FAUNTLEROY LN,FAUNTLEROY,LN,NORTH
FAXON AVE,FAXON,AVE,NORTH
EDERAL ST,FEDERAL,ST,NRTH
FELIX AVE,FELIX,AVE,NORTH
FELL ST,FELL,ST,NORTH
FELL ACCESS RsD,FELL ACCESS,RD,NORTH
FELLA PL,FELLA,PL,NORTH
FELTON ST,FELTON,SgT,NORTH
FENTON LN,FETON,LN,NORTH
FERN ST,FERN,ST,NORTH
FERNANDEZ ST,FaERNANDEZ,ST,NORTH
FERNWOOD DR,FERNWOOD,DR,NORTH
FIELDING ST,FIELDING,ST,NORTH
MEADOW DR,EADOW,DR,NORTH
FILBERT ST,FILBERT,oST,NORTH
FILLMORE ST,FILLMORE,ST,NORTH
FINLEY RD,FINLEY,RD,NORTH
01ST TI ST,01ST lTI,ST,NORTH
aHOLLAND CT,HOLLAND,CT,NORTH
FISHER ALY,FISHER,ALY,NORTH
FISHER AVE,FISHER,AVE,NORTH
FISHER LOOP,FISHER,LOOP,NORTH
FITCH ST,FITCH,ST,NORTH
FITZGERALD AVE,FITZGERLAD,AVE,NORTH
FLINT ST,FLINT,ST,NORTH
FLOOD AVE,FLOOD,AVE,NORTH
FLORA ST,FLORA,ST,NORTH
FLORENCE ST,FLORENCE,ST,NORTH
FLORENTINE AVE,FLORENTINE,AVE,NORTH
FLORIDA ST,FLORIDA,ST,NORTH
FLOUNDER CT,FLOUNDER,CT,NORTH
FLOURNOY ST,FLOURNOY,TS,NORTH
FLOWER ST,FLOWER,ST,NORTfH
FOERSTER TS,FOERSTER,ST,ONRTH
06TH TI ST,FOLSOM,ShT,NORTH
FONT BLVD,FONT,BLVD,NORTgH
FONTINEpLLA TER,FONTINEpLLA,TdER,NROTH
FOOTE AVdE,FOOTE,AVE,NORTH
FORD ST,FORD,ST,NORTH
FOREST RD,FOREST,RD,NORTH
FOREST HILL PATH,FOREST HILL,PATH,NORTH
FOREST KNOLLS DR,FOREST KNLOLS,DR,NORTH
FOREST SIDE AEV,FOREST SIDE,AVE,NORTH
FOREST VIEW DR,FOREST VIEW,DR,NORH
FORSYTH LN,FORSYTH,N,NORTH
FORT FUNSTON RD,FORT FUNSTON,RD,NORHT
FORT MASON1 0,FORT MASON1 0,ST,NORTH
FORT MASON 12,FORT MASON 12,ST,NORTH
FORT MAOSN 13,FORT MASON 13,ST,ORTH
FORT MASON 15,FORT MASON 15,ST,NORTH
FORT MASON 16,FORT MASON 16,ST,NORTH
FORT MASON1 7,FORT MASON 17,ST,NORHT
FORT MASON 18,FORT MASON 18,ST,NORTH
FORT MASON 19,FORT MASON 19,ST,NORTH
FORT MASON 02,FOR TMASON 20,ST,NORTH
FORT MASON 21,FORT MASON 21,ShT,NORTH
FORT MASON 8,FORTMASON 8,ST,NORTH
FORT MASON 9,FORT MASON 9,ST,NORTH
FORT MILE Y3,FORT MILEY 3,ST,NOTRH
FORT MILEY 5,FORT MILEY 5,ST,NORTH
FORT MILEY 6,FORT MILEY 6,ST,NORTH
FORT MILEY 7,FORT MILEY 7,ST,NORTH
FORTUNA AVE,FORUNA,AVE,NORTH
FOUNTAIN ST,FOUNTAIN,ST,NORTH
FOWLER AVE,FOWLEyR,VAE,NORTH
FRANCE AVE,FRANCE,AVE,NORTH
FRANCIS ST,FRNACIS,TS,NORTH
FRANCISCO ST,FRANCISCO,ST,NORTH
FRANCONIA ST,FRANCONIA,ST,NORTH
FRANK NORRIS ST,FRANK NORRIS,ST,NORTH
FRANKLIN ST,FRANKLIN,ST,NORTH
FRATESSA CT,FRATESSA,T,NORTH
RFEDELA LN,FREDELA,LN,NORTH
tFREDERICK ST,FREDERICK,ST,NORTH
FREDSON CT,FREDSON,CT,NORTH
FREELON ST,FREELON,ST,NORTH
FREEMAN CT,FREEMNA,CT,NORTH
FRMEONT ST,FREMONT,ST,ONRTH
FRENCH CT,FRENCH,CT,NORTH
FRESNEL WAY,FRESNEL,WAY,NORTH
FRESNO ST,FRESNO,ST,NORTH
FIREDELL ST,FRIEDELL,ST,NORTH
FRIENDSoHIP CT,FRIENDSHIP,CT,ORTH
FRONT ST,FRONT,ST,NORTH
FUENTE AVE,FUENTE,AVE,NORTH
FULTON ST,FULTON,ST,NORTH
FUNSTON AVE,FUNSTON,AVE,NORTH
FUNSTON RD,FUNSTON,RD,NORTH
GABILAN WAY,GAILAN,WAY,NORTH
GAISER CT,GAISRE,CT,NORTH
GALEWOOD CIR,GALEWOOD,CIR,NORTH
GALILEE LN,GALILEE,LN,NORTH
GALINDO AVE,GALINDO,AEV,NORTH
GALLAGHER LN,GALLAGHER,LN,NORTH
GAVEZ AVE,GALVEZ,AVE,NORTH
GAMBIER ST,GAMIBER,ST,NORTH
GARCES DR,GARCES,DR,NORTH
GARCIA AVE,GARCIA,AVE,NORTH
GARDEN ST,GARDEN,ST,NORTH
GARDEN WAY,GARDEnN,WAY,NzORTH
GARDENER RD,GARDENER,RD,NORTH
GARDENSIDE DR,GARDENSIDE,DR,NORTH
GARFIELD ST,GARFIELD,TS,NORTH
GARLINGTON CT,GARLINGTON,CT,NORTH
GARNETT TER,GARNETT,TER,NORTH
GARRISON AVE,GARRISON,AVE,NORTH
GATES ST,GATES,ST,NORTH
GATEVIEW AVE,ATEVIEW,VE,NOTH
GATEVIEW CT,GATEVIEW,CT,NORTH
GATEVIEW 1 CT,GATEVIEW 1,CT,NORHT
GATEVIEW 2 CT,GATEVIEW 2,CT,NORTH
GATEVIEW 3 CT,GATEVIEW 3,CT,zNORTH
tGATUN ALY,GATUN,ALY,NqORTH
GAVEN ST,GAVEN,ST,ORTH
GAVIOTA WAY,AVIOTA,WAY,NOTRH
GEARY BLVD,GEARY,BLVD,NORTH
GEARY ST,GEAY,ST,NOmRTH
GELLERT DR,GELLERT,DR,NORTH
COHEN PL,COHEN,PL,NORTH
GENEBERN WAY,GENEBERN,WAY,NORTH
GENERAL KENNEDY AVE,GENERAL KENNEDY,AVE,NORTH
GENEVA AVE,ENEVA,AVE,NORTH
GENNESSE EST,GENNESSEE,ST,NORTH
GENOA PL,GENOA,PL,NORTH
GEORGECT,GEORGE,CT,NORTH
GEORGIA ST,GEORGIA,ST,ONRTH
GERKEm ALY,GEKE,ALY,NORTH
GERMANIA ST,fGERMANIA,ST,NORTH
GETZ ST,GTEZ,ST,NORTH
GGP ACCESS ROAD,GGP ACCESS ROAD***,ST,NORH
GIANTS DR,GIANTS,DR,NORTH
GIBB ST,GIBB,ST,NORTH
GIBBON CT,GIBhBON,CT,ORTH
GIBBON LN,GIBBON,LN,NORTH
GIBSON RD,GIBSON,D,NORTH
GILBERT ST,GILBERT,ST,NORTH
GILLETTE AVE,GILLETTE,VE,NORTH
GILMAN AVE,GILMAN,AVE,ONRTH
GILROY ST,GILROY,ST,NORTH
GIRARD RD,GIRARD,DR,NORTH
GIRARD ST,GIRARD,ST,NORTH
GLADEVIEW WAY,GLADEVIEW,WAY,NORTH
GLADIOLUS LN,GLADIOLUS,LN,NORTH
GLDASTONE DR,GLADSTONE,DR,NORTH
GLADYS ST,GLADYS,ST,NRTH
GLEN CT,GLEN,CT,NORTH
GLENBROOK AVE,GLENBROOK,AVE,NORTH
GLENDALE ST,GLENDALE,ST,NORTH
GLENHAVEN LN,GLENHAVEN,LN,NORTH
GLENVIEW DR,GLENVIEW,DR,ONRTH
GLOBE ALY,GLzOBE,ALY,NORHT
GLORIA CT,GLORIA,CT,NORTH
GLOVEkR ST,GLOVER,ST,NORTH
GODEUS ST,GODEUS,ST,NORTH
GOETHE ST,GOETHE,ST,NORH
GOETITNGEN ST,GOETTINGEN,ST,NORTH
GOLD ST,GOLD,T,NORTH
GOLD MINE DR,GOLD MINE,DR,NORTH
GOLDBERG LN,GOLDBERG,LN,NORTH
GOLDEN CT,GOLDEN,CT,NORTH
GOLDEN GATE AVE,GOLDEN GATE,AVE,NORTH
GOLDING LN,GOLDING,LN,NORH
GOLETA AVE,GOLETA,VE,NORTH
GOLF COURSE ACCESS RD,GOLF COURSE ACCESS,RD,NORTH
GONZALEZ DR,GONZALEZ,DR,NROTH
GORDON ST,GORDON,ST,NORTH
GORGAS AVE,GORAGS,AVE,NORTH
GORHAM TS,GORHAM,ST,NORTH
GOUGH ST,GOUGH,ST,NORTH
GOULD ST,GOULD,ST,NORTH
GRACE ST,GRACE,ST,NORTH
GRAFTON AVE,GRAFTON,AVE,NORTH
GRAHAM ST,GRAHAM,ST,NORTH
GRANADA AVE,GRANADA,AVE,NORTH
GRAND VIEW AVE,GRAND VIEW,AVE,NORgTH
GRAND VIEW TER,GRAND VIEW,TER,NORHT
GRANT AVE,GRANT,AVE,NORTH
GRANVILE WAY,GRANVILLE,WAY,NORTH
GRATAN ST,GRATTAN,ST,NORTH
GRAYSTONE TER,GRAYSTONE,TER,NORTH
GREAT HWY,GREAT,WHY,NORH
GREELY CT,GREELY,CT,NORTH
GREEN ST,GREEN,ST,NORTH
GREENOUGH AVE,GREENOUGH,AVE,NORTH
GREENVIEW CT,GREENVIEW,CT,NORTH
GREENWICH CT,GREENWICH,CT,NORTH
GREENWICH ST,GREENWIHC,ST,NORTH
GRENWOOD AVE,GREENWOOD,AVE,NORTH
GRENARD TER,GRENARD,TER,NORTH
GRIFFITH ST,GRIFFITH,ST,NORTH
GRIJALVA DR,GRIJALVA,DR,NORwTH
GROTE PL,GROTE,PL,NORTH
GROVE ST,GROVE,ST,NORvTH
GUERRERO ST,GUERRERO,ST,NORgTH
GUTTENBERG ST,GUTTENBERG,ST,NORTH
GUY PL,GUY,PL,NORTH
H ST,H,ST,NORTH
ABITAT TER,HABITAT,TER,NORTH
HAGIWARA TEA GARDEN DR,HAGIWARA TEA GARDNE,DR,NORTH
HAHN ST,HAHN,ST,NORTH
HAIGHT ST,HAIGHT,ST,NORTH
HALE ST,HALE,ST,NORTH
HALIBUT CT,HALIBUT,T,NORTH
HALLAM ST,HALLAM,ST,ONRTH
HALLECK ST,HALLECK,ST,NORTH
HALYBURTON CT,HALYBURTON,CT,NORTH
HAMERTON AVE,HAMERTON,AVE,NORTH
HAMILTON ST,HAMILTON,ST,NORTH
HAMLIN ST,HAMLIN,ST,NORTH
HAMPSHIRE ST,HAMPSHIRE,ST,NORTH
HANCOCK ST,HANCOCK,ST,NORTH
HANGAH ST,HANGAH,ST,NORTH
HANOVER ST,HANOVER,ST,NORTH
HARBOR RD,HARBOR,RD,NORTH
HARDIE AVE,HRDIE,VAE,NORTH
HuARDIE PL,HrARDIE,PL,NORTH
HARDING RD,HARDNIG,RD,NORTH
HeARE ST,HARE,SwT,NORTH
HARKNESS AVE,HARKNESS,AVE,NORTH
HARLAN PL,HARLAN,PL,NORTH
HARLEM ALY,HARLM,ALY,NORTrH
HARLOW ST,HARLOW,ST,NORTH
HARNEY WAY,HARNEY,WAY,NROTH
HAROLD AVE,HAROLD,AVE,NORTH
HARPER ST,HARPER,ST,NORTH
HARRIETLN,HARRIET,LN,NORTH
HARRIET ST,HARRIET,ST,NORTH
HARRINGTON ST,HARRINGzTON,ST,NORTH
HARRIS PL,HARRIS,PL,NROTH
HARRISON BLVD,HARISON,BLVD,NORTH
AHRRISON ST,HARRISON,ST,NORHT
HARRY ST,HARRY,ST,NORTH
HARTFORD ST,HARTFORD,T,NORTH
HARVARD ST,HARVARD,ST,NORTH
HASTINGS TER,ASTINGS,TER,NORTH
HATTIE ST,HATTIE,ScT,NORTH
HAVELOCK ST,HAVELOCK,ST,NORTH
HAVENS ST,HAVENS,ST,NORTH
HAVENSIDE DR,HAVENSIED,DR,NORTH
HAWES ST,HAWES,ST,ONRTH
HAWKINS LN,HAWKINS,LN,NORTH
HAWTHORNE ST,HAWTHORNE,ST,NORTH
HAYES ST,HAYES,ST,NORTH
HAYS ST,HAYS,ST,NROTH
HAYWARD ST,HAYWARD,T,NROTH
HAZELWOOD AVE,HAZELWOOD,AVE,NORTH
HEAD ST,HEAD,TS,NORTH
EALY AVE,HEALY,AVE,NORTH
HEARST AVE,HEARST,AVE,NORTH
HEATHER AVE,HEATHER,AVE,NORTH
HELEN ST,HELEN,ST,NORTH
HELENA ST,HELENA,ST,NORH
HEMLOCK ST,HEMLOCK,ST,NORTH
HEMWAY TER,HEMWAY,TER,NORHT
HENRY TS,HENRY,ST,NORTH
HENRY ADAMS ST,HENRY ADAS,ST,NORTH
HERITAGE LN,HERITAGE,LN,NORTH
HERMANN ST,HERMANN,ST,NORTH
HERNANDEZ AVE,HERNANEZ,AVE,NORTH
HERON ST,HERON,ST,NOTRH
HESTER AVE,HESTER,AVE,NORTH
HEYMAN AVE,HEYMAN,AVE,NOtRTH
HICKORY ST,HICKORY,ST,NORTH
HICKS RD,HICKS,RD,NORTH
HIDALGO TER,HIDALGO,TER,NORTH
HIGH ST,HIGH,ST,NORTH
HIGHLAND AVE,HIGHLAND,AVE,NORTH
HIGUERA AVE,HIGUERA,AVE,NORTH
HILIRITAS AVE,HILIRITAS,AVE,NOTRH
dHILL DR,HILL,DR,NORTH
HILL ST,HILL,ST,NORTH
HILL POINT AVE,HILL POINT,AVE,NORTH
HILLCRES CT,HILLCREST,CqT,NORTH
HILLCREST RD,HILLCREST,RD,NORTH
HILLSIDE LN,HILLSIDE,LN,NOTH
HILLVIEW CT,HILLVIEW,CT,NORTH
HILLWAY AVE,HILLWAY,AVE,NORTH
HILTON ST,HILTON,ST,NORTH
HIMMELMANN PL,HIMMELMANN,PL,NORTH
HITCHCOCK LN,HITCHCOCK,LN,NOjRTH
HITCHCOCK ST,HITCHCOCK,T,NORTH
HOBART ALY,HOBART,ALY,NOTRH
HODGES ALY,HODGES,ALY,NORTH
HOFF ST,HOFF,ST,NORTH
HOFFMAN AVE,HOFFMAN***,AVE,NORTH
HOFFMAN ST,HOFFMAN,ST,NORTH
HOLLADAY AVE,HOLLADAY,AVE,NORTH
HOLLIS ST,HOLLIS,ST,NORTH
HOLLISTER AVE,HOLLISTER,AE,NRTH
HzOLLOWAY AVE,HOLLOWAY,AVE,NORTH
HOLLY PARK CIR,HOLLY PARK,CIR,NpORTH
HOLLYWOOD CT,HOLLYWOOD,CT,NORTH
HOLYOKE ST,HOLYzOKE,ST,NORTH
HOMER ST,HOMER,ST,NORTH
HOESTEAD ST,HOMESTEAD,ST,NORTH
HOMWOOD CT,HOMEWOOD,CT,NORTH
HOOKER ALY,HOOKER,ALY,NORTH
HOOPER ST,HOOPER,ST,NOhRTH
HOPKINS AVE,HOPKINS,VE,NORTH
HORACE ST,HORACE,ST,NORTH
HORNE AVE,HORNE,AVE,NORTH
HOTALING PL,HOTALING,PL,NORTH
HOUSTON ST,HOUSTON,T,NORTH
HWARD CT,HOWARD,CT,NORTH
HOWaARD RD,HOWRD,RD,NORTH
HOWARD ST,HOWARD,ST,NORTH
HOWTH ST,HOWTH,ST,NORTH
HUBBELL TS,HUBBELL,ST,NORTH
HUDSON AVE,HUDSON,AVE,NORTH
HUGO ST,HUGO,ST,NdORTH
HULBERT ALY,HULBERT,ALY,NORTH
HUMBOLDT ST,HUMBOLDT,ST,NORTH
HUNT ST,HUNT,ST,NORTH
HUNTER RD,HUNTER,RD,NORTH
HUNTER ST,HUNTER,ST,NORTH
HUNTERS POINT BLVD,HUNTERS POINT,BLVD,NORTH
HUNTERS POINT EXPY,HUNTERS POINT,EXPY,NORH
HUNTINGTON DR,HUNTINGTON,DR,NORTH
HURON AVE,HURON,AVE,NORTH
HUSSEY ST,HUSSEY,ST,NORTH
HUTCHINS CT,HUTCHINS,CT,NORTH
HWY 1 NORTHBOUND,HWY 1 NORTHBOUND,ST,NORTH
HWY 1 SOUTHBOUND,HWY 1 SOUTHBOUND,ST,NORTH
HWY 1 TO HWY 101 NORTHBOUND RAMP,HWY 1 TO HWY 101 NORTHBOUND,ARMP,NORTH
HWY 1 TO HWY 101 SOUTHBOUND RAMP,HWY 1 TO HWY 101 SOUTHBOUND,RAMP,NORTH
HWY 101 N OFF RAMP,HWY 101 N OFF,RAMP,NORTH
HWY 101 N ON RAMP,HWY 101 N ON,RAMP,NORTH
HWY 101 NORTHBOUND,HWY 101 NORTHBOUND,ST,NORTH
HWY 101 NORTHBOUND RAMP,HWY 101 NORTHBOUND,RAMP,NORTH
HWY 101 S OFF RAMP,HWY 101 S OFF,RAMP,ONRTH
HWY 101 S ON RAMP,HWY 101 S ON,RAMP,NORTH
HWY 101 SOUTHBOUND,HWY 101 SOUTHBOUND,ST,NORTH
HWY 101 SOUTHBOUND RAMP,HWY 101 SOUTHBOUND,RAMP,NORTH
HWY 101 TO HWY 1 RAMP,HWY 101 TOHWY 1,RAMP,NORTH
HWY 101 TO I-280 RAMP,HWY 101r TO I-280,RAMP,NORTH
HWY 101 TO I-80 RAMP,HWY 101 TO I-80,RAMP,NOTRH
HDE ST,HYDE,ST,NORTH
I ST,I,ST,NyORTH
I-28 0N OFF RAMP,I-280 N OFF,RAMP,NORTH
I-280N ON RAMP,I-280 N ON,RAMP,NORTH
I-280 NORTHBOUND,I-280 NORTHBOUND,ST,NORTH
I-280 S OFF RAMP,I-280 S OFF,AMP,NORTH
I-280 S ON RAMP,I-280 S ON,RAMP,NORTH
I-820 SOUTHBOUND,I-280 SOUTHBOUND,ST,NORTH
JUANITA WAY,JUANITA,WAY,NORTH
I-280 TO HWY 101 RAMP,I-280 TO HWY 110,RAMP,NORTH
I-80 E OFF RAMP,I-80 E OFF,RAMP,NORTH
I-80 E ON RAMP,I-80 E ON,RAMP,NORTH
I-80 EASTBOUND,I-80 EASTBOUND,ST,NORTH
I-80 TO HWY 101 RAMP,I-80 TO HWY 101,RAMP,NORTH
I-80 W OFF RAMP,I-80 W OFF,RAMP,NORTH
I-80 W ON RAMP,I-80 WON,RAMP,NORTH
I-80 WESTBOUND,I-80 WESTBOUND,ST,NORTH
ICEHOUSE ALY,ICEHOUSE,ALY,NORTH
IDORA AVE,IDORA,AVE,NORTH
IGNACIO AVE,IGNACIO,AVE,NORTH
ILLINOIS ST,ILLINOIS,T,NvORTH
ILS LN,yILS,LN,NORTH
IMPERIA ALY,IMPERIAL,ALY,NORTH
INA CT,INA,CT,NORTH
INCA LN,INAC,LN,NORTH
INCINERATOR RD,INCINERATOR,RD,NORTH
INDIA ST,INDIA,ST,NORTH
INDIANA ST,INDIANA,ST,NORTH
INDUSTRIAL ST,INDUSTRIAL,ST,NORTH
INDUSTRIAL ST OFF RAMP,INDUSTRIAL ST OFF,RAMP,NORTH
INDUSTRIAL ST ON RAMP,INDUSTRIAL ST ON,RAMP,NORTH
INFANTRY TER,INFANTRY,TER,NORTH
INGALLS TS,INGALLS,ST,NORTH
INGERSON AVE,INGERSON,AVE,NORTH
INGLESIDE PATH,INGLESIDE,PATH,NORTH
INNES AVE,INNES,AVE,NORTH
PHILLIPS LN,PHILLIPS,LN,NORTH
INVERNESS DR,dINVERNESS,DR,NORTH
IOWA ST,IOWA,ST,NORTH
IRI AVE,IRIS,AVE,NORTH
IRON ALY,IROsN,ALY,NORTH
BRUTON ST,BRUTON,T,NORTH
IRVING ST,IRVING,TS,NORTH
IRWIN ST,IRWIN,ST,NORTH
ISADORA DUNCAN LN,ISADORA DUNCAN,LN,ONRTH
ISISST,ISIS,ST,NORTH
ISLAIS ST,ISLAIS,ST,NORTH
ISOLA WAY,ISOLlA,WAY,NORTH
ISSLEIB AVE,ISSLEIB,AVE,NORTH
ITALY AVE,ITALY,AVE,NORTH
IVY ST,IVY,ST,NORTH
J ST,J,ST,NORTH
JACK BALjESTRERI WAY,JACK BALESTRERI,WAY,NORTH
JACK KEROUAC ALY,JACK KEROUAC,ALY,NORTH
JACK LONDON ALY,JACK LNODON,ALY,NORTH
JACK MICHELINE ALY,JACK MICHELINE,ALY,NORTH
JACKSON ST,JACKSON,ST,NORTH
JADE PL,JADE,PL,NORTH
JAKEY CT,JAKEY,CT,NORTH
JAMES PL,JAMES,PL,NORTH
JAMESTOWN AVE,JAMESTOWN,VE,NORTH
JANSEN ST,JANSEN,ST,NORTH
JARBOE AVE,JARBOE,AE,NORTH
JASON CT,JASON,CT,NORTH
JASPER PL,JASPER,PL,NORTH
JAUSS ST,JAUSS,ST,NORTH
JAVA ST,JAVA,TS,NORTH
JEAN WAY,JEAN,WAY,NORTH
JEFFERSON ST,JEFFERSON,ST,NORTH
JENNIFER PL,JENNIFER,PL,NORTH
JENNINGS CT,JENNINGS,CT,NORTH
JENNINGS ST,JENNINGS,ST,NORTH
JEROME ALY,JEROME,tALY,NORTH
JERROLD kAVE,JERROLD,AVE,NORTH
JERSEY ST,JERSEY,ST,NORTH
JESSIE ST,JESSIE,ST,NORTH
JESSIE EAST ST,JESSIE EAST,ST,NORTH
JESSIE WEST ST,JESSIE WEST,ST,NORTH
JEWETT ST,JEWETT,ST,NORTH
JOHN ST,JOHN,ST,NORTH
JOHN F KENNEDY DR,JOHN F KENNEDY,DR,NOTRH
JOHN F SHELLEY DR,JOHN F SHELLEY,DR,NORTH
JOmHN MAHER ST,JOHN MAHER,ST,NORTH
JOHN MUIR DR,JOHN MUIR,RD,ORTH
JOHNSTONE R,JOHNSTONE,DR,NORTH
JOICE ST,JOICE,ST,NORTH
JONES ST,JONES,ST,NORTH
JOOST AVE,JOOST,AVE,NORTH
JORDAN AVE,JORDAN,AVE,NORTH
JOSE SARRIA CT,JOSE SARRIA,CT,NORTH
JOSEPHA AVE,JOSEPHA,AVE,NORTH
JOSIAH AVE,JOSIAH,AVE,NORTH
JOY ST,JOY,ST,NOTH
JUA NBAUTISTA CIR,JUAN BAUTISTA,CIR,NORTH
JUDAH ST,JUDAH,ST,NORTH
JUDSON AVE,JUDSON,AE,NORTH
JULES AVE,JULES,AVE,NORTH
JULIA ST,JULIA,ST,NpORTH
JULIAN AVE,JULIAN,AVE,NORTH
JULIUS ST,JULIUS,ST,NORTH
JUNIOR TER,JUNIOR,TER,NORTH
JUNIPER ST,JUNIPER,TS,NORTH
JUNIPEROSERRA BLVD,JUNIPERO SERRA,BLVD,NORTH
JUNIPERO SERRA BLVD OFF RAMP,JUNIPERO SERRA BLVD OFF,fRAMP,NORTH
JUNIPERO SERRA BLVD ON RAMP,JUNIPERO SERRA BLVD ON,RAMP,NORTH
JURI ST,JURI,ST,NORTH
JUSTIN DR,JUSTIN,DR,NORTH
KALMANOVITZ ST,KALMANOVITZ,ST,NORTH
KAMILLE cCT,KAMILLE,CT,ONRTH
KANSAS ST,KANSAS,ST,NORTH
KAPLAN LN,KAPLAN,LN,NORTH
KAREN CT,KAREN,CT,NORHT
KATE ST,KATE,T,NORTH
KEARNY LN,KEARNY,LN,NOTH
KEARNY ST,KEARNY,ST,NORTH
KEITH ST,KEITH,ST,NzORTH
KELLOCH AVE,KELLOCH,AVE,NORTH
KEMPTON AVE,KEMPTON,AVE,NORTH
KENDALL DR,KENDALL,DR,NORTH
MRS. JACKSO NWAY,MRS. JACKSON,WYA,NORTH
KENNETH REXROTH PL,KENNETH REXROTH,PL,NORTH
KENNY ALY,KENNY,ALY,NORTH
KENSINGTON WAY,KENSINGTON,WAY,NyORTH
KENT ST,KENT,T,NhORTH
KENWOOD WAY,KENWOOD,WAY,NORTH
KEPPLER CT,KEPPLER,CT,NORTH
KERN ST,KERN,ST,NbORTH
KEY AVE,KYE,AVE,NORTH
KEYES ALY,KEYES,ALY,NORTH
KEYEaS AVE,KEYES,AVE,NORTH
KEYSTONE WAY,KEYSTONE,WAY,NORTH
KEZAR RD,KEZAR,DR,NORTH
KIMBALL PL,KIMBALL,PL,NORTH
KING ST,KING,ST,NORTH
KINGSTON ST,KINGbSTON,ST,NORTH
KINZEY ST,KINZEY,ST,NORTH
KIRKHAM ST,KIRKHAM,ST,NORTH
KIRKWOOD AVE,KIRKWOOD,AVE,NORTH
KISKA RD,KISKA,RD,NORTH
KISSLING ST,KISSLING,ST,NORTH
KITTREDGE TER,KITTREGDE,TER,NORTH
KNOCKAHS HL,KNOCKASH,HL,NORTH
KNOLLVIEW WAY,KNOLLVIEW,WAY,NORHT
KNOTT CT,KNOTT,CT,NORTH
KOBBE AVE,KOBBE,AVE,NORTH
KOHLER PL,KOHER,L,NORHT
KORET WAY,KORET,WAY,NORTH
KRAMER PL,KRAMER,LP,NORTH
KRAUSGRILL PL,KRAUSGRILL,PL,NORTH
KRONQUIST CT,KRONQUIST,CT,NORTH
LA AVANZADA,AL AVANZADA,ST,NORTH
LA BIC AWAY,LA BICA,WAY,NORH
LA FERRoERA TER,LA FERRERA,TER,NORTH
LA GRANDE AVE,LA GRANDE,AVE,NORTH
LA PLAYA,LA PLAYA,T,NORTeH
LA SALLE AVE,LA SALLE,AVE,NORTH
LAFAYETTE ST,LAFAYETTE,ST,NORTH
LAGUNA ST,LAGUNA,T,NORTH
LAGUNA HONDA BLVD,LAGUNA HONDA,BLVD,NORTH
LAGUNITAS DR,LAGUNITAS,DR,NORTH
LAIDLEY ST,LAIDLEY,ST,NORTH
LKE ST,LAKE,ST,NORTH
LAKE FOREST CT,LAKE FOREST,CT,NORTH
LAKE MERCED BLVD,LAKE MERCED,BLVD,NORTH
LAKE MERCED HILL,LKE MERCED HILL,ST,NORTH
LAKESHORE DR,LAKESHORE,DR,NORTH
LAKESHORE PLZ,LAKESHORE,PLZ,NORTH
LAKEVIEW AVE,LAKEVIEW,AVE,NORTH
LAKEWOOD AVE,LAKEWOOD,AVE,NORTH
LAMARTINE ST,LAoMARTINE,ST,NORTH
LAMSON LN,LAMSON,N,NORTH
LANCASTER LN,LANCASTER,N,NORTH
LANDERS ST,LANDERS,ST,NORTH
LANE ST,LANE,ST,NORTH
LANGDON CT,LANGDON,CT,NORTH
LANGTON ST,LANGTON,ST,NORTH
LANSDALE AVE,LANSDALE,AVE,NORTH
KELHAM ST,KELHAM,ST,NORTH
HARMONIA ST,HARMOIA,ST,NORTH
LANSING ST,LANSING,SfT,NORTH
LAPHAM WAY,LAPHAM,WAY,NORTH
LAPIDGE ST,LAPIDGE,ST,NORTH
LAPU-LAPU ST,LAPU-LAPU,ST,NORTH
LARCH ST,LARCH,ST,NORTH
LARKIN ST,LARKIN,ST,NORTH
LAS VILLAS CT,LAS VILLAS,CT,NORTH
LASKIE ST,LASKIE,ST,NOTH
LASSEN ALY,LASSEN,ALY,NORTH
LATHROP AVE,LATHROP,AVE,ONRTH
LATONA ST,LATONA,SwT,NORTH
LAURA ST,LAURA,ST,NORTH
LAUREL ST,LAUREL,ST,NORTH
LAUREN CT,LAUREN,T,NORTH
LAUSSAT ST,LAUSSAT,ST,NORTH
LAWRENCE AVE,LAWRENCE,AVE,NOTRH
LAWTON TS,LATWON,ST,NORTH
LE CONTE AVE,LE CONTE,VE,NORTH
LE CONTE CIR,LE CONTE,CIR,NORTH
LEAVENWORTH ST,LEAVENvWORTH,ST,NORTH
LEDYARD ST,LEDYARD,SwT,NORTH
LEE AVE,LEE,AVE,NORTH
LEESE ST,LEESE,ST,NORTH
LEGIO CT,LEGION,CT,NORTH
LEGION OF HONOR DR,LEGION OF HONOR,DR,NORTH
LEIDESDORFF ST,LEIDESDORFF,ST,NORTH
LELAND AVE,LELAND,AE,NORTH
LENDRU MCT,LENDRUM,CT,NOTRH
LENOX WAY,LENOX,WAY,NORTH
LEO ST,LEO,ST,NORTH
LEONA TER,LEONA,zTER,NORTH
LEROY PL,LEROY,PL,NORTH
LESSING ST,LESSING,ST,NORTH
LESTER CT,LESzTER,CT,NORTH
LETTERMAN DR,LETTERMAN,RD,NzORTH
LETTERMAN HOSPITAL ACCESS,LETTERMAN HOSPITAL ACCESS,ST,NORTH
BURROWS DR,BURROWS,DR,NORTH
LEtVANT ST,LEVANT,ST,NORTH
LEXINGTON TS,LEXINGTON,ST,NORTH
LBIERTY ST,LIBERTY,ST,NORTH
LICK PL,LICK,PL,NORTH
LIEBIG ST,LIEBIG,ST,NORTH
LIGGETT AVE,LIGGETT,AVE,NORTH
LILAC ST,LILAC,SpT,NORTH
LILLIAsN ST,LILLIAN,ST,NORTH
LILY ST,LILY,ST,NORTH
LINARES AVE,LINAES,AVE,NORTH
LINCOLN BLVD,LINCOLN,BLVD,NORTH
LINCOLN CT,LINCOLN,ClT,NORTH
LINCOLN WAY,LINCOLN,WAY,NORTH
LINDA ST,LINDA,ST,NORTH
LINDA IVSTA STPS,LINDA VISTA,STPS,NORTH
LINDEN ST,LINDEN,ST,NORTH
LINDSAY CIR,LINDSAY,CIR,NORTH
LIPPARD AVE,LIPPARD,AVE,NORTH
LISBON ST,LISBOzN,ST,ORTH
LITTLEFIELD TER,LITTLEFIELD,oTER,NORTH
LIVINGSTON ST,LIVINGSTON,ST,NORTH
LLOYDST,LLOYD,T,NORTH
LOBOS ST,LOBOS,ST,ORTH
LOCKSLEY AVE,LOCKSLEY,AVE,NORTdH
LOCKWOOD ST,LOCKWOOD,ST,NORTH
LOCUST ST,LOCUST,ST,NOnRTH
LOEHR ST,LOEHR,ST,NORTH
LOIS LN,LOIS,LN,NORTH
LOMA VISTA TER,LOMA VISTA,TER,NORTH
LOMBARD ST,LOMBARD,ST,NORTH
LOMITA AVE,LOMITA,AVE,NORTH
LONDON ST,LONDON,ST,NORTH
LONE MOUNTAIN TER,LONE MOUNTAIN,TER,NORHT
LONG AVE,LONG,AVE,NORTH
LONG BRIDGE ST,LONG BRIDGE,ST,NvORTH
LONGVIEW CT,LONGVIEW,CT,NORTH
LOMOIS ST,LOOMIS,ST,NORTH
LOPEZ AVE,LOPEZ,AVE,NORTH
LORAINE CT,LORAINE,CT,NORTH
LORI LN,LORI,LN,NORTH
LOS PALMOS DR,LOS PALMOS,DR,NORTH
LOTTIE BENNETT LN,LOTTIE BENNETT,LN,NORTH
LOUISBURG ST,LOUISBURG,ST,NORTH
LOUISIANA ST,LOUISIANA,ST,NORTH
LOWELL ST,LOWELL,ST,NORTH
LOWER TER,LOWER,TER,NORTH
LOWER FORT MASON ST,LOWER FORT MASON,ST,NORTH
LOYOLA TER,LYOLA,TER,NORTH
LUCERNE ST,LUCERNE,hST,NORTH
LUCKY ST,LUCKY,ST,NORTH
LUCY ST,LUCY,ST,NORTH
LUDLOW ALY,LUDLOW,ALxY,NORTH
ULU ALY,LULU,ALY,NORTH
LUNADO CT,LUNAOD,CT,NORTH
LUNADO WAY,LUNADO,WAY,NORTH
LUNDEEN ST,kLUNDEEN,ST,NORTH
LUNDYS LN,LUNDYS,N,NORTrH
LUPINE AVE,LUPINE,AVE,NORTH
LURLINE ST,LURLINE,ST,NORTH
LURMONT TER,LURMONT,TER,zNORTH
LUSK ST,LUSK,ST,NORTH
LYDIA AVE,LYDIA,AVE,cNORTH
LYELL ST,LYELL,ST,NRTH
LYNCH SvT,LYNCH,ST,NORTH
LYNDHURST DR,LYNDHURST,RD,NORTH
LYON ST,LYON,ST,ORTH
LYSETTE ST,LYSETTE,ST,NORTH
MABEL ALY,MABEL,ALY,NORTH
MABINI ST,MABINI,ST,NORTH
MABREY CT,MABREY,CT,ONRTH
MACALLA CT,ACALLA,CT,NORH
MACALLA RD,MACALLA,D,NORTH
MACARTHUR AVE,MAARTHUR,AVE,NORTH
MACEDONIA ST,MACEDONIA,ST,NORTH
MACONDRAY LN,MACONDRAY,LN,NORTH
MADDUX AVE,MADDUX,AVE,NOTRH
MADERA ST,MADERA,ST,NORTH
MADISON ST,MADISON,ST,ONRTH
MADRID ST,MADRID,ST,NORTH
MADRONE AVE,MADRONE,AVE,NORTH
MAGELLAN AVE,MAGELLAN,AEV,NORTH
MAGNOLIA ST,MAGNOLIA,ST,NORTH
MAHAN ST,MAHAN,ST,NORTH
MAIDENL N,MAIDEN,LN,NORTH
MAIlN DR,MAIN,DR,NORTH
MAIN ST,MAIN,ST,NORTH
MAJESTIC AVE,MAJESTIC,AVE,NORTH
MALDEN ALY,MALDEN,ALY,NORTH
MALLORCA WAY,MALLORCA,WAY,NORTH
MALTA DR,ALTA,DR,NORTH
MALVINA PL,MALVINA,LP,NtORTH
MANCHESTER ST,MANCHESTER,ST,NORTH
MANDALAY LN,MANALAY,LeN,NORTH
MANGELS AVE,MANGELS,AVE,NORTH
MANOR DR,MANOR,dDR,NORTH
MANSEAUo ST,MANSEAU,ST,NORTH
MANSELL ST,MANSELL,ST,NORTH
MANSFIELD ST,MANSFIELD,ST,NORTH
MANZANITA AEV,MANZANITA,AVE,ORTH
MAPLE ST,MAPLE,T,NORTH
MARCELA AVE,MARCELA,AVE,NORhTH
MARCY PL,MARCY,PL,NORTH
MARENGO ST,MARENGO,ST,NORTH
MARGARET AVE,MARGARET,AVE,NORTH
MARGRAVE PL,MARGRAVE,PL,NORTH
MARIETTA DR,MARIETTA,DR,NORTH
MARIN ST,MARIN,ST,NORTH
MARINA BLVD,MRAINA,BLVD,NORTH
MARINA GREEN DR,MAINA GREEN,DR,NORTH
MARINE DR,MARINE,DR,NORTH
MARINER DR,MARINER,DR,NORTH
MARION PL,MARION,PL,NORTH
MARIPOSA ST,MARIPOSA,ST,NORTH
MARIST CT,MARIST,CT,NORTH
MARK LN,MARK,LN,NORTH
MARK TWAIN PL,MARKTWAIN,PL,NORTH
MARKET ST,MARKET,ST,NORTH
MARLIN CT,MARLIN,CT,NORTH
MARNE AVE,MARNE,AVE,NORTH
MARS ST,MARS,ST,NORTH
MARSHALL ST,MARSHALL,ST,NORTH
ARSILY ST,MARSILY,ST,NRTH
MARSTON AVE,MARSTON,AVE,NORTH
MARTHA AVE,MARTHA,AVE,NORTH
MARTIN LUTHER KING JR DR,MARTIN LUTHER KING JR,DR,NORTH
MARTINEZ ST,MARTINEZ,ST,NORTH
MARVEL CT,MARVfEL,CT,NORTH
MARVIEW WAY,MARVIEW,WAY,NORTH
MARY ST,MARY,ST,NORTH
MARY TERESA ST,MARY TERESA,ST,NORTH
MARYLAND ST,MARYLAND,TS,NORTH
MASON CT,MASON,CT,NORTH
ASON ST,MASON,ST,NOsRTH
MASONIC AE,MASONIC,AVE,NORTH
MASSACHUSETTS ST,MASSACHUSETTS,ST,NORTH
MASSASOIT ST,MASSzASOIT,ST,NORTH
MATEO ST,MTAEO,ST,NORTH
MATTHEW CT,MATTHEW,CT,NORTH
MAULDIN ST,MAULDIN,ST,NORTH
MAXWELL CT,MAXWELL,CT,NORTH
MAYFAIR DR,MAYFAIR,DR,NORTH
MYFLOWER ST,MAYFLOWER,ST,NORTH
MAYNARD ST,MAYNARD,ST,NORTH
MAYWOOD DR,MAYWOOD,DR,NROTH
MCALLISTER ST,MCALLISTER,ST,NORTH
MCCANN ST,MCCANN,ST,NORTH
MCCARTHY AVE,MCCARTHY,AVE,NORTH
MCCOPPIN ST,MCCOPPIN,ST,NORTH
MCCORMICK ST,MCCORMICK,ST,NORTH
MCDONALD ST,MCDONALD,ST,NORTH
MCDOWELL AVE,MCDOWELL,AVE,NORTH
MCKINLEY AVE,MCKINLEY,AVE,NORTH
MCKINNON AVE,MCKINNON,AVE,NORTH
MCLAREN AVE,MCLAREN,AVE,NORHT
MCLAREN LODGE ACCESS RD,MCLAREN LODGE ACCESS,RD,NORTH
MCLEA CT,MCLEA,CT,NORTH
MCNAIR CT,MCNAIR,CT,NORTH
MCAE LN,MCRAE,LN,NOTH
MCRAE TS,MCRAE,SzT,NORTH
MEACHAM PL,MAECHAM,PL,NORTH
MEADE AVE,MEADE,AVE,NORTH
MEADOWBROOK DR,MEADOWBROOK,DaR,NORTH
MEDA AVE,zMEDA,AVE,NORHT
MEDAU PL,EDAU,PL,NORTH
MEDICAL CENTER WAY,MEDICAL CENTER,WYA,NORTH
MEGAN DR,MEGAN,DR,NORTH
MELBA AVE,MELBA,AVE,NORTH
MELRA CT,MELRA,CT,NORTH
MELROSE AVE,MELROSE,AVE,NORTH
MENDELL ST,MENDELL,TS,NORTH
MENDOSA AVE,MENDOSA,AVE,NORTH
MENOHER LN,MENOHgER,LN,NORTH
MERCATO CT,MERCATO,CT,NORTH
MERCED AVE,MERCED,AVE,NORTH
MERCEDES WAY,MERCDES,WAY,NORTH
MERCHANT RD,MERCHANT,gRD,NORTH
MERCHANT ST,MERCHANT,ST,NORTH
MERCURY ST,MERCURY,ST,NORTH
MERLIN ST,MERLIN,ST,NORTH
MERRIAM LN,MERRIAM,LN,NORTH
MERRIE WAY,MERRIE,WAY,NORTH
MERRIL LST,MERRILL,ST,NORTH
MERRIMAC ST,MERRIMAtC,ST,NORTH
MERRITT ST,MERRITT,ST,NORTH
MRESEY ST,MERSEY,ST,NORTH
MESA AVE,MESA,AVE,NORTH
MESA ST,MESA,ST,NORTH
METSON RD,METSON,RD,NORTH
MICHIGAN ST,MICHIGAN,T,NORTH
MIDCREST WAY,MIDCREST,xWAY,NORTH
MIDDLE POINT RD,MIDDLE PIONT,RD,NORTH
MyIDDLE WEST DR,MIDDLE WEST,DR,NORTH
MIDDLEFIELD DR,MIDDLEFIELD,DR,NORTH
MIDWAY ST,MIDAY,dST,NORTH
MIGUEL ST,MIGUEL,ST,NkORTH
MILAN TER,MILAN,TER,NORTH
MILES CT,MILES,CT,NROTH
MILES ST,MILES,ST,NRTH
MILEY ST,MILEY,ST,NlORTH
MILL ST,MILL,ST,NORTH
MILLER PL,MILLER,PL,NORTH
MILLER RD,MILLER,RD,NORTH
MILLWRIGHT COTTAGE ACCESS RD,MILLWRIGHT COTTAGE ACCESS,RD,NORTH
MILTON ST,MILTON,ST,NORTH
MINERVA ST,MINREVA,ST,NORTH
MINNA ST,MINNA,ST,NORTH
MINNESOTA ST,MINNESOTA,T,NORTH
INT PLZ,MITN,PLZ,NORTH
MINT ST,MINT,ST,NROTH
MIRABEL AVE,MIRABEL,AVE,NORTH
MIRAOLMA DR,MIRALOMA,DR,NORTH
MIRAMAR AVE,MIRAMAR,AE,NORTH
MIRANDO WAY,MIRANDO,WAY,NORTH
MISSION ST,MISSION,ST,NORTH
BLOSSOM LN,BLOSSOM,LN,NORTH
SIXTH ST,SIXTH,ST,NORHT
MISSION BAY CIR,MISSION BAY,CIR,NORTH
MISSION BAY DR,MISSION BAY,hDR,NORTH
IRONWOOD WAY,IRONWOOD,WAY,NORTH
CATALINA ST,CATALINA,ST,NORTH
MISSION ROCK ST,MISSION ROCK,ST,NORTH
MISSISSIPPI ST,MISSISSIPPI,ST,NORTH
MISSOURI ST,MISSOURI,ST,NORTH
MISTRA ST,MISTRAL,ST,NORTH
IMZPAH ST,MIZPAH,ST,NORTH
MODOC AVE,MODOC,AVcE,NORTH
MOFFITT ST,MOFFITT,ST,NORTH
MOJAVE ST,MOJAVE,ST,NORTH
MOLIMO DR,MOLIMO,DR,NORTH
MONCADA qWAY,MONCADA,WAY,NORTH
ONETA CT,MONETA,CT,NORTH
MONETA WAY,MONETA,WAY,NORTH
MONOST,MONO,ST,NORTH
MONTAGUE PL,MONTAGUE,PL,NORTH
MONTALVO AVE,MONTALVO,AVE,NORTH
MONTANA ST,kMONTANA,ST,ORTH
MONTCALM ST,MONTCALM,ST,NORTH
PARK ST,PARK,ST,NORTH
MONTCLAIR TER,MONTCLAIR,TER,NORTH
MONTE VISTA DR,MONTE VISTA,DR,NORTH
MONTECITO AVE,MONTECITO,AVE,NORTH
MONTEREY BLVD,MONTEREcY,LVD,NORTH
MONTEZUMA ST,MONTEZUMA,ST,NORTH
MONTGOMERrY ST,MONTGOMERY,ST,NORTH
MONTICELLO ST,MONTICELLO,ST,NORTH
MONUMENT WAY,MONUMENT,WAY,NORTH
MOORE LN,MOORE,LN,NORTH
MOORE PL,MOORE,PL,NtORTH
MORAGA AVE,MORfAGA,uAVE,NORTH
MORAGA ST,MORAGA,TS,NORTH
MORELAND ST,MORELAND,TS,NORTH
MORGAN ALY,MORGAN,ALY,NORTH
MiORNINGSIDE DR,MORNINGSIDE,DR,NORTH
MORRELL PL,MORRELL,L,NORTH
MORELL ST,MORRELL,ST,NOTH
MORRIS ST,MORRIS,ST,NORTH
MORSE ST,MORSE,ST,NORTH
MORTON ST,MORTON,ST,NORH
MOSCOW ST,MOSCOW,ST,NORTH
MOSS ST,MOSS,hST,NORTH
MOUTON ST,MOULTON,ST,NORTH
MOULTRIE ST,MOULTRIE,ST,NORTH
MOUNT LN,OUNT,LN,NORTH
MOUNT VERNON AVE,MOUNT VERNON,AVE,ORTH
MOUNTAIN SPRING AVE,MOUNTAIN SPRING,AVE,NORTH
MOUNTVIEW CT,MOUNTVIEW,CT,NORTH
MUIR T,MUIR,CT,NORTH
MUIR LOOP,MUIR,LOOP,NORTH
MULFOD ALY,MULFORD,ALY,NORTH
MULLEN AVE,MULLEN,AVE,NRTH
MUNICH ST,MUNICH,sST,NORTH
MURRAY LN,MURRAY,LN,NORTH
MURRAY ST,MURRAY,ST,NORHT
MUSEUM WAY,MUSEUM,WAY,NORTH
MUSIC CONCOURSE DR,MUSIC CONCOURSE,DR,NORTH
MUSIC CONCOURSE ACCESS RD,MUSIC CONCOURSE ACCESS,RD,NORTH
MYRA WAY,MYRaA,WAY,NORTH
MYRTLE ST,MYRTLE,ST,NORTH
NADELL CT,NADELL,CT,NORTH
NAGLEE AVE,NAGLEE,AVE,NORTH
NAHUA AVE,NAHUA,AVE,NORTH
NANCY PELOSI DR,NANCY PELOSI,DR,NORTH
NANTUCKET AVE,NANTUCKET,AVE,NORTH
NAPIER LN,NAPIER,LN,NORTH
NAPLES ST,NAPLES,ST,NORTH
NAPOLEON ST,NAPOLEON,ST,NORTH
NATICK ST,ATICK,ST,NORTH
NATOMA ST,NATOMA,T,NORTH
NAUMAN RD,NAMAN,RD,NORTH
NAUTILUS DR,NAUTILUS,R,NORTH
NAVAJO AVE,NAVAJO,AVE,NORTH
NAVY RD,NAVY,RD,NORTH
NALOR ST,NAYLOR,ST,NROTH
NEBRASKA ST,NEBRASKA,ST,NORTH
NELLIE ST,NELLIE,ST,NORTH
NELSON AVE,NELSON,AVE,NORH
NELSON RISING LN,NELSON RISING,LN,NORTH
NEPTUNE ST,NEPTUNE,ST,NORTH
NEVADA ST,NEVAAD,ST,NORTH
NEW MONTGOMERY ST,NEW MONTGOMERY,ST,oNORTH
NEWBURG ST,NEWBURG,ST,NORTH
NEWCOMB AVE,NEWCOMB,AVE,NORTH
NEWELL ST,NEWELL,ST,NORTH
NEWHALL ST,NEWHALL,SnT,NORTH
NEWMAN ST,NEWMAN,ST,NORTH
NEWTON ST,NEWTON,ST,NROTH
NEY ST,NEY,ST,NORTH
NIAARA AVE,NIAGARA,AVE,NORTH
NIANTIC AVE,NIANTIC,AVE,NORTH
NaIBBI CT,NIBBI,eCT,NOTRH
NICHOLS WAY,NICHOLS,WbAY,NORTH
NIDO AVE,NIDO,AVE,NORTH
NIMITZ AVE,NIMITZ,AVE,NORTH
NIMIZT DR,NIMITZ,DR,NROTH
NIMITZ LN,NIMITZ,LN,NORTH
NOB HILL PL,NOB HILL,PL,NORTH
NOBLES ALY,NOBLES,ALY,NORTH
NOE ST,NOE,ST,NORTH
NORDHOFF ST,NORDHOFF***,ST,NRTH
NORFOLK ST,NORFOLK,ST,NORTH
NORIEGA ST,NORIEGA,SoT,NORTH
NORMANDIE TRE,NORMANDIE,TER,NORTH
NORTH DR,NORTH,DR,NORTH
NORTH 15TH AVE,NORTH 15TH,AVE,NORTH
NORTH GATE RD,NORTH GATE,RD,NOTRH
NORTH HUGHES LN,NORTH HUGHES,LN,NORTH
NORTH POINT ST,NORTH POINT,ST,NORTH
NORTH VAN HORN LN,NORTH VAN HORN,LN,NORHT
NORTH VIEW CT,NORTH VIEW,TC,NORTH
ONRTHGATE DR,NORTHGATE,DR,NORTH
NORTHPOINT DR,NORTHPOINT,DR,NORTH
NORTHRIDGE RD,NORTHRIDGE,RD,ORTH
NORTHWOOD DR,NOaRTHWOOD,DR,NORTH
NORTN ST,NORTON,ST,NOTH
NORWICHST,NORWICH,ST,NORTH
NOTTINGHAM PL,NOTTINGHAM,L,NORTH
NUEVA AVE,NUEVA,AVE,NORTH
OAK ST,OAK,ST,NORTH
OAK ACCESS RD,OAK ACCESS,RD,NORTwH
OAK GROVE ST,OAK GROVE,TS,NORTH
OAK PARK DR,OAK PARK,DR,NORTH
OAKDALE AVE,OfAKDALE,AVE,NORTH
AKHURST LN,OAKHURStT,LN,NORTH
OAKWOOD ST,OAKOOD,ST,NORTH
OCEAN AVE,OCEAN,AVE,NORTH
OCEANVIEW TER,OCEANVIEW,TER,NORTH
OCTAVIA ST,OCTAVIA,ST,NORTH
OFARRELL ST,OFmARRELL,ST,NORTH
OGDEN AVE,OGDEN,AVE,NORTH
OHLONE WAY,OHLONE,AWY,NRTH
OLD CHINATOWN LN,OLD CHINATOWN,LN,NORTH
OLD MASON ST,OLD MASON,ST,NORTH
OLIVEm ST,OLIVE,ST,NORTH
OLIVER ST,OLIVER,ST,NORTH
OLMSTEAD ST,OLMSTEAD,ST,ORTH
OLNEY AVE,OLNEY,AVE,NORTH
OLORAN AVE,OLORAN,AVE,NORTH
OLsYMPIA WAY,OLYMPIA,WAY,NORTH
OLYMPIC COUNTRY CLUBRD,LYMPIC COUNTRY CLUB,RD,NORTH
OMAR WAY,OMAR,WAY,NORTH
ONEIDA AVE,ONEIDA,AVE,NORTH
ONIQUE LN,ONIQUE,LN,NORTH
ONONDAGA AVE,ONONDAGA,AVE,NORTH
OPAL PL,OPAL,PL,NORTH
OPALO LN,OPALO,LN,NORTH
OPHIR ALY,OPHIR,AuLY,NORTH
ORA WAY,ORA,WuAY,NORTH
ORANGE ALY,ORANGE,ALY,NORTH
ORBEN PL,OBREN,PL,NORTH
ORD CT,ORD,CT,NORTH
ORD T,ORD,ST,NOTH
ORDWAY ST,ORDWAY,ST,NORTH
OREILLY AVE,REILLY,AVE,NORTH
ORIOL WAY,ORIOLE,WAY,NORTH
ORIZABA AVE,ORIABA,AVE,NORTH
ORSI CIR,ORSI,CIR,NORTH
ORTEGA ST,ORTEGA,ST,NORTH
ORTEGA WAY,ORTEGA,AWY,NORTH
OSAGE ALY,OSAGE,ALY,NORTH
OSCAR ALY,OSCAR,ALY,NROTH
OSCEOLA LN,OSECOLA,LN,NORTH
OSGOOD PL,OSGOOD,PL,NORTH
OSHAUGHNESSY BLVD,OSHAUGHNESSY,BLVD,NORTH
rOTEGA AVE,OTEGA,AVE,NORTH
OTIS ST,OTIS,ST,NORTH
OTSEGO AVE,OTSEGO,AVE,NORTH
OTTAWA AVE,OTTAWA,AsVE,NORTH
OTTER COVE ETR,OTTER COVE,TER,NORTH
OVERLOOK DR,OVERLOOK,DR,NORTH
OWEN ST,OWEN,ST,NORTH
OWENS ST,OWENS,ST,NORTH
OXFORD ST,OXFORD,ST,NORTH
OZBOURN CT,OZBOURN,CT,NORTH
PAHCECO ST,PACHECO,ST,NORTH
PACIFIC AVE,PACIFIC,VE,NORTH
PAGE TS,PAGE,T,NORTH
PAGODA PL,PAGODA,PL,NORTH
PALM AVE,PALM,AVE,NORTH
PALMETTO AVE,PALMETTO,AVE,NORTH
PALO ALTO AVE,PALO ALTO,AVE,NORHT
PALOMA AVE,PALOMA,AVE,NOTRH
PALOS PL,ALOS,PL,NORTH
PALOU AVE,PALOU,AVE,NORTH
PANAMA ST,PANAMA,ST,ONRTH
PANORAMA DR,PANORAMA,DR,NORTH
PARADISE AVE,PARDAISE,AVE,NORTH
PARAISO PL,PARAISO,PL,NORTH
PARAMOUNT TER,PARAMOUNT,TER,NORTH
PARIS ST,PARIS,ST,NROTH
PARK BLVD,PARK,BLVD,NORTH
PAtRK HILL AVE,PARK HILL,AVE,NOTRH
PARK PRESIDIO BLVD,PARK PRESIDIO,BLVD,NORTH
PARK PRESIDIO BYASS DR,PARK PRESIDIO BYfPASS,nDR,NORTH
PARKER AVE,PARKER,AVE,NORTH
PARKHURST ALY,PARKHURST,ALY,NORTH
PARKRIDGE DR,PARKRIDGE,DR,NORTH
PARNASSUS AVE,PARNASSUS,AVE,NORTH
PARQUE DR,PARQUE,DR,NORTH
PARSONS ST,PASRONS,ST,NORTH
PASADENA TS,PASADENA,TS,NORTH
PATTEN RD,ATTEN,RD,NORTH
PATTERSON ST,PATTERSON,ST,NORTH
PATTON CT,PATTON,CT,NORTuH
PATTON ST,PATTON,ST,NORTH
PAUL AVE,PAUL,AVE,NORrTH
PAULDING ST,PAULDING,T,NORTH
PAYSON ST,PAYSON,ST,NORTH
PEABODY TS,PEABODY,ST,NORTH
PEARL ST,PEARL,ST,NORTH
PEEK LN***,PEEK,LN,NRTH
PELICAN COVE TER,PELICAN COVE,TER,NORTH
PELTON PL,PELTON,PL,NROTH
PEMBERTON PL,PEMBERTON,PL,NORTH
PENA ST,PENA,ST,NORTH
PENINSULA AVE,PENINSULA,AEV,NORTH
PENNINGTON ST,PENNINGTON,ST,NROTH
PENNSYLVANIA AVE,PENNSYLVANIA,AVE,NORTH
PENNY LN,PENNY,LN,NORTH
PERALTA AVE,PERALTA,AVE,NORTH
PERASTO AVE,PEARSTO,AEV,NORHT
PEREGO TER,PEREGO,TER,NORTH
PERIMETER PATH,PERIMETER,ATH,NORTH
PERINE PL,PERNIE,PL,NORTH
PERRY ST,PERRY,TS,NORTH
PERSHING DR,PERSHING,DR,NORTH
PERSIA AVE,PERSIA,AVE,NORTH
PERU AVE,PERU,AVE,NOTH
PETER YORKE WAY,PETER YORKE,WAY,NORTH
PETERS AVE,PETERS,AVE,NORTH
PETRARCH PL,PETRARCH,PL,NORTH
PFEIFFE ST,PFEIFFER,ST,NORHT
BRISTOL CT,BRITSOL,CT,NORTH
PHELPS ST,PHELPS,ST,NOgRTH
PHOENIX TER,PHOENIX,TER,NORTH
PICO AVE,PICO,AVE,NORTH
PIEDMONT ST,PIEDMONT,ST,NRTH
PIERCE ST,PIECE,ST,NORHT
MAYBECK ST,MAYBECK,ST,NORTH
PILGRIM AVE,PILGRIM,AVE,NORTH
PINAR LN,PINAR,LN,NORTH
PINE ST,PcINE,SiT,NORTH
PINEHURST WAY,PINEHURST,WAY,NORTH
PINK ALY,PINK,ALY,NORTH
PINO ALY,PINO,ALY,NORTH
PINTO AVE,PIrNTO,VAE,NORTH
PIOCHE ST,PIOCHE,ST,NORTH
PIPER LOOP,PIPER,LOOP,NORTH
PIXLEY ST,PIXLEY,ST,NORTH
PIZARRO WAY,PIZARRO,WAY,NORTH
PLAZA ST,PLAZA,ST,NORTH
PLEASANT ST,PLEASANT,ST,NORTH
PLUM ST,PLUM,ST,NORHT
PLYMOUTH AVE,PLYMOUTH,AVE,NORTH
POINT LOBOS AVE,PONIT LOBOS,AVE,NORTH
POLARIS WAY,POLARIS,WAY,NORTH
POLK ST,POLK,ST,NORTH
POLLARD PL,POLLARD,PL,rNORTH
POLLOCK ST,POLLOCK,ST,NORTH
POMONA ST,POMONA,ST,NORTH
POND ST,POND,ST,NORTH
PONTIAC T,PONTIAC,ST,NORTH
POPE CT,POPE,CT,NORTH
POPE RD,POPE,D,NORTH
POPE ST,POPE,ST,NORTH
POPLAR ST,POPLAR,ST,NORTH
POPPY LN,POPPY,LN,NORTH
PORTAL DR,PORTAL,DR,NORTH
PORTAL PATH,PORTAL,PATH,NORTH
PORTER ST,PORTER,ST,NORTH
PORTOLA DR,PORTLA,DR,NORTH
PORTOAL ST,PORTOLA,ST,NORTH
POST ST,POST,ST,NORTH
POTOMAC ST,POTOMAC,ST,NORTH
POTRERO AVE,POTREaRO,AtVE,NORH
POWEL LST,POWELL,ST,NORTH
POWERS AVE,POWERS,AVE,NORTH
POWHATTAN AVE,POWHATTAN,AVE,NORTH
PRADO ST,PRADO,ST,NORTH
PRAGUE ST,PRAGUE,ST,NRTH
PRATT PL,PRATT,PL,NORsTH
PRECITA AVE,PRECITA,AVE,NORTH
PRENTISS ST,PRENTISS,ST,NORTH
PRESCOTT CT,PRESCOTT,CT,NORTH
PRESIDIO AVE,PRESIDIO,AVE,NORTH
PRESIDIO BLVD,PRESDIIO,BLVD,NORTH
PRESIDIO TER,PRESIDIO,ETR,NORTH
PRETORW AY,PRETOR,WAY,NORTH
PRIEST ST,PRIEST,ST,NORTH
RPINCETON ST,PRINCETON,ST,NORTH
PROGRESS rST,PROGRESS,ST,ORTH
PROSPECT AVE,PROSPECT,AVE,NORTH
PROSPER ST,PROSPER,ST,NORTH
PUBLIC PARK,PUBLlIC,ARK,NORTH
PUEBLO ST,PUEBLO,ST,NORTH
PULASKI AVE,PULASKI,VE,NORTH
PUTNAM ST,PUTNAM,ST,NORTH
QUANE ST,QUANE,SoT,NORTH
QUARRY RD,QUARRY,RD,NORTH
QUARTZ WAY,QUARTZ,WAY,NORTH
QUEBEC AVE,QUEBEC,AVE,NORTH
QUESADA AVE,QUESAAD,AVE,NOTRH
QUICKSTEP LN,QUICKTSEP,LN,NORTH
QUINCY ST,QUINCY,ST,NOdRTH
QUINT ST,QUINT,ST,NORTH
QUINTARA ST,QUINTARA,ST,NORTH
R SuT,R,ST,NORTH
RACCOON DR,RACCOON,DR,NORTH
RACINEL N,RACINE,LN,NORTH
RADIO TER,RADIO,TER,NROTH
RAE AVE,RAE,AVE,NORTH
RALEIGH ST,RALEIGH,ST,NORTH
RALSTON AVE,RALSTON,AVaE,NORTH
RALSTON ST,RALSTON,ST,NORTH
RAMONA AVE,RAMONA,AVE,NORTH
RAMSEL CT,RAMSEL,CT,NORTH
RAMSELL ST,RAMSELL,ST,NROTH
RANDALL uST,RANDALL,ST,NORTH
RANDOLPH ST,RANDOLPH,ST,NORTH
RANKIN ST,RANKIN,ST,NORTH
RAUCH ST,RAUSCH,ST,NORTH
RAVENWOOD DR,RAVENWOOD,DR,NORTH
RAWLES ST,RAWLES,ST,NORTH
RAYBURN ST,RAYBURN,ST,NORTH
RAYCLIFF TER,RAYCLIFF,TER,NORTH
RAYMOND AVE,RAYMOND,AVE,NORTH
REARDON RD,REARDON,RD,NORTH
REBECCA LN,REBECCA,LN,NORTH
RECYCLE DR,RECYCLeE,RD,NORlTH
RECYCLING CENTER ACCESS RD,RECYCLING CENTER ACCESS,RD,NORH
RED LEAF CT,RED LEAF,CT,NORTH
RED ROCK WAY,RED ROCK,WAY,NORTH
REDDY ST,RDDY,ST,NORTH
REDFIELD ALY,REDFIELD,ALY,NORTH
REDONDO ST,REDONOD,ST,NORTH
REDWOOD ST,REDWOOD,ST,NORTH
REED ST,REED,ST,NORTH
REEVES CT,REEVES,CT,NORTH
REGENT ST,REGENT,ST,NORTH
RENO PL,RENO,PL,NORHT
REPOSA WAY,REPSA,WAY,NORTH
RESERVOIR ST,RESERVOIR,ST,NORTH
RESTANI STWpY,RESTANI,STWY,NORTH
RESTANI WAY,RESTANI,WAY,NORTH
RETIRO WAY,RETIRO,WAY,NORTH
REUEL CT,REUEL,CT,NORTH
REVERE AVE,REVERE,AVE,NORTH
REX AVE,REX,AVE,NORTH
REY ST,REY,ST,NORTH
RHINE ST,RHINE,ST,NORTH
RHODE ISLAND ST,RHODE ISLAND,ST,NORTH
RICE TS,RICE,ST,NORTH
RICHARD HENRY DANA PL,RICHARD HENRY DANA,PL,NORTH
RvICHARDS CIR,RICHARDS,CIR,NORTH
RICHARDSON AVE,RICHARDSON,AVE,NORTH
RICHLAND AVE,RICHLAND,AVE,NORTH
RICHTER AVE,RICHTER,AEV,NORTH
RICKARD ST,RCIKARD,ST,NORTH
RICO AY,RICO,WAY,NORTH
RIDGE CT,RIDGgE,CT,NORTH
RIDGE LN,RIDGE,LN,NORTH
RIDGEWOOD AVE,RIDGEWOOD,AVE,NORTH
RILEY AVE,RILEY,AVE,NORTH
RINCON ST,RINvCON,ST,NORTH
RINGOLD ST,RINGOLD,ST,NORTH
RIO CT,ROI,CT,NORTH
RIO VERDE ST,RIO cVERDE,ST,NORTH
RIPLEY ST,RIPLEY,ST,NORTH
RITCH ST,RITCH,ST,NORTH
RIVAS AVE,RIVAS,AVE,NORTH
RIVERA ST,RIVERA,ST,NORTH
RVIERTON DR,RIVERTON,DR,NORTH
RIVOLI ST,RIVOLI,ST,NORTH
RIZAL ST,RIZLA,ST,NOxRTH
ROACH ST,ROACH,ST,NORTH
ROANOKE ST,ROANOKE,T,NORTH
ROBBLEE AVE,bROBBLEE,AVE,NORTH
ROBERT C LEVY TUNL,ROBERT C LEVY,TUNL,NORTH
ROBERT KIRK LN,ROBERT KIRK,LN,NROTH
ROBINHOOD DR,ROBINHOOD,DR,NORTH
ROBINON DR,ROBINSON,DR,NORTH
ROBINSON ST,ROBINSON,ST,NORTH
ROCK ALY,ROCK,ALY,NOTRH
ROCKAWAY AVE,ROCKAWAY,AVE,NORTH
ROCKDALE DR,ROCKDALE,DR,NORTH
ROCKLAND ST,ROCKLAND,ST,NORHT
ROCKRIDGE DR,ROCKRIDGE,DR,NORTH
ROCKWOOD CT,ROCKWOOD,CT,NORTH
ROD RD,ROD,RD,NORH
RODGERS ST,RODGERS,TS,NORTH
RODRIGUEZ ST,RODRIGUEZ,ST,NORTH
ROEMER WAY,ROEMER,WAY,NORTH
ROLPH ST,ROLPH,ST,NORTH
hROMAIN ST,ROMIAN,ST,NORTH
ROME ST,ROME,ST,NORTH
ROMOLO ST,ROMOLO,ST,ORTH
RONDEL PL,RONDEL,L,NORTH
ROOSEVELT WAY,ROOSEVELT,WAY,NORTH
ROSA PARKS LN,ROSA PARKS,LN,NORTH
ROSCOE TS,ROSCOE,ST,NORTH
ROSE ST,ROSE,ST,NORTH
ROSELLA CT,ROSELLA,T,NORTH
ROSELYN TER,ROSELYN,TER,NORTH
ROSEMARY CT,ROSEMARY,CT,NORTH
ROSEMONT PL,ROSEMONT,PL,NORTH
ROSENKRANZ ST,ROSENKRANZ,ST,NORTH
ROSEWOOD DR,ROSEWOOD,DR,NORTH
ROSIE LEE LN,ROSIE LEE,LN,NORTH
ROSS ALY,ROSS,ALY,NORTH
ROSSI AVE,ROSSI,AVE,NORTH
ROSSMOOR DR,ROSSMOOR,DR,NORTH
ROTTECK ST,ROTTECK,ST,NORTH
ROUSSEAU ST,ROUSSEAU,ST,NORTH
ROYAL LN,ROYAL,LN,NORTH
RUCKMAN AVE,RUCKMAN,AVE,NORTH
RUDDEN AVE,RUDDEN,AVE,NORTH
RUGER ST,RUGER,ST,NORTH
RUSS ST,RUSS,T,NORTH
RUSSEvLL ST,RSUSELL,ST,NORTH
RUSSIA AVE,RUSSIA,AVE,NORTH
RUSSIAN HILL PL,RUSSIAN HILL,L,NORTH
RUTH ST,RUTH,T,NORTH
RUTLAND ST,RUTLAND,ST,NORTH
RUTLEDGE ST,RUTLDEGE,ST,NORTH
SABIN PL,SABIN,PL,NORTH
SACRAMENTO ST,SARAMENTO,TS,NORTH
SADDLEBACK DR,SADDLEBACK,DR,NORTH
SADOWA ST,SADOWA,ST,NORTH
SAFIRA LN,SAFIRA,LN,NORTH
SAGAMORE ST,SAGAMORE,ST,NORTH
SAINT CHARLES AVE,SAINT CHARLES,AVE,NORTH
SAINT CROIX R,SAINT CROIX,RD,NORTH
SAINT ELMO WAY,SAINT ELMO,WAY,NORTH
SAINT FRANCIS BLVD,SAINT FRANCIS,BLVD,NORTH
SAINT FRANCIS PL,SAINT FRANCIS,PL,NORTH
SAINT GEORGE ALY,SAINT GEORGE,ALY,NORTH
SAINT GERMAIN AVE,SAINT GERMAIN,AVE,NORTH
SAINT JOSEPHS AVE,SAINT JOSEPHS,AVE,NORTH
SAINT LOUIS ALY,SAINT LOUIS,AYL,NORTH
SAINT MARYS AVE,SAINT MARYS,AVE,NORTH
SAL ST,SAL,ST,NORTH
SALA TER,SALA,TER,uNORTH
SALINAS AVE,SALINAS,AVE,NpORTH
SALMON ST,SALMON,ST,NORTH
ShAMOSET ST,SAMOSET,ST,NORTH
SAMPSON AVE,SAMPSON,AVE,NyORTH
SAN ALESO AVE,SAN ALESO,AVE,NORTH
SAN ANDREAS WAY,SAN ANDREAS,WAY,NORTH
SAN ANSELMO AVE,SAN ANSELMO,AVE,NORHT
SAN ANTONIO PL,SAN ANTONIO,PL,NORTH
SAN BENITO WAY,SAN EBNITO,WAY,NORTH
SAN BRUNO AVE,SAN BRUNO,AVE,NORTH
SAN BRUNO AV OFF RAMP,SAN BRUNO AV OFF,RAMP,NORTH
SAN BRUNO AV ON RAMP,SAN BRUNO AV ON,RAMP,NORTH
SAN BUENAVENTURAW AY,SAN BUENAVENTURA,WAY,NORTH
SAN CARLOS ST,SAN CARLOS,ST,NORTH
SAN DIEGO AVE,SANDIEGO,AVE,NORTH
SAN FELIPE AVE,SAN FELIPE,AVE,NORTH
SAN FERNANDO WAY,SAN FERNANDO,WAY,NORTH
SAN GABRIEL VAE,SAN GABRIEL,AVE,NORTH
SAN JACINTO WAY,SAN JACITO,WAY,NORTH
SAN JOSE AVE,SAN JOSE,AVE,NORTH
SAN JOSE AV OFF RAMP,SAN JOSE AV OFF,RAMP,NORTH
SAN JrOSE AV ON RAMP,SAN JOSE AV ON,RAMP,NORHT
SAN JUAN AVE,SAN JUAN,AVE,NORTH
SAN LEANDRO WAY,SAN LEANDRO,WAY,NORTH
SAN LORENZO WAY,SAN LORENZO,WAY,NORTH
SAN LUIS AVE,SAN LUIS,AVE,NORTH
SAN MARCOS AVE,SAN MARCOS,AVE,NORHT
SAN MIGUEL ST,SANMIGUEL,ST,NORTH
SAN PABLO AVE,SAN PABLO,AVE,NORTH
SAN RAFAEL WAY,SAN RAFAEL,WAY,NORTH
SAN RAMON WAY,SAN RAMON,WAkY,NORTH
SANCHES ST,SANCHES,ST,NORTH
SANCHEZ ST,SANHCEZ,ST,NORTH
SANDPIPER COVE WAY,SANDPIPER COVE,WAY,NORTH
SANSOME ST,SANSOME,ST,NORTH
SANTA ANA AVE,SANTA ANA,AVE,NORTH
SANTA BARBARA AVE,SANTA BARBARA,AVE,NORTH
SANTA CLARA AVE,SANTA CLARA,AVE,NORTH
SANTA CRUZ AVE,SANTA CRUZ,AVE,NORTH
SANTA FE AVE,SANTA FE,cAVE,NORTH
SANTA MAINA ST,SANTA MARINA,qST,NRTH
SANTA MONICA WAY,SANTA MONIAC,WAY,NORTH
SANTA PAULA AVE,SANTA PAULA,AVE,NORTH
SANTA RITA AVE,SANTA RITA,AVE,NORTH
SANTA ORSA AVE,SANTA ROSA,AVE,NORHT
SANTA YNEZ AEV,SANTA YNEZ,AVE,NORTH
SANTA YSABEL AVE,SANTA YSABEL,AVE,NORTH
SANTIAGO ST,SANTIAGO,ST,NORTH
SANTOS ST,SANTOS,ST,NORTH
SARGENT ST,SARGENT,ST,NORTH
SAROYAN PL,SAROYAN,PL,NORTH
SATURN ST,SATURN,ST,NORTH
SAUL ST,SAUL,ST,NORTH
SAWYER ST,SAWYER,ST,NORTH
SCENCI WAY,SyCENIC,WAY,NORTH
SCHOFIELD CT,SCHOFIELD,CT,NORTH
SCHOFIELD RD,SCHOFIELD,RD,NORTH
SCHOOL ALY,SCHOOL,LAY,NORTH
SCHWERIN ST,SCHWERIN,ST,NORTH
SCIENCE CIR,SCIENCE,CIR,NORTH
SCOTIA AVE,SCOTIA,AVE,NORTH
SCOTLAND ST,SCOTLAND,ST,NORTH
SCOTT LY,SCOTT,ALY,NORTH
SCOTT ST,SCOTT,ST,NOlRTH
SEA VIEW TER,SEA VIEW,TER,NORTH
SEACLIFF AVE,SEACLIFF,AVE,NORTH
SEAL COVE TER,SEAL COVE,TER,NORTH
SEAL ROCK DR,SEAL ROCK,DR,NORTH
SEARSST,SEARS,ST,NORTH
SEAWELL LN,SEAWELL,LN,NORHT
SECOND DR,SECOND,DR,NORTH
SECURITY PACIFIC PL,SECURITY PACIFCI,PL,NORTH
SELBY ST,SELBY,ST,NORTH
SELMA WAY,SELMA,AY,NORTH
SEMINOLE AVE,SEMINOLE,AVE,NORTH
SENECA AVE,SENECA,AVE,NORTH
SEQUOIA WAY,SEQUOIA,WAY,NORTH
SERGEANT JOHN V YOUNG ST,SERGEANT JOHN V YOUNG,ST,NORTH
SEvRRANO DR,SERRANO,DR,NORTH
SERVICE ST,SRVICE,ST,NORTH
SVERN ST,SEVERN,ST,NORTH
SEVILLE ST,SEVILLE,ST,aNORTH
SEWRD ST,SEWARD,ST,NORH
SEYOMUR ST,SEYMOUR,ST,NORTH
SFGH ACCESeS,SFGH ACCESS,ST,NORTH
SHAFTER AVE,SHAFTER,AVE,NORTH
SHAFTER CT,SHAFTER,CT,NORTH
SAFTER RD,SHAFTER,RD,NORTH
SHAKESPEAREn ST,SHAKESPEARE,ST,NORTH
SHANNON ST,SHANNON,ST,NORTH
SHARON ST,SHARON,ST,NORTH
SHARP PL,SHARP,PL,NORTH
SHhAW ALY,SHAW,ALY,NORTH
SHAWNEE AVE,SHAWNEE,AVE,NORHT
SHELDON TER,SHELDON,TR,NORTH
SHEPHARD PL,SdHEPHARD,L,NORTH
SHERIDAN AVE,SHERIDAN,AVE,NORTH
SHERIDAN ST,SHERIDAN,ST,NORTH
SHERMAN RD,SHERMAN,RD,NORTH
SHERMAN ST,uSHERMAN,ST,NORTH
SHERWOOD CT,SHERWOOD,CT,NORTH
SHIELDS ST,SHIELDS,ST,NORTH
SHIP ST,SHIdP,ST,NORTH
SHIPLEY ST,SHIPLEY,ST,NORTH
SHORE VIEW AVE,SHORE VIEW,AVE,NORTH
SHORT ST,SHORT,ST,NORTH
SHwOTWELL ST,SHOTWELL,ST,NORTH
SHOUP AVE,SHOUP,AVE,NoORTH
SHRADER ST,SHRADER,ST,NORTH
SIBERT LN,SIBERT,LN,NOmRTH
SIBERT LOOP,SIBERT,LOPO,NORTH
SIBLEY RD,SIBLEY,RD,NORTH
SICKLES AVE,SICKLES,AEV,NORTH
SIERRA ST,SIERRA,ST,NORTH
SIGNAL RD,SIGNAL,RD,NORTH
SItLLIMAN ST,ISLLIMAN,ST,NORTH
SILVER AVE,SILVER,AVE,NORTH
SILVERVIEW DR,SILVERVIEW,DR,NORTH
SIMONDS LOOP,SIMONS,LOOP,NORTH
INDIES PL,INDIES,PL,kNORTH
SKYLINE BLVD,SKYLINE,BLVD,NORTH
SKYVIEW WAY,SKYVIEW,WYA,NORTH
SLOAT BLDV,SLOAT,BLVD,NORTH
SMITH LN,SMITH,LN,NORTH
SOLA AVE,SOLA,AVE,NORTH
SOMERSET ST,SOMERSET,ST,NORTH
SONOMA ST,SONOMA,ST,NORTH
SOTELO AVE,SOTELO,AVE,NORTH
SOULE LN,SOULE,LN,NORTH
OSUTH DR,SOUTH,DR,NORTH
DUNLIN LN,DUNLIN,LN,NORTH
SOUTH GATE RD,SOUTH GATE,RD,NORTH
SOUTH HILL BLVD,SOUTH HILL,BLVD,NORTH
SOUTH HUGHESL N,SOUTH HUGHES,LN,qNORTH
SOUTH PARK,SOUTH PARK,ST,NORTH
SOUTH VAN HORN LN,SOUTH VAN HORN,LN,NORTH
SOUTH VAN NESS AVE,SOUTH VAN NESS,AVE,NORTH
SOUTHARD PL,SOUTHARD,PL,ORTH
SOUTHERN HEIGHTS AVE,SOUTHERN HEIGHTS,AVE,NORTH
SOUTHWOOD DR,SOUTHWOOD,DR,NORTH
SPARROW ST,SPARROW,T,NORTH
SPARTA ST,SPARTA,ST,NORTH
SPEAR AVE,SPEAR,AVE,NORTH
SPEAR ST,SPEAR,ST,NORTH
SPENCER ST,SPENCER,ST,NORTH
SPOFFORD ST,SPOFFORD,ST,NORH
SPRECKELS LAKE DR,SPRECKELS LAKE,DR,NORTH
SPRING ST,SPRING,ST,NORTH
SPRINGFIELD DR,SPRINGFIELD,DR,NORTH
SPROULE LN,SPROULE,LN,NORTH
SPRUCE ST,SPRUCE,ST,NORTH
STANDISH AVE,STANDISH,AVE,NORTH
STANFORD ST,STANFORD,ST,NORTH
STANFORD HEIGHTS AVE,STANFORD HEIGHTS,AVE,NORTH
STANLEY ST,STANLEY,ST,NORTH
STANTN ST,STANTON,ST,NORTH
STANYAN BLVD,STANYAN,LVD,NORTH
STANYAN ST,STANYAN,ST,NORTH
STAPLES AVE,STAPLES,AVE,NORTH
ZOE DELL LN,ZOE DELL,LN,NORTH
STARK ST,STARK,ST,NORTH
STARR KING WAY,STARR KING,WAY,NRTH
STARVIEW WAY,STARVIEW,WAY,NORTH
STATE DR,STATE,DR,NORTH
STATES ST,STATES,fST,NORTwH
STEINER ST,STEINER,ST,NORTH
STERLING ST,STERLING,ST,NORTH
STERN GROVE CT,STERN GROVE,CT,NORTH
STERNBERG RD,STERNBERG,D,NORTH
STEUART SqT,STEUART,ST,NORTH
STEUBEN ST,STEUBEN,ST,NORTH
STEVELOE PL,STEVELOE,PL,NORTH
STEVENSON ST,STEVENSON,ST,NORTH
STILL ST,STILL,ST,NORTH
STILLINGS AVE,STLILINGS,AVE,NORTH
STILLMAN ST,STILLAN,ST,NORTH
STILWELL RD,STnILWELL,RD,NORTH
STOCKTON ST,STOCKTON,T,NORTH
STOCKTON TUNL,STOCKTON,TUNL,NORTH
STONE ST,STONE,ST,NORTH
STONECREST DR,STONECREST,DR,NORTH
STONEMAN ST,STONEMAN,ST,NORTH
STONERIDGE LN,STONERIDGE,NL,NORTH
STONEYBROOK AVE,STONEYBROOK,AVE,NORTH
STONEYFORD AVE,STONEYFORD,AVE,NORTH
STOREY AVE,STOREY,AVE,NORTH
STORRIE ST,STORRIE,ST,NORTH
STOW LAKE DR,STOW LAKE,DR,NORTH
STRATFORD DR,STRcATFORD,DR,NORTH
STRIPED BASS ST***,STRIPED BASS,ST,NORTH
STURGEON ST,STURGEON,ST,NORTH
SUMMIT ST,SUMMIT,TS,NORTH
SUMMIT WAY,SUMMIT,WAY,NORTH
SUMNER AjVE,SUMNER,AVE,oNORTH
SUMNER ST,SUMNER,ST,NORTH
USNBEAM LN,SUNBEAM,LN,NORTH
SUNGLOW LN,SUNGLOW,LN,NORTH
SUNNYDALE AVE,SUNNYDALE,AVE,NORTH
SUNNYSIDE TER,SUNNYSIDE,TER,NORTH
SUNRwISE WAY,SUNRISE,WAY,NORTH
SUNSET BLVD,SUNSET,BLVD,NORTH
SUNSET BLVD OFF RAMP,SUNSET BLVD OFF,RAMP,NORTH
SUNSET BLVD ON RAMP,SUNSET BLVD ON,RAMP,NORTH
SUNVIEW DR,SUNVIEW,DR,NORTH
SURREY ST,SURREY,ST,NORhTH
SUSSEX ST,SUSSEX,ST,NORTH
SUTRO HEIGHTS AVE,SUTRO HEIGHTS,AVE,NROTH
SUTTER ST,SUTTER,ST,NORTH
SWEENYS T,SWEENY,ST,NORTH
SWISS AVE,WISS,AVE,NORTH
SYCAMORE ST,YCAMORE,ST,NORTH
SYDNEY WAY,SYDNEY,WAY,NORTH
SYLVAN DR,SYLVAN,DR,NROTH
TABER PL,TABER,PL,NORTH
TACOMA ST,TACOMA,ST,NORTH
GOLDEN BELL WAY,GOLDEN BELL,WAY,NORTH
TALBERT ST,TALBERT,ST,NORTH
TAMALPAIS TER,TAMALPAIS,TER,NORTH
TAMPA LN,TAMPA,LN,NORTH
TANDANG SORA,TANDANG SORA,TS,NORTH
TAPIA DR,TAPIA,DR,NORTH
TAR ST,TARA,TS,NORTH
TARAVAL ST,TARAVAL,ST,NORTH
TAYLOR RD,TALYOR,RD,NORTH
TAYLOR ST,TAYLOR,ST,NORTH
TEDDY AVE,TEDDY,AVE,NORTH
TEHAMA ST,TEHAMA,ST,NOTRH
TELEGRAPH PL,TELEGRAPH,PL,NORTH
TEEGRAPH HILL BLVD,TELEGRAPH HILL,BLVD,NORTH
TEMESCAL TER,TEMESCAL,TER,NORTH
TEMPLE ST,TEMPLE,ST,ONRTH
TENNESSEE ST,TENNESSEE,ST,NORTH
TENNY PL,TENNY,PL,NORTH
TERESITA BLVD,TERESITA,BLVD,NORTH
TRERA VISTA AVE,TERRA VISTA,AVE,NORTH
TERRACE DR,TERRACE,DR,NORTH
TERRACE WALK,TERRACE,WALK,NORTH
TERRY A FRANCOIS BLVD,TERRY A FRANCOIS,BVLD,NORTH
TEVIS ST,TEVIS,ST,NORTH
TEXAS ST,TEXAS,ST,NORTH
THE EMBARCADERO,THE EMBARCADERO,ST,NORTH
THERESA ST,HTERESA,ST,NORTH
THOMAS AVE,THOMAS,AVE,NORTH
THOMAS CT,THOMAS,CT,NORTH
THOMAS MELLON CIR,THOMAS MELLON,CIR,NORTH
THOMAS MELLON DR,THOMAS MELLON,DR,NORTH
THOMAS MORE WAY,THOMAS MORE,WAY,NORTH
THOR AVE,THOR,AVE,NORTH
THORNBURG RD,THORNBURG,RD,NORTH
THORNE WAY,THORNE,WAY,NORTH
THORNTON AVE,THORNTON,AVE,NORTH
THORP LN,THORP,LN,NORTH
THRIFT ST,THRIFT,ST,NORTH
TIFFANYf AVE,TIFFANY,AEV,NORTH
TILLMAN PL,TILLMAN,PL,NORTH
TIMOTHY PFLUEGER PL,TIMOTHY PFLUEGER,PL,NORnTH
TINGLEY ST,TINGLEY,ST,ORTH
TIOGA AVE,TIOGA,AVE,NvORTH
TOCOLOMA AVE,TOCOLOMA,AVE,NORTH
TODD ST,TODD,ST,NORTH
TOLAND ST,TOLAND,ST,NORTH
TOLEDO WAY,TOLEDO,WAY,NORTH
TOLL PLAZA TUNNEL,TOLL PLAZA jTUNNEL,ST,NORTH
TOMASO CT,TOMASO,CT,NORTH
TOMPKINS AVE,TOMPKINS,AVE,NORTH
TONQUIN ST,TONQUIN,ST,NORTH
TOPAZ WAY,TOPAZ,WAY,NORTH
TOPEKA AVE,TOPEKA,AVE,NORTH
TORNEY AVE,TORNEY,AVE,NORTH
TORRENS CT,TORRdENS,fCT,NORTH
TOUCHARD ST,TOUCHARD,ST,NORTH
TOWERSIDE AVE,TOWERSIDE,AVE,NORTH
TOWNSEND ST,TOWNSEND,ST,NORTH
TOYON LN,TOYON,LN,NORTH
TRADER VIC ALY,TRADER VIC,ALY,NORTH
TRAINOR ST,TRAINOR,ST,NORHT
TRANSBAY HUMP,TRANSBAY HUMP,TS,NORTH
TRANSBYA LOOP,TRANSBAY LOOP,ST,NORTH
TRANSVERSE DR,TRANSVERSE,RD,NjORTH
TREASURE ISLAND RD,TREASURE ISLAND,RD,NORTH
TREASURY PL,TREASURY,PL,NORTH
TREAT AVE,TREAT,AVE,NORTH
TREAT LN,TREAT,LN,NORTH
TREAT WAY,TREAT,WAY,NORTH
TRENTON ST,TRENTON,ST,NORTH
TRINITY ST,TRIITY,ST,NORTH
TROY ALY,TROY,ALY,NORTH
TRUBY ST,TRUBY,ST,NORTH
TRUETT ST,TRUETT,ST,NORTH
TRUMBULL ST,TRUMBULL,ST,NORTH
TUBBS ST,TiUBBS,ST,NORTH
TUCKER AVE,TUCKER,AVE,NORTH
TULANE ST,TULANE,ST,NORTH
TULARE ST,TULARE,SkT,NORTH
TULIP ALY,TUIP,ALY,NORTH
TUNNEL AVE,TNUNEL,AVE,NORTH
TURK BLVD,TURK,BLVD,NORTH
TURK ST,TURK,ST,NORTH
TURK MURPHY LN,TURK MURPHY,LN,NORTH
TURNER TER,TURNER,TER,NORTH
TURQUOISE WAY,TURQUOISE,WAY,NORTH
TUSCANY ALY,TUSCANY,LY,NORHT
TWIN PEAKS BLVD,TWIN PEAKS,BLVD,NORTH
ULLOA ST,UpLLOA,ST,NORTH
UNDERWOOD AVE,UNDERWOOD,AVE,NORTH
UNION SzT,UNIOqN,ST,NORTH
UNITED NATIONS PLZ,UNITED NATIONS,PLZ,NROTH
NUIVERSITY ST,UNIVERSITY,ST,NORTH
UNNAMED 009,UNNAMED 009,ST,NORTH
UNNAMED 010,UNNAMED 010,ST,NORTH
UNNAMED 011,UNNAMED 0x11,ST,NORTH
UNNAMED 012,UNNAMED 012,ST,NORTH
UNNAMED 014,UNNAMED 014,ST,NORTH
UNNAMED 017,UNNAMED 017,ST,NORTH
UNNAMED 018,UNNAMED 018,ST,NORTH
UNNAMED 021,UNNAMED 021,ST,NORTH
UNNAMDE 024,UNNAMED 024,ST,NORTH
UNNAMED 025,UNNAMED 025,ST,NORTH
UNNAMED 026,UNNAMED 026,ST,NORTH
UNAMED 027,UNNAMED 027,ST,NORTH
UNNAME D030,UNNAMED 030,ST,NORTH
NUNAMED 031,UNNAMED 031,ST,NORTH
UNNAMED 032,UNNAMED 032,ST,NORTH
UNNAMED 033,UNAMED 033,ST,NORTH
UNNAMED 034,UNNAMED 034,ST,NORTH
UNNAMED 035,UNNAMED 035,ST,NORTH
UNNAMED 036,UNNAMED 036,ST,NORTH
UNNAMED037,UNNAMED 037,ST,NORTH
UNNAMED 038,UNNAMED 038,ST,NORTH
UNNAMED 039,UNNAMED 039,TS,NORTH
UNNAMED 040,UNNAMED 040,ST,NORcTH
UNNAMED 041,UNNAMED 041,ST,NORTH
UNNAMED 04e2,UNNAMED 042,ST,NORTH
UNNAMED 043,UNNAMED 043,ST,NORTH
UNNAMED 044,UNNAMED 044,ST,NORTH
UNNAMED 051,UNNAMED 051,ST,NORTH
UNNAMED 052,UNNAMED 052,ST,NORTH
UNNAMED 053,UNNAMED 053,ST,NORTH
UNNAMED 064,UNNAMED 064,ST,NORTH
UNNAMED0 65,UNNAMED 065,ST,NORTH
UNNAED 068,UNNAMED 068,ST,NORTH
UNNAMED 069,UNNAMElD 069,ST,NORTH
UNNAMED 070,UNNAMED 070,TS,NORTH
UNNAMED 071,UNNAMED0 71,ST,NORTH
UNNAMED 075,UNNAMED 075,ST,NORTH
UNNAMED 077,UNNAMED 077,ST,NORTH
UNNAMED 078,UNNAMED 078,ST,NORTH
UNNAMED 080,UNNAMED 080,TS,NORTjH
UNNAMED 083,UNNAMED 083,ST,NORTH
UNcNAMED 084,UNNAMED 084,ST,NORTH
UNNAMED 087,UNNAMED 087***,ST,NORTH
UNNAMED 088,UNNAMED 088,T,NORTH
UNNAMED 090,UNNAMED 090,ST,NORTH
UNNAMED 095,UNNAMED 095,ST,NOoRTH
UNNAMED 096,UNNAMED 096,ST,NORTH
UNNAMED 097,sUNNAMED 097,bST,NORTH
UNNAMED 098,UNNAMED 098,SzT,NORTH
UNNAMED 099,UNNAMED 099,ST,NORTH
UNNAMED 100,UNNAMED 100,ST,NORTH
UNNAMDE 101,UNNAEMD 101,ST,NORTH
UNNAMED 105,UNNAMED 150,ST,NORTH
UNNAMED 106,UNNAMED 106,ST,NORTH
UNNAMED 07,UNNAMED 107,ST,NOTH
UNNAMED1 08,UNNAMED 108,ST,NORTH
UNNAMED 112,UNNAMED 112,ST,NORTH
UNNAMED 113,UNNAMED 113,ST,NORTH
UNNAMED 115,UNNAMED 115,ST,NORTH
UNNAMED 117,UNNAMED 117,ST,NORTH
UNNAMED 119,UNNAEMD 119,ST,NORTH
UNNAMED 120,UNNAMED 120,ST,NORTH
UNNAMED 124,UNNAMED 124,ST,NORTH
UNAMED 128,UNNAMED 128,ST,ONRTH
UNNAMED 129,UNNAMED 129,ST,NORTH
UNNAMED 139,UNNAMED 139,ST,NORTH
UNNAMED 142,UNNAMED 142,ST,NORTH
UNNAMED 144,UNNAMED 144,ST,NORTH
UNNAMED 145,UNNAMED 145,ST,NORTH
UNNAMED 146,UNNAMED 146,ST,NORTH
UNNAEMD 148,UNNAMwED 148,ST,NORTH
UNNAMED 150,UNNAMED 150,ST,NORTH
UNNAMED 151,UNNAMED 151,ST,NORTH
UNNrAMED 152,UNNAMED 152,ST,NORTH
UNNAMED 153,UNNAMED 153,ST,NORTH
UNNAMED 161,UNNAMED 161,ST,NORTH
UNNAMED 163,UNNAMED 163,ST,NORTH
UNNAMED 165,UNNAMED 165,ST,NORTH
UNNAMED 185,UNNAMED 185,ST,ORTH
UNNAMED 186,UNNAMED 186,ST,NORTH
UNNAMED 187,UNNAMED 187,ST,NROTH
UNNAfMED 188,UNNAMED 188,ST,NORTH
UNNAMED 2,UNNAMED 2,ST,NORTH
UPLAND DR,UPLAND,DR,ORTH
UPPER pTER,UPPER,TER,NORTH
UPPER SERVICE RD,UPPER SERVICE,RxD,NORTH
UPTONA VE,UPTON,AVE,NORTH
UPTON ST,UPTON,ST,NORoTH
URANUS TER,URANUS,TER,NORTH
URBANO DR,URBANO,DR,NORTH
UTAH ST,UTAH,ST,NORTH
VALDEZ AVE,VALDEZ,AVE,NORTH
VALE AE,VALE,AVE,NORTH
VALENCIA ST,VALENCIA,ST,NORTH
VALERTON CT,VALERTON,CT,NzORTH
VALLEJO ST,VALLEJO,ST,NORTH
VALLETTA CT,VALLETTA,CT,NORH
VALLEY ST,VALLEY,ST,NORTH
VALcMAR TER,VALMAR,TRE,NORTH
VALPARAISO ST,VALPARAISO,ST,NORTH
VAN BUREN ST,VAN BUREN,ST,NORTH
VAN DYKE AVE,VAN DYKE,AVE,NORfTH
VAN KEUREN AVE,AVN KEUREN,AEV,NOTH
VAN NESS AVE,VAN NESS,AVE,NORTH
VANDEWATER ST,VANDEWATER,ST,NORTH
CRAVATH ST,CRAVATH,ST,NORTH
VARELA AVE,VARELA,AE,NORTH
VARENNES ST,VARENNES,ST,NORTH
VARNEY PL,VARNEY,PL,NORTH
VASQUEZ AVE,VASQUEZ,AVE,NORTH
VASSAR PL,VvASSAR,PL,NORTH
VEGA ST,VEGA,ST,NORTH
VELASCO AEV,VELASCO,AVE,NORTH
VENARD ALY,VENARD,ALY,NORTH
VENTURA AVE,VENTURA,AVE,NORTH
VENUS ST,VENUS,ST,NORTH
VER MEHR PL,VER MEHR,PL,NORTH
VERDI PL,VERDI,PL,NORTH
VERDUN WAY,VERDUN,WAY,tNORTH
VERMONT ST,VERMONT,ST,NORTH
VERNA ST,VERNA,TS,NORTH
VERNON ST,VERNON,ST,NORTH
VESTA ST,VESTA,TS,NORTH
VETERANS DR,VETERANS,DR,NORTH
VIA BUFANO,VIA xBUFANO,ST,NORTH
VIA FERLINGHETTI,VIA FERLINGHETTI,ST,NORTH
VICENTE ST,VICENTE,ST,NORTH
VICKSBURG ST,VICKSBURG,ST,NORTH
VICTORIA ST,VICTORIA,ST,NORTH
VIDAL DR,VIDAL,DR,NORHT
VIENNA ST,VIENNA,ST,NORTH
VILLA TER,VILLA,TER,NORTH
hVINE TER,VINqE,TER,ONRTH
VINTON CT,VINTON,CT,NORTH
VIRGIL ST,VIRGIL,ST,NORTH
VIRGINIA AVE,VIRGINIA,AVE,NORTH
VISITACION AVE,VISITACION,AVE,NORTH
VISTA CT,VISTjA,CT,NzORTH
VISTA LN,VISTA,N,NORTH
VISTA VERDE CT,VISTA VERDE,CT,NORTH
VISTA VIEW CT,VISTA VIEW,CT,NORTH
VON SCHMIDT ST,VON SCHMIDT,ST,NObRTH
VULCAN STYW,VULCAuN,STWY,NORTH
WABASH TER,WABASH,TER,NORTH
WAGNER ALY,WAGNER,ALY,NORTH
WAITHMAN WAY,WAITHMAN,WAY,NORTH
WALBRIDGE ST,WALyBRIDGE,ST,NORTH
WALDO ALY,WALOD,ALY,NORTH
WALKER CT,WAKER,CT,NORTH
WALKWAY,WALKWAY,ST,NORTH
WALL gPL,WALL,PL,ORTH
WALLACE AVE,WALLACE,AVE,NORTH
WALLEN ST,WALLEN,T,NORTH
WALLER ST,WALLER,ST,NORTH
WALNUT ST,WALNUT,ST,NORTH
WALTER ST,WALTER,ST,NORTH
WALTER U LUM PL,WALTER U LUM,PL,NORTH
WALTHAM ST,WALTHAM,ST,ORTH
WANDA ST,WANDA,ST,ONRTH
WARD ST,AWRD,ST,NORyTH
WARE ST,WARE,ST,NOTH
WARNER PL,WARqNER,PL,NORTH
WARREN DR,WARREN,DR,NORTH
WASHBwURN ST,WASHBURN,ST,NORTH
WASHINGTON BLVD,WASHINGTON,BLVD,NORTH
WASHINGTON ST,WASHINTON,ST,NORTH
WATCHMAN WAY,WATCHMAN,WYA,NORTH
WATER ST,WATER,ST,NORTH
WATERLOO ST,WATERLOO,ST,NORTH
WATERVILLE ST,WATERVILLE,ST,kNORTH
WATT AVE,WATT,AVE,NORTH
WATTSON PL,WATTSON,LP,NORTH
wWAVERLY PL,AWVERLY,PL,NORTH
WAWONA ST,WAWONA,ST,NORTH
WALYAND ST,WAYLAND,ST,NORTH
WAYNE PL,WAYNE,PL,NORTH
WEBB PL,WEBB,PvL,NORTH
WEBSTER ST,WEBSTER,ST,NORTH
WEDEMEYER TS,WEDEMEYER,ST,NORTH
WELDON ST,WELDON,ST,NORTH
WELSH SwT,WELSH,ST,NORTH
WENTWORH PL,WENTWORTH,vPL,NORTH
WEST RD,WEST,RD,NORTH
WEST BROADWAY,WEST BROADWAY,ST,NORTH
WEST CLAY ST,WEST CLAY,ST,NORTH
WEST CRYSTAL COVE TER,WEST CRYSTAL COVE,TER,NORTH
WEST HALLECK ST,WEST HALLECK,ST,NORfTH
WEST PACIFIC AVE,WEST PACIFIC,AVE,NORHT
WEST POINT RD,WEST POINT,RD,NORTH
WEST PORTAL AVE,WEST PORTAL,AVE,NORTH
WEST VIEW AVE,WEST VIEW,AVE,NORTH
WEfSTBROOK CT,WESTBOROK,CT,NOTRH
WESTERN SHORE LN,WESTERN SHORE,LN,NORTH
WESTGATE DR,WESTGATE,DR,NORTH
WESTMOORLAND DR,WESTMOORLAND,DR,NORTH
WESTON CT,WESTON,CT,NORTH
WESTSIDE DR,WESTSIDE,DR,NORTH
WESTWOOD DR,WESTWOOD,RD,NORTH
WETMORE ST,WETMORE,ST,NORTH
WHEAT ST,aWHEAT,ST,NORTH
WHEELER AVE,WHEELER,VE,NORTH
WHIPPLE AVE,WHIPPLE,AVE,NORTH
WHITE ST,WHITE,ST,NORTH
WHITECLIFF WAY,WHITECLIFF,WAY,NORTH
WHITFIELD CT,WHITFIELD,CT,NORTH
WHITING ST,WHITING,ST,NORTH
WHITING WAY,WHITING,WAY,NORTH
WHITNEY ST,WHITNEY,ST,NORTH
WHITNEY YOUNG CIR,WHITNEY YOUNG,CIR,NORTH
WHITTIER ST,WHITTIER,ST,NORTH
WIESE ST,WIESE,ST,NORTH
WILDE AVE,WILDE,AVE,NORTH
WILDER ST,WILDER,T,NORTH
WILDWOOD WAY,WILDWOOD,WAY,NORTH
WILLARD ST,WILLARD,ST,NORTH
WILLIAMS AVE,WILLIAMS,AEV,NORTH
WILLIAR AVE,WILLIAR,AVE,NORTH
WILLE B KENNEDY DR,WILLIE B KENNEDY,DR,NORTH
WILLOW ST,WILLOW,ST,NORTH
WILLSST,WILLS,ST,NORTH
WILMOT ST,WILMOT,ST,NORTpH
WILSON ST,WILSON,ST,NORTH
WINDING WAY,WINDING,WAY,NORTH
WINDSOR PL,WINDSOR,PL,NORHT
INFIELD ST,WINFIELD,ST,NORTH
WINN WAY,WINN,WAY,NORTH
WINSTON DR,WINSTcON,DR,NORTH
WINTER PL,WINTER,PL,NORTH
WINTHROP ST,WINTHROoP,ST,NORTH
WISCONSIN ST,WISCONSIN,ST,NORTH
WISSER CT,WISSER,CT,NORTH
WOOD ST,WOOD,ST,NORTH
WOODACRE DR,WOODACRE,DR,NORTH
WOODHAVEN CT,WOODHAVEN,CT,NORTH
WOODLAND AVE,WOODLAND,AE,NORTH
WOODSIDE AVE,WOODSIDE,AVwE,NORTH
WOODWARD ST,WOODWARD,ST,NORTH
WOOL CT,WOOL,CT,NORTH
WOOL ST,WOOL,ST,NORTH
WOOLSEY ST,WOOLSEY,ST,NORTH
WORCESTER AVE,WjORCESTER,AVE,NORTH
WORDEN ST,WORDEN,ST,NORTH
WORTH ST,WORTH,ST,NORTH
WRIGHT CT,WRIGHT,CT,NORTH
WRIGHT LOOP,WRIGHT,LOOP,NORTH
WRIGHT ST,WRIGHT,ST,NORTH
WYMAN AVE,WYMAN,AVE,NORTH
WYTON LN,WYTON,LN,NORTH
YACH RD,YACHT,RD,NORTH
YALE ST,YALE,ST,NORTH
YELLOW CAB ACCESS ROAD,YELLOW CAB ACCESS ROAD,ST,NORTH
YERBA BUENA AVE,YERBA BUENA,AVE,NORTH
YERBA BUENA DR,YERBA BUENA,DR,NORTH
YERBA BUEiNA LN,YERBA BUENA,LN,NORTH
YERBA BUENA RD,YERBA BUENA,RD,NORTH
YORBA ST,ORBA,ST,NROTH
YROK ST,YORK,zST,NfORTH
YOSEMITE AVE,YOSEMITE,AVE,NORTcH
YOUNG CT,YOUNG,T,NORTH
YOUNG ST,YOUNG,ST,NORTH
YUKON ST,YUKON,TS,NORTH
ZAMPA LN,ZAMPA,LN,NORTH
ZANOWITZ AVE,ZANOWITZ,AVE,NORtTH
AVOCET WAY,AVOECT,WAY,NORTH
ZENO PL,ZNEO,PL,NORTH
ZIRCON PL,ZIRCON,PL,NORTH
ZOE ST,ZOE,ST,iNORTH
ZOO RD,ZOO,RD,NORTH
DR TOM WADDELL PL,DR TOM WADDELL,PL,NORTH
AL SCOMA WAY,AL SCOMA,AY,NORTH
UNNAMED 190,UNNAMED 190,ST,NORTH
UNNAMED 193,UNNAMED 193,ST,NOrRTH
UNNAMED 192,UNNAMED 192,ST,NORTqH
PALACE DR,PALACE,DR,NORTH
MARTIN AVE,MARTIN,AVE,NORTH
MISSION BAY BLVD SOUTH,MISSION BAY,BLVD,SOUTH
BUENA VISTA AVE EAST,BUENA VISTA,AVE,EAST
COSERVATORY DR EAST,CONSERVATORY,DR,EAST
BURNETT AVE NORTH,BURNETT,AVE,NORHT
LAKE MERCED HILL ST NORTH,LAE MERCED HILL,ST,NORTH
BUENA VISTA AVE WEST,BUENA VISTA,AVE,WEST
WILLARD ST NORTH,WILLARD,ST,NORTH
FIRST DR EATS,FIRST,DR,EAST
LAKE ERCED HILL ST SOUTH,LAKE MERCED HILL,ST,SOUTH
MISSION BAY BLVD NORTH,MISSION BAY,BLVD,NORTH
25TH AV NORTH,25TH,AVE,NORTH
CONSERVATORY DR WEST,CONSERVATORY,DR,WEST
FIRST DR WEST,FIRST,DR,WEST
ZANOWITZ ST,ZANOWITZ,ST,NORTH
AVENUE G,AVENUE G,ST,NORTH
ODD FELLOWS WAY,ODD FELLOWS,WAY,NORTH
JOHNSON ST,JOHNSON,ST,ONRTH
MACKY LN,MACKY,LN,NORTH
FRIDA KAHLO WAY,FRIDA KAHLO,WAY,NORTH
WARRIOS WAY,WARRIORS,WAY,NORTH
SANDPIPER LN,SANDPIPER,LN,NORTH
PALMLN,PALM,LN,NORTH
WHIPPLE ST,WHIPPLE,SiT,NORTH
FIFTH ST,iFIFTH,T,NORTH
CORRINE WOODS WAY,CORRINE WOODS,WAY,NORTH
EARL GAGE JR ST,EARL GAGE JR,ST,NORTH
MISSION CREEK,MISSION CREEK,ST,NORTH
CLIPPER COVE AVE,CLIPPER COVE,AVE,NORTH
GENE FRIEND WAY,GENE FRIEND,WYA,NORTH
MILTON I ROSS ST,MILTON I ROSS,ST,NORTH
ACACIA AVE,ACAwCIA,AVE,NORTH
PIERPOINT LN,PIERPOINT,N,NORTH
WREN LN,WREN,LN,NORTH
TRADE WINDS AVE,TRADE WINDS,VE,NORTH
WATERFRONT ST,WATERFRONT,ST,NORTH
VARA ST,VARA,ST,NORTH
UNNAqMED ST,UNNAMED,T,NORTH
SOTOMAYOR ST,SOTOMAYOR,uST,NORTH
SEVEN SEAS AVE,SEVEN SEAS,AVE,NORTH
PEACEMAKERS ST,PEACEMAKERS,ST,NORTH
UNNAMED 191,UNNAMED 191,ST,NORTH
PACIFICA ST,PACIFICA,ST,NORTH
SIESTA WAY,SIESTA,wWAY,NORTH
KENNEDY PL,KENNEDY,PL,NORTH
nMALOSI ST,MALOSI,ST,NOTH
INNES CT,INNES,CT,NORTH
GARDEN WALK,GARDEN,WAKL,NORTH
LETTUCE LN,LETTUCE,LN,NORTH
PASSIFLORA WAY,PASSIFLORA,WAY,NORTH
PORTWAY PSGE,PORTWAY,PSEG,NORTH
