full_street_name,street_name,street_type,post_direction
01ST ST,01ST,ST,NULL
02ND AVE,02ND,AVE,NULL
02ND ST,02ND,ST,NULL
02ND TI ST,02ND TI,ST,NULL
03RD AVE,03RD,AVE,NULL
02ND ST,03RD,ST,NULL
03RD TI ST,03RD TI,ST,NULL
04TH AVE,04TH,AVE,NULL
02ND AVE,04TH,ST,NULL
02ND AVE,04TH TI,ST,NULL
05TH AVE,05TH,AVE,NULL
05TH ST,05TH,ST,NULL
05TH TI ST,05TH TI,ST,NULL
02ND ST,06TH,AVE,NULL
06TH ST,06TH,ST,NULL
06TH HP AVE,06TH HP,AVE,NULL
02ND AVE,06TH TI,ST,NULL
03RD TI ST,07TH,AVE,NULL
07TH ST,07TH,ST,NULL
08TH AVE,08TH,AVE,NULL
08TH ST,08TH,ST,NULL
08TH TI ST,08TH TI,ST,NULL
02ND ST,09TH,AVE,NULL
09TH ST,09TH,ST,NULL
03RD TI ST,09TH TI,ST,NULL
02ND TI ST,10TH,AVE,NULL
02ND TI ST,10TH,ST,NULL
10TH TI ST,10TH TI,ST,NULL
11TH AVE,11TH,AVE,NULL
03RD TI ST,11TH,ST,NULL
11TH TI ST,11TH TI,ST,NULL
12TH AVE,12TH,AVE,NULL
08TH AVE,12TH,ST,NULL
12TH TI ST,12TH TI,ST,NULL
13TH ST,13TH,ST,NULL
13TH TI ST,13TH TI,ST,NULL
14TH AVE,14TH,AVE,NULL
14TH ST,14TH,ST,NULL
14TH TI ST,14TH TI,ST,NULL
15TH AVE,15TH,AVE,NULL
02ND TI ST,15TH,ST,NULL
03RD TI ST,16TH,AVE,NULL
16TH ST,16TH,ST,NULL
03RD TI ST,17TH,AVE,NULL
17TH ST,17TH,ST,NULL
03RD AVE,18TH,AVE,NULL
02ND AVE,18TH,ST,NULL
02ND TI ST,19TH,AVE,NULL
19TH ST,19TH,ST,NULL
02ND ST,20TH,AVE,NULL
06TH HP AVE,20TH,ST,NULL
05TH ST,21ST,AVE,NULL
21ST ST,21ST,ST,NULL
05TH ST,22ND,AVE,NULL
22ND ST,22ND,ST,NULL
03RD TI ST,23RD,AVE,NULL
05TH AVE,23RD,ST,NULL
13TH TI ST,24TH,AVE,NULL
05TH AVE,24TH,ST,NULL
02ND ST,25TH,AVE,NULL
SAM JORDANS WAY,SAM JORDANS,WAY,NULL
25TH ST,25TH,ST,NULL
05TH ST,26TH,AVE,NULL
26TH ST,26TH,ST,NULL
09TH ST,27TH,AVE,NULL
05TH AVE,27TH,ST,NULL
28TH AVE,28TH,AVE,NULL
28TH ST,28TH,ST,NULL
03RD TI ST,29TH,AVE,NULL
03RD AVE,29TH,ST,NULL
30TH AVE,30TH,AVE,NULL
30TH ST,30TH,ST,NULL
09TH ST,31ST,AVE,NULL
03RD AVE,31ST,ST,NULL
05TH AVE,32ND,AVE,NULL
03RD AVE,33RD,AVE,NULL
02ND AVE,34TH,AVE,NULL
35TH AVE,35TH,AVE,NULL
05TH ST,36TH,AVE,NULL
37TH AVE,37TH,AVE,NULL
02ND AVE,38TH,AVE,NULL
02ND TI ST,39TH,AVE,NULL
08TH TI ST,40TH,AVE,NULL
41ST AVE,41ST,AVE,NULL
05TH AVE,42ND,AVE,NULL
06TH ST,43RD,AVE,NULL
08TH ST,44TH,AVE,NULL
02ND AVE,45TH,AVE,NULL
05TH ST,46TH,AVE,NULL
21ST ST,47TH,AVE,NULL
07TH ST,48TH,AVE,NULL
A ST,A,ST,NULL
ABBEY ST,ABBEY,ST,NULL
TONI STONE XING,TONI STONE,XING,NULL
ACACIA ST,ACACIA,ST,NULL
05TH AVE,ACADIA,ST,NULL
ACEVEDO AVE,ACEVEDO,AVE,NULL
07TH ST,ACME,ALY,NULL
13TH ST,ACORN,ALY,NULL
ACTON ST,ACTON,ST,NULL
08TH AVE,ADA,CT,NULL
12TH AVE,ADAIR,ST,NULL
03RD AVE,ADAM,ST,NULL
ADDISON ST,ADDISON,ST,NULL
05TH ST,ADELE,CT,NULL
06TH ST,ADMIRAL,AVE,NULL
07TH ST,ADOLPH SUTRO,CT,NULL
12TH AVE,AERIAL,WAY,NULL
02ND AVE,AGNON,AVE,NULL
13TH TI ST,AGUA,WAY,NULL
06TH ST,AHERN,WAY,NULL
02ND AVE,ALABAMA,ST,NULL
02ND TI ST,ALADDIN,TER,NULL
ALAMEDA ST,ALAMEDA,ST,NULL
15TH AVE,ALANA,WAY,NULL
03RD AVE,ALBATROSS,CT,NULL
04TH AVE,ALBERTA,ST,NULL
03RD AVE,ALBION,ST,NULL
04TH AVE,ALDER,ST,NULL
08TH AVE,ALEMANY,BLVD,NULL
02ND TI ST,ALEMANY BLVD OFF,RAMP,NULL
12TH AVE,ALERT,ALY,NULL
02ND AVE,ALHAMBRA,ST,NULL
05TH AVE,ALICE B TOKLAS,PL,NULL
ALLEN ST,ALLEN,ST,NULL
05TH AVE,ALLISON,ST,NULL
05TH ST,ALLSTON,WAY,NULL
02ND ST,ALMA,ST,NULL
05TH TI ST,ALMADEN,CT,NULL
06TH ST,ALOHA,AVE,NULL
03RD TI ST,ALPHA,ST,NULL
11TH TI ST,ALPINE,TER,NULL
ALTA ST,ALTA,ST,NULL
ALTA MAR WAY,ALTA MAR,WAY,NULL
02ND ST,ALTA VISTA,TER,NULL
02ND AVE,ALTON,AVE,NULL
05TH AVE,ALVARADO,ST,NULL
ALVISO ST,ALVISO,ST,NULL
05TH AVE,ALVORD,ST,NULL
15TH AVE,AMADOR,ST,NULL
06TH HP AVE,AMATISTA,LN,NULL
14TH ST,AMATURY,LOOP,NULL
AMAZON AVE,AMAZON,AVE,NULL
05TH AVE,AMBER,DR,NULL
AMBROSE BIERCE ST,AMBROSE BIERCE,ST,NULL
AMES ST,AMES,ST,NULL
02ND TI ST,AMETHYST,WAY,NULL
AMHERST ST,AMHERST,ST,NULL
13TH ST,AMITY,ALY,NULL
03RD AVE,ANDERSON,ST,NULL
05TH AVE,ANDOVER,ST,NULL
02ND ST,ANDREW,ST,NULL
05TH AVE,ANGELOS,ALY,NULL
02ND ST,ANGLO,ALY,NULL
ANKENY ST,ANKENY,ST,NULL
06TH HP AVE,ANNAPOLIS,TER,NULL
14TH AVE,ANNIE,ST,NULL
01ST ST,ANSON,PL,NULL
08TH AVE,ANTHONY,ST,NULL
05TH AVE,ANTONIO,ST,NULL
01ST ST,ANZA,AVE,NULL
ANZA ST,ANZA,ST,NULL
ANZAVISTA AVE,ANZAVISTA,AVE,NULL
02ND ST,APOLLO,ST,NULL
APPAREL WAY,APPAREL,WAY,NULL
05TH TI ST,APPLETON,AVE,NULL
05TH AVE,APPLETON,ST,NULL
02ND ST,APTOS,AVE,NULL
AQUAVISTA WAY,AQUAVISTA,WAY,NULL
ARAGO ST,ARAGO,ST,NULL
05TH ST,ARBALLO,DR,NULL
13TH ST,ARBOL,LN,NULL
12TH AVE,ARBOR,ST,NULL
05TH AVE,ARCH,ST,NULL
ARCO WAY,ARCO,WAY,NULL
01ST ST,ARDATH,CT,NULL
02ND ST,ARDENWOOD,WAY,NULL
02ND AVE,ARELIOUS WALKER,DR,NULL
08TH TI ST,ARELLANO,AVE,NULL
02ND AVE,ARGENT,ALY,NULL
05TH TI ST,ARGONAUT,AVE,NULL
19TH ST,ARGUELLO,BLVD,NULL
05TH AVE,ARKANSAS,ST,NULL
01ST ST,ARLETA,AVE,NULL
ARLINGTON ST,ARLINGTON,ST,NULL
10TH TI ST,ARMISTEAD,RD,NULL
05TH AVE,ARMORY,DR,NULL
ARMSTRONG AVE,ARMSTRONG,AVE,NULL
08TH TI ST,ARNOLD,AVE,NULL
01ST ST,ARROYO,WAY,NULL
01ST ST,ARTHUR,AVE,NULL
02ND ST,ASH,ST,NULL
05TH AVE,ASHBURTON,PL,NULL
02ND AVE,ASHBURY,ST,NULL
14TH ST,ASHBURY,TER,NULL
01ST ST,ASHTON,AVE,NULL
ASHWOOD LN,ASHWOOD,LN,NULL
09TH ST,ASPEN,CT,NULL
04TH AVE,ATALAYA,TER,NULL
ATHENS ST,ATHENS,ST,NULL
02ND TI ST,ATOLL,CIR,NULL
01ST ST,ATTRIDGE,ALY,NULL
AUBURN ST,AUBURN,ST,NULL
01ST ST,AUGUST,ALY,NULL
02ND AVE,AUGUSTA,ST,NULL
04TH AVE,AUSTIN,ST,NULL
02ND ST,AUTO,DR,NULL
01ST ST,AUTOMOBILE,DR,NULL
AVALON AVE,AVALON,AVE,NULL
AVENUE B,AVENUE B,NULL,NULL
04TH AVE,AVENUE C,NULL,NULL
03RD TI ST,AVENUE D,NULL,NULL
02ND AVE,AVENUE E,NULL,NULL
04TH AVE,AVENUE F,NULL,NULL
AVENUE H,AVENUE H,NULL,NULL
AVENUE I,AVENUE I,NULL,NULL
05TH ST,AVENUE M,NULL,NULL
AVENUE N,AVENUE N,NULL,NULL
03RD TI ST,AVENUE OF THE PALMS,NULL,NULL
AVERY ST,AVERY,ST,NULL
01ST ST,AVILA,ST,NULL
02ND ST,AVOCA,ALY,NULL
02ND ST,WURSTER,LN,NULL
05TH TI ST,AVON,WAY,NULL
03RD AVE,AZTEC,ST,NULL
BACHE ST,BACHE,ST,NULL
BACON ST,BACON,ST,NULL
BADEN ST,BADEN,ST,NULL
BADGER ST,BADGER,ST,NULL
02ND ST,BAKER,CT,NULL
BAKER ST,BAKER,ST,NULL
BALANCE ST,BALANCE,ST,NULL
04TH AVE,BALBOA,ST,NULL
BALCETA AVE,BALCETA,AVE,NULL
02ND AVE,BALDWIN,CT,NULL
BALHI CT,BALHI,CT,NULL
02ND TI ST,BALMY,ST,NULL
05TH AVE,BALTIMORE,WAY,NULL
BANBURY DR,BANBURY,DR,NULL
BANCROFT AVE,BANCROFT,AVE,NULL
04TH AVE,BANK,ST,NULL
BANKS ST,BANKS,ST,NULL
02ND AVE,BANNAN,PL,NULL
14TH TI ST,BANNEKER,WAY,NULL
05TH AVE,BANNOCK,ST,NULL
06TH ST,BARCELONA,AVE,NULL
01ST ST,BARNARD,AVE,NULL
BARNEVELD AVE,BARNEVELD,AVE,NULL
BARRY CT,BARRY,CT,NULL
BARTLETT ST,BARTLETT,ST,NULL
12TH AVE,BARTOL,ST,NULL
08TH AVE,BASS,CT,NULL
BATTERY ST,BATTERY,ST,NULL
BATTERY BLANEY RD,BATTERY BLANEY,RD,NULL
BATTERY CAULFIELD RD,BATTERY CAULFIELD,RD,NULL
BATTERY CHAMBERLIN RD,BATTERY CHAMBERLIN,RD,NULL
BATTERY CRANSTON RD,BATTERY CRANSTON,RD,NULL
BATTERY CROSBY RD,BATTERY CROSBY,RD,NULL
BATTERY DYNAMITE RD,BATTERY DYNAMITE,RD,NULL
BATTERY EAST RD,BATTERY EAST,RD,NULL
BATTERY SAFFORD RD,BATTERY SAFFORD,RD,NULL
BATTERY WAGNER RD,BATTERY WAGNER,RD,NULL
BAXTER ALY,BAXTER,ALY,NULL
BAY ST,BAY,ST,NULL
BAY SHORE BLVD,BAY SHORE,BLVD,NULL
BAY SHORE BLVD OFF RAMP,BAY SHORE BLVD OFF,RAMP,NULL
BAY SHORE BLVD ON RAMP,BAY SHORE BLVD ON,RAMP,NULL
BAY VIEW ST,BAY VIEW,ST,NULL
BAYSIDE DR,BAYSIDE,DR,NULL
BAYSIDE VILLAGE PL,BAYSIDE VILLAGE,PL,NULL
BAYVIEW CIR,BAYVIEW,CIR,NULL
BAYVIEW PARK RD,BAYVIEW PARK,RD,NULL
BAYWOOD CT,BAYWOOD,CT,NULL
BEACH ST,BEACH,ST,NULL
BEACHMONT DR,BEACHMONT,DR,NULL
BEACON ST,BEACON,ST,NULL
BEALE ST,BEALE,ST,NULL
BEATRICE LN,BEATRICE,LN,NULL
BEAUMONT AVE,BEAUMONT,AVE,NULL
BEAVER ST,BEAVER,ST,NULL
BECKETT ST,BECKETT,ST,NULL
BEDFORD PL,BEDFORD,PL,NULL
BEEMAN LN,BEEMAN,LN,NULL
BEHR AVE,BEHR,AVE,NULL
BEIDEMAN ST,BEIDEMAN,ST,NULL
BELCHER ST,BELCHER,ST,NULL
BELDEN ST,BELDEN,ST,NULL
BELGRAVE AVE,BELGRAVE,AVE,NULL
BELL CT,BELL,CT,NULL
BELLA VISTA WAY,BELLA VISTA,WAY,NULL
BELLAIR PL,BELLAIR,PL,NULL
BELLE AVE,BELLE,AVE,NULL
BELLES ST,BELLES,ST,NULL
BELLEVUE AVE,BELLEVUE,AVE,NULL
BELMONT AVE,BELMONT,AVE,NULL
BELVEDERE ST,BELVEDERE,ST,NULL
BEMIS ST,BEMIS,ST,NULL
BENGAL ALY,BENGAL,ALY,NULL
BENNINGTON ST,BENNINGTON,ST,NULL
BENTON AVE,BENTON,AVE,NULL
BEPLER ST,BEPLER,ST,NULL
BERCUT ACCESS RD,BERCUT ACCESS,RD,NULL
BERGEN ALY,BERGEN,ALY,NULL
BERKELEY WAY,BERKELEY,WAY,NULL
BERKSHIRE WAY,BERKSHIRE,WAY,NULL
BERNAL HEIGHTS BLVD,BERNAL HEIGHTS,BLVD,NULL
BERNARD ST,BERNARD,ST,NULL
BERNICE ST,BERNICE,ST,NULL
BERNICE RODGERS WAY,BERNICE RODGERS,WAY,NULL
BERRY ST,BERRY,ST,NULL
BERRY EXTENSION ST,BERRY EXTENSION,ST,NULL
BERTHA LN,BERTHA,LN,NULL
BERTIE MINOR LN,BERTIE MINOR,LN,NULL
BERTITA ST,BERTITA,ST,NULL
BERWICK PL,BERWICK,PL,NULL
BESSIE ST,BESSIE,ST,NULL
BEULAH ST,BEULAH,ST,NULL
BEVERLY ST,BEVERLY,ST,NULL
BIGELOW CT,BIGELOW,CT,NULL
BIGLER AVE,BIGLER,AVE,NULL
BIRCH ST,BIRCH,ST,NULL
BIRCHWOOD CT,BIRCHWOOD,CT,NULL
BIRD ST,BIRD,ST,NULL
BIRMINGHAM RD,BIRMINGHAM,RD,NULL
BISHOP ST,BISHOP,ST,NULL
BITTING AVE,BITTING,AVE,NULL
BLACK PL,BLACK,PL,NULL
BLACKSTONE CT,BLACKSTONE,CT,NULL
BLAIR TER,BLAIR,TER,NULL
BLAIRWOOD LN,BLAIRWOOD,LN,NULL
BLAKE ST,BLAKE,ST,NULL
BLANCHE ST,BLANCHE,ST,NULL
BLANDY ST,BLANDY,ST,NULL
BLANKEN AVE,BLANKEN,AVE,NULL
BLATCHFORD LN,BLATCHFORD,LN,NULL
BLISS CT,BLISS,CT,NULL
BLISS RD,BLISS,RD,NULL
BLUXOME ST,BLUXOME,ST,NULL
BLYTHDALE AVE,BLYTHDALE,AVE,NULL
BOALT ST,BOALT,ST,NULL
BOARDMAN PL,BOARDMAN,PL,NULL
BOB KAUFMAN ALY,BOB KAUFMAN,ALY,NULL
BOCANA ST,BOCANA,ST,NULL
BONIFACIO ST,BONIFACIO,ST,NULL
BONITA ST,BONITA,ST,NULL
BONNIE BRAE LN,BONNIE BRAE,LN,NULL
BONVIEW ST,BONVIEW,ST,NULL
BORICA ST,BORICA,ST,NULL
BOSWORTH ST,BOSWORTH,ST,NULL
BOUTWELL ST,BOUTWELL,ST,NULL
BOWDOIN ST,BOWDOIN,ST,NULL
BOWLEY CT,BOWLEY,CT,NULL
BOWLEY ST,BOWLEY,ST,NULL
BOWLING GREEN DR,BOWLING GREEN,DR,NULL
BOWMAN CT,BOWMAN,CT,NULL
BOYD ST,BOYD,ST,NULL
BOYLSTON ST,BOYLSTON,ST,NULL
BOYNTON CT,BOYNTON,CT,NULL
BRADFORD ST,BRADFORD,ST,NULL
BRADY ST,BRADY,ST,NULL
BRANNAN ST,BRANNAN,ST,NULL
BRANT ALY,BRANT,ALY,NULL
BRAZIL AVE,BRAZIL,AVE,NULL
BREEN PL,BREEN,PL,NULL
BRENTWOOD AVE,BRENTWOOD,AVE,NULL
BRET HARTE TER,BRET HARTE,TER,NULL
BREWSTER ST,BREWSTER,ST,NULL
BRICE TER,BRICE,TER,NULL
BRIDGEVIEW DR,BRIDGEVIEW,DR,NULL
BRIDGEVIEW WAY,BRIDGEVIEW,WAY,NULL
BRIGHT ST,BRIGHT,ST,NULL
BRIGHTON AVE,BRIGHTON,AVE,NULL
BRITTON ST,BRITTON,ST,NULL
BROAD ST,BROAD,ST,NULL
BROADMOOR DR,BROADMOOR,DR,NULL
BROADWAY,BROADWAY,NULL,NULL
BRODERICK ST,BRODERICK,ST,NULL
BROMLEY PL,BROMLEY,PL,NULL
BROMPTON AVE,BROMPTON,AVE,NULL
BRONTE ST,BRONTE,ST,NULL
BROOK ST,BROOK,ST,NULL
BROOKDALE AVE,BROOKDALE,AVE,NULL
BROOKHAVEN LN,BROOKHAVEN,LN,NULL
BROOKLYN PL,BROOKLYN,PL,NULL
BROOKS ST,BROOKS,ST,NULL
BROSNAN ST,BROSNAN,ST,NULL
BROTHERHOOD WAY,BROTHERHOOD,WAY,NULL
BROWN ST,BROWN,ST,NULL
BRUCE AVE,BRUCE,AVE,NULL
BRUMISS TER,BRUMISS,TER,NULL
BRUNSWICK ST,BRUNSWICK,ST,NULL
BRUSH LN,BRUSH,LN,NULL
BRUSH PL,BRUSH,PL,NULL
BRUSSELS ST,BRUSSELS,ST,NULL
BRYANT ST,BRYANT,ST,NULL
BUCARELI DR,BUCARELI,DR,NULL
BUCHANAN ST,BUCHANAN,ST,NULL
BUCKINGHAM WAY,BUCKINGHAM,WAY,NULL
SAN FRANCISCO GOLF CLUB RD,SAN FRANCISCO GOLF CLUB,RD,NULL
VICHA RATANAPAKDEE WAY,VICHA RATANAPAKDEE,WAY,NULL
BUENA VISTA TER,BUENA VISTA,TER,NULL
BURGOYNE ST,BURGOYNE,ST,NULL
BURKE AVE,BURKE,AVE,NULL
BURLWOOD DR,BURLWOOD,DR,NULL
BURNETT AVE,BURNETT,AVE,NULL
JEFF ADACHI WAY,JEFF ADACHI,WAY,NULL
BURNS PL,BURNS,PL,NULL
BURNSIDE AVE,BURNSIDE,AVE,NULL
BURR AVE,BURR,AVE,NULL
BURRITT ST,BURRITT,ST,NULL
BURROWS ST,BURROWS,ST,NULL
BUSH ST,BUSH,ST,NULL
BUTTE PL,BUTTE,PL,NULL
BYRON CT,BYRON,CT,NULL
BYXBEE ST,BYXBEE,ST,NULL
C ST,C,ST,NULL
CABRILLO ST,CABRILLO,ST,NULL
CADELL PL,CADELL,PL,NULL
CAINE AVE,CAINE,AVE,NULL
CAIRE TER,CAIRE,TER,NULL
CALEDONIA ST,CALEDONIA,ST,NULL
CALGARY ST,CALGARY,ST,NULL
CALHOUN TER,CALHOUN,TER,NULL
CALIFORNIA AVE,CALIFORNIA,AVE,NULL
CALIFORNIA ST,CALIFORNIA,ST,NULL
CALVERT DR,CALVERT,DR,NULL
CAMBON DR,CAMBON,DR,NULL
CAMBRIDGE ST,CAMBRIDGE,ST,NULL
CAMELLIA AVE,CAMELLIA,AVE,NULL
CAMEO WAY,CAMEO,WAY,NULL
CAMERON WAY,CAMERON,WAY,NULL
CAMP ST,CAMP,ST,NULL
LONG BRIDGE VARA,LONG BRIDGE VARA,NULL,NULL
CAMPBELL AVE,CAMPBELL,AVE,NULL
CAMPTON PL,CAMPTON,PL,NULL
CAMPUS LN,CAMPUS,LN,NULL
CAMPUS WAY,CAMPUS,WAY,NULL
CANBY LN,CANBY,LN,NULL
CANBY ST,CANBY,ST,NULL
CANDLESTICK COVE WAY,CANDLESTICK COVE,WAY,NULL
CANDLESTICK POINT SRA,CANDLESTICK POINT SRA,NULL,NULL
CANYON DR,CANYON,DR,NULL
CAPISTRANO AVE,CAPISTRANO,AVE,NULL
CAPITOL AVE,CAPITOL,AVE,NULL
CAPP ST,CAPP,ST,NULL
CAPRA WAY,CAPRA,WAY,NULL
CARD ALY,CARD,ALY,NULL
CARDENAS AVE,CARDENAS,AVE,NULL
CARGO WAY,CARGO,WAY,NULL
CARL ST,CARL,ST,NULL
CARMEL ST,CARMEL,ST,NULL
CARMELITA ST,CARMELITA,ST,NULL
CARNELIAN WAY,CARNELIAN,WAY,NULL
CAROLINA ST,CAROLINA,ST,NULL
CARPENTER CT,CARPENTER,CT,NULL
CARR ST,CARR,ST,NULL
CARRIE ST,CARRIE,ST,NULL
CARRIZAL ST,CARRIZAL,ST,NULL
CARROLL AVE,CARROLL,AVE,NULL
CARSON ST,CARSON,ST,NULL
CARTER ST,CARTER,ST,NULL
CARVER ST,CARVER,ST,NULL
CASA WAY,CASA,WAY,NULL
CASCADE WALK,CASCADE,WALK,NULL
CASE ST,CASE,ST,NULL
CASELLI AVE,CASELLI,AVE,NULL
CASHMERE ST,CASHMERE,ST,NULL
CASITAS AVE,CASITAS,AVE,NULL
CASSANDRA CT,CASSANDRA,CT,NULL
CASTELO AVE,CASTELO,AVE,NULL
CASTENADA AVE,CASTENADA,AVE,NULL
CASTILLO ST,CASTILLO,ST,NULL
CASTLE ST,CASTLE,ST,NULL
CASTLE MANOR AVE,CASTLE MANOR,AVE,NULL
CASTRO ST,CASTRO,ST,NULL
DR MAYA ANGELOU LN,DR MAYA ANGELOU,LN,NULL
CATHERINE CT,CATHERINE,CT,NULL
CAYUGA AVE,CAYUGA,AVE,NULL
CCSF PARKING LOT,CCSF PARKING LOT,NULL,NULL
CECILIA AVE,CECILIA,AVE,NULL
CEDAR ST,CEDAR,ST,NULL
CEDRO AVE,CEDRO,AVE,NULL
CENTRAL AVE,CENTRAL,AVE,NULL
CENTRAL MAGAZINE RD,CENTRAL MAGAZINE,RD,NULL
CENTURY PL,CENTURY,PL,NULL
CERES ST,CERES,ST,NULL
CERRITOS AVE,CERRITOS,AVE,NULL
CERVANTES BLVD,CERVANTES,BLVD,NULL
CESAR CHAVEZ ST,CESAR CHAVEZ,ST,NULL
CESAR CHAVEZ ON RAMP,CESAR CHAVEZ ON,RAMP,NULL
CHABOT TER,CHABOT,TER,NULL
CHAIN OF LAKES DR,CHAIN OF LAKES,DR,NULL
CHANCERY LN,CHANCERY,LN,NULL
SLOAN ALY,SLOAN,ALY,NULL
CHANNEL ST,CHANNEL,ST,NULL
CHAPMAN ST,CHAPMAN,ST,NULL
CHARLES ST,CHARLES,ST,NULL
CHARLES J BRENHAM PL,CHARLES J BRENHAM,PL,NULL
CHARLTON CT,CHARLTON,CT,NULL
CHARTER OAK AVE,CHARTER OAK,AVE,NULL
CHASE CT,CHASE,CT,NULL
CHATHAM PL,CHATHAM,PL,NULL
CHATTANOOGA ST,CHATTANOOGA,ST,NULL
CHAVES AVE,CHAVES,AVE,NULL
CHENERY ST,CHENERY,ST,NULL
CHERRY ST,CHERRY,ST,NULL
CHESLEY ST,CHESLEY,ST,NULL
CHESTER AVE,CHESTER,AVE,NULL
CHESTNUT ST,CHESTNUT,ST,NULL
CHICAGO WAY,CHICAGO,WAY,NULL
CHILD ST,CHILD,ST,NULL
CHILTON AVE,CHILTON,AVE,NULL
CHINA BASIN ST,CHINA BASIN,ST,NULL
CHINOOK CT,CHINOOK,CT,NULL
CHRISTMAS TREE POINT RD,CHRISTMAS TREE POINT,RD,NULL
CHRISTOPHER DR,CHRISTOPHER,DR,NULL
CHULA LN,CHULA,LN,NULL
CHUMASERO DR,CHUMASERO,DR,NULL
CHURCH ST,CHURCH,ST,NULL
CHURCH ACCESS RD,CHURCH ACCESS,RD,NULL
CHURCH PARKING LOT,CHURCH PARKING LOT,NULL,NULL
CIELITO DR,CIELITO,DR,NULL
CIRCULAR AVE,CIRCULAR,AVE,NULL
CITYVIEW WAY,CITYVIEW,WAY,NULL
CLAIRVIEW CT,CLAIRVIEW,CT,NULL
CLARA ST,CLARA,ST,NULL
CLAREMONT BLVD,CLAREMONT,BLVD,NULL
CLARENCE PL,CLARENCE,PL,NULL
CLARENDON AVE,CLARENDON,AVE,NULL
CLARION ALY,CLARION,ALY,NULL
CLARKE LN,CLARKE,LN,NULL
CLARKE ST,CLARKE,ST,NULL
CLARKSON ST,CLARKSON,ST,NULL
CLAUDE LN,CLAUDE,LN,NULL
CLAY ST,CLAY,ST,NULL
CLAYTON ST,CLAYTON,ST,NULL
CLEARFIELD DR,CLEARFIELD,DR,NULL
CLEARVIEW CT,CLEARVIEW,CT,NULL
CLEARY CT,CLEARY,CT,NULL
CLEMENT ST,CLEMENT,ST,NULL
CLEMENTINA ST,CLEMENTINA,ST,NULL
CLEO RAND AVE,CLEO RAND,AVE,NULL
CLEVELAND ST,CLEVELAND,ST,NULL
CLIFFORD TER,CLIFFORD,TER,NULL
CLINTON PARK,CLINTON,PARK,NULL
CLIPPER ST,CLIPPER,ST,NULL
CLIPPER TER,CLIPPER,TER,NULL
CLIPPER COVE WAY,CLIPPER COVE,WAY,NULL
CLOUD CIR,CLOUD,CIR,NULL
CLOVER LN,CLOVER,LN,NULL
CLOVER ST,CLOVER,ST,NULL
CLYDE ST,CLYDE,ST,NULL
COCHRANE ST,COCHRANE,ST,NULL
CODMAN PL,CODMAN,PL,NULL
COLBY ST,COLBY,ST,NULL
COLE ST,COLE,ST,NULL
COLEMAN ST,COLEMAN,ST,NULL
COLERIDGE ST,COLERIDGE,ST,NULL
COLIN PL,COLIN,PL,NULL
COLIN P KELLY JR ST,COLIN P KELLY JR,ST,NULL
COLLEEN WAY,COLLEEN,WAY,NULL
COLLEGE AVE,COLLEGE,AVE,NULL
COLLEGE TER,COLLEGE,TER,NULL
COLLINGWOOD ST,COLLINGWOOD,ST,NULL
COLLINS ST,COLLINS,ST,NULL
COLON AVE,COLON,AVE,NULL
COLONIAL WAY,COLONIAL,WAY,NULL
COLTON ST,COLTON,ST,NULL
COLUMBIA SQUARE ST,COLUMBIA SQUARE,ST,NULL
COLUMBUS AVE,COLUMBUS,AVE,NULL
COLUSA PL,COLUSA,PL,NULL
COMERFORD ST,COMERFORD,ST,NULL
COMMER CT,COMMER,CT,NULL
COMMERCIAL ST,COMMERCIAL,ST,NULL
COMMONWEALTH AVE,COMMONWEALTH,AVE,NULL
COMPTON RD,COMPTON,RD,NULL
CONCORD ST,CONCORD,ST,NULL
CONCOURSE DR,CONCOURSE,DR,NULL
CONGDON ST,CONGDON,ST,NULL
CONGO ST,CONGO,ST,NULL
CONKLING ST,CONKLING,ST,NULL
CONNECTICUT ST,CONNECTICUT,ST,NULL
CONRAD ST,CONRAD,ST,NULL
STEUART LN,STEUART,LN,NULL
BRAGHETTA LN,BRAGHETTA,LN,NULL
CONSERVATORY ACCESS RD,CONSERVATORY ACCESS,RD,NULL
CONSTANSO WAY,CONSTANSO,WAY,NULL
CONTINUUM WAY,CONTINUUM,WAY,NULL
CONVERSE ST,CONVERSE,ST,NULL
COOK ST,COOK,ST,NULL
COOPER ALY,COOPER,ALY,NULL
COPPER ALY,COPPER,ALY,NULL
CORA ST,CORA,ST,NULL
CORAL CT,CORAL,CT,NULL
CORAL RD,CORAL,RD,NULL
CORALINO LN,CORALINO,LN,NULL
CORBETT AVE,CORBETT,AVE,NULL
CORBIN PL,CORBIN,PL,NULL
CORDELIA ST,CORDELIA,ST,NULL
CORDOVA ST,CORDOVA,ST,NULL
CORNWALL ST,CORNWALL,ST,NULL
CORONA ST,CORONA,ST,NULL
FARALLON ST,FARALLON,ST,NULL
CORONADO ST,CORONADO,ST,NULL
CORTES AVE,CORTES,AVE,NULL
CORTLAND AVE,CORTLAND,AVE,NULL
CORWIN ST,CORWIN,ST,NULL
COSGROVE ST,COSGROVE,ST,NULL
COSMO PL,COSMO,PL,NULL
COSO AVE,COSO,AVE,NULL
COSTA ST,COSTA,ST,NULL
COTTAGE ROW,COTTAGE,ROW,NULL
COTTER ST,COTTER,ST,NULL
COUNTRY CLUB DR,COUNTRY CLUB,DR,NULL
COVENTRY CT,COVENTRY,CT,NULL
COVENTRY LN,COVENTRY,LN,NULL
COWELL PL,COWELL,PL,NULL
COWLES ST,COWLES,ST,NULL
CRAGMONT AVE,CRAGMONT,AVE,NULL
CRAGS CT,CRAGS,CT,NULL
CRAIG CT,CRAIG,CT,NULL
CRANE ST,CRANE,ST,NULL
CRANLEIGH DR,CRANLEIGH,DR,NULL
CRAUT ST,CRAUT,ST,NULL
CRESCENT AVE,CRESCENT,AVE,NULL
CRESCENT CT,CRESCENT,CT,NULL
CRESCENT WAY,CRESCENT,WAY,NULL
CRESCIO CT,CRESCIO,CT,NULL
CRESPI DR,CRESPI,DR,NULL
CRESTA VISTA DR,CRESTA VISTA,DR,NULL
CRESTLAKE DR,CRESTLAKE,DR,NULL
CRESTLINE DR,CRESTLINE,DR,NULL
CRESTMONT DR,CRESTMONT,DR,NULL
CRESTWELL WALK,CRESTWELL,WALK,NULL
CRISP RD,CRISP,RD,NULL
CRISSY FIELD AVE,CRISSY FIELD,AVE,NULL
CROAKER CT,CROAKER,CT,NULL
CROOK ST,CROOK,ST,NULL
CROSS ST,CROSS,ST,NULL
CROSSOVER DR,CROSSOVER,DR,NULL
CROWN CT,CROWN,CT,NULL
CROWN TER,CROWN,TER,NULL
CRYSTAL ST,CRYSTAL,ST,NULL
CUBA ALY,CUBA,ALY,NULL
CUESTA CT,CUESTA,CT,NULL
CULEBRA TER,CULEBRA,TER,NULL
CUMBERLAND ST,CUMBERLAND,ST,NULL
CUNNINGHAM PL,CUNNINGHAM,PL,NULL
CURTIS ST,CURTIS,ST,NULL
CUSHMAN ST,CUSHMAN,ST,NULL
CUSTER AVE,CUSTER,AVE,NULL
CUSTOM HOUSE PL,CUSTOM HOUSE,PL,NULL
CUTLER AVE,CUTLER,AVE,NULL
CUVIER ST,CUVIER,ST,NULL
CYPRESS ST,CYPRESS,ST,NULL
CYRIL MAGNIN ST,CYRIL MAGNIN,ST,NULL
CYRUS PL,CYRUS,PL,NULL
D ST,D,ST,NULL
DAGGETT ST,DAGGETT,ST,NULL
DAKOTA ST,DAKOTA,ST,NULL
DALEWOOD WAY,DALEWOOD,WAY,NULL
DANIEL BURNHAM CT,DANIEL BURNHAM,CT,NULL
DANTON ST,DANTON,ST,NULL
DANVERS ST,DANVERS,ST,NULL
DARIEN WAY,DARIEN,WAY,NULL
DARRELL PL,DARRELL,PL,NULL
DARTMOUTH ST,DARTMOUTH,ST,NULL
DASHIELL HAMMETT ST,DASHIELL HAMMETT,ST,NULL
DAVENPORT LN,DAVENPORT,LN,NULL
DAVIDSON AVE,DAVIDSON,AVE,NULL
DAVIS CT,DAVIS,CT,NULL
DAVIS ST,DAVIS,ST,NULL
DAWNVIEW WAY,DAWNVIEW,WAY,NULL
DAWSON PL,DAWSON,PL,NULL
DAY ST,DAY,ST,NULL
DE BOOM ST,DE BOOM,ST,NULL
DE FOREST WAY,DE FOREST,WAY,NULL
DE HARO ST,DE HARO,ST,NULL
DE LONG ST,DE LONG,ST,NULL
DE MONTFORT AVE,DE MONTFORT,AVE,NULL
DE SOTO ST,DE SOTO,ST,NULL
DE WOLF ST,DE WOLF,ST,NULL
DEARBORN ST,DEARBORN,ST,NULL
DECATUR ST,DECATUR,ST,NULL
DECKER ALY,DECKER,ALY,NULL
DEDMAN CT,DEDMAN,CT,NULL
DEEMS RD,DEEMS,RD,NULL
DEHON ST,DEHON,ST,NULL
DEL MONTE ST,DEL MONTE,ST,NULL
DEL SUR AVE,DEL SUR,AVE,NULL
DEL VALE AVE,DEL VALE,AVE,NULL
DELANCEY ST,DELANCEY,ST,NULL
DELANO AVE,DELANO,AVE,NULL
DELAWARE ST,DELAWARE,ST,NULL
DELGADO PL,DELGADO,PL,NULL
DELLBROOK AVE,DELLBROOK,AVE,NULL
DELMAR ST,DELMAR,ST,NULL
DELTA ST,DELTA,ST,NULL
DEMING ST,DEMING,ST,NULL
DENSLOWE DR,DENSLOWE,DR,NULL
DERBY ST,DERBY,ST,NULL
DESMOND ST,DESMOND,ST,NULL
DETROIT ST,DETROIT,ST,NULL
DEVONSHIRE WAY,DEVONSHIRE,WAY,NULL
DEWEY BLVD,DEWEY,BLVD,NULL
DEWITT RD,DEWITT,RD,NULL
DIAMOND ST,DIAMOND,ST,NULL
DIAMOND COVE TER,DIAMOND COVE,TER,NULL
DIAMOND HEIGHTS BLVD,DIAMOND HEIGHTS,BLVD,NULL
DIANA ST,DIANA,ST,NULL
DIAZ AVE,DIAZ,AVE,NULL
DICHA ALY,DICHA,ALY,NULL
DICHIERA CT,DICHIERA,CT,NULL
DICKINSON ST,DICKINSON,ST,NULL
DIGBY ST,DIGBY,ST,NULL
DIRK DIRKSEN PL,DIRK DIRKSEN,PL,NULL
DIVISADERO ST,DIVISADERO,ST,NULL
DIVISION ST,DIVISION,ST,NULL
DIXIE ALY,DIXIE,ALY,NULL
DOCK ST,DOCK,ST,NULL
DODGE ST,DODGE,ST,NULL
DOLORES ST,DOLORES,ST,NULL
DOLORES TER,DOLORES,TER,NULL
DOLPHIN CT,DOLPHIN,CT,NULL
DON CHEE WAY,DON CHEE,WAY,NULL
DONAHUE ST,DONAHUE,ST,NULL
DONNER AVE,DONNER,AVE,NULL
DORADO TER,DORADO,TER,NULL
DORANTES AVE,DORANTES,AVE,NULL
DORCAS WAY,DORCAS,WAY,NULL
DORCHESTER WAY,DORCHESTER,WAY,NULL
DORE ST,DORE,ST,NULL
DORIC ALY,DORIC,ALY,NULL
DORLAND ST,DORLAND,ST,NULL
DORMAN AVE,DORMAN,AVE,NULL
DORMITORY RD,DORMITORY,RD,NULL
DOUBLE ROCK ST,DOUBLE ROCK,ST,NULL
DOUGLASS ST,DOUGLASS,ST,NULL
DOVE LOOP,DOVE,LOOP,NULL
DOW PL,DOW,PL,NULL
DOWNEY ST,DOWNEY,ST,NULL
DR CARLTON B GOODLETT PL,DR CARLTON B GOODLETT,PL,NULL
DRAKE ST,DRAKE,ST,NULL
DRUMM ST,DRUMM,ST,NULL
DRUMMOND ALY,DRUMMOND,ALY,NULL
DUBLIN ST,DUBLIN,ST,NULL
DUBOCE AVE,DUBOCE,AVE,NULL
DUDLEY RD,DUDLEY,RD,NULL
DUKES CT,DUKES,CT,NULL
DUNCAN ST,DUNCAN,ST,NULL
DUNCOMBE ALY,DUNCOMBE,ALY,NULL
DUNNES ALY,DUNNES,ALY,NULL
DUNSHEE ST,DUNSHEE,ST,NULL
DUNSMUIR ST,DUNSMUIR,ST,NULL
DUTCH WINDMILL ACCESS RD,DUTCH WINDMILL ACCESS,RD,NULL
DWIGHT ST,DWIGHT,ST,NULL
E ST,E,ST,NULL
EAGLE ST,EAGLE,ST,NULL
EARL ST,EARL,ST,NULL
EASEMENT,EASEMENT,NULL,NULL
EAST RD,EAST,RD,NULL
EAST BEACH RD,EAST BEACH,RD,NULL
EAST CRYSTAL COVE TER,EAST CRYSTAL COVE,TER,NULL
EAST FORT MILEY RD,EAST FORT MILEY,RD,NULL
EASTMAN ST,EASTMAN,ST,NULL
EASTWOOD DR,EASTWOOD,DR,NULL
EATON PL,EATON,PL,NULL
ECKER ST,ECKER,ST,NULL
EDDY ST,EDDY,ST,NULL
EDGAR AVE,EDGAR,AVE,NULL
EDGARDO PL,EDGARDO,PL,NULL
EDGEHILL WAY,EDGEHILL,WAY,NULL
EDGEWOOD AVE,EDGEWOOD,AVE,NULL
EDIE RD,EDIE,RD,NULL
EDINBURGH ST,EDINBURGH,ST,NULL
EDITH ST,EDITH,ST,NULL
EDNA ST,EDNA,ST,NULL
EDWARD ST,EDWARD,ST,NULL
EGBERT AVE,EGBERT,AVE,NULL
EL CAMINO DEL MAR,EL CAMINO DEL MAR,NULL,NULL
EL DORADO ST,EL DORADO,ST,NULL
EL MIRASOL PL,EL MIRASOL,PL,NULL
EL PLAZUELA WAY,EL PLAZUELA,WAY,NULL
EL POLIN LOOP,EL POLIN,LOOP,NULL
EL SERENO CT,EL SERENO,CT,NULL
EL VERANO WAY,EL VERANO,WAY,NULL
ELDRIDGE ST,ELDRIDGE,ST,NULL
ELGIN PARK,ELGIN,PARK,NULL
ELIM ALY,ELIM,ALY,NULL
ELIZABETH ST,ELIZABETH,ST,NULL
ELK ST,ELK,ST,NULL
ELLERT ST,ELLERT,ST,NULL
ELLINGTON AVE,ELLINGTON,AVE,NULL
ELLIOT ST,ELLIOT,ST,NULL
ELLIS ST,ELLIS,ST,NULL
ELLSWORTH ST,ELLSWORTH,ST,NULL
ELM ST,ELM,ST,NULL
ELMHURST DR,ELMHURST,DR,NULL
ELMIRA ST,ELMIRA,ST,NULL
ELMWOOD WAY,ELMWOOD,WAY,NULL
ELSIE ST,ELSIE,ST,NULL
ELWOOD ST,ELWOOD,ST,NULL
EMERALD LN,EMERALD,LN,NULL
EMERALD COVE WAY,EMERALD COVE,WAY,NULL
EMERSON ST,EMERSON,ST,NULL
EMERY LN,EMERY,LN,NULL
EMIL LN,EMIL,LN,NULL
EMMA ST,EMMA,ST,NULL
EMMETT CT,EMMETT,CT,NULL
ENCANTO AVE,ENCANTO,AVE,NULL
ENCINAL WALK,ENCINAL,WALK,NULL
ENCLINE CT,ENCLINE,CT,NULL
ENGLISH ST,ENGLISH,ST,NULL
ENTERPRISE ST,ENTERPRISE,ST,NULL
ENTRADA CT,ENTRADA,CT,NULL
ERIE ST,ERIE,ST,NULL
ERKSON CT,ERKSON,CT,NULL
ERVINE ST,ERVINE,ST,NULL
ESCOLTA WAY,ESCOLTA,WAY,NULL
ESCONDIDO AVE,ESCONDIDO,AVE,NULL
ESMERALDA AVE,ESMERALDA,AVE,NULL
ESPANOLA ST,ESPANOLA,ST,NULL
ESQUINA DR,ESQUINA,DR,NULL
ESSEX ST,ESSEX,ST,NULL
ESTERO AVE,ESTERO,AVE,NULL
EUCALYPTUS DR,EUCALYPTUS,DR,NULL
EUCLID AVE,EUCLID,AVE,NULL
EUGENIA AVE,EUGENIA,AVE,NULL
EUREKA ST,EUREKA,ST,NULL
EVANS AVE,EVANS,AVE,NULL
EVE ST,EVE,ST,NULL
EVELYN WAY,EVELYN,WAY,NULL
EVERGLADE DR,EVERGLADE,DR,NULL
EVERSON ST,EVERSON,ST,NULL
EWER PL,EWER,PL,NULL
EWING TER,EWING,TER,NULL
EXCELSIOR AVE,EXCELSIOR,AVE,NULL
EXCHANGE PL,EXCHANGE,PL,NULL
EXECUTIVE PARK BLVD,EXECUTIVE PARK,BLVD,NULL
EXETER ST,EXETER,ST,NULL
EXPOSITION DR,EXPOSITION,DR,NULL
FAIR AVE,FAIR,AVE,NULL
FAIR OAKS ST,FAIR OAKS,ST,NULL
FAIRBANKS ST,FAIRBANKS,ST,NULL
FAIRFAX AVE,FAIRFAX,AVE,NULL
FAIRFIELD WAY,FAIRFIELD,WAY,NULL
FAIRMOUNT ST,FAIRMOUNT,ST,NULL
FAITH ST,FAITH,ST,NULL
FALLON PL,FALLON,PL,NULL
FALMOUTH ST,FALMOUTH,ST,NULL
FANNING WAY,FANNING,WAY,NULL
FARALLONES ST,FARALLONES,ST,NULL
FARGO PL,FARGO,PL,NULL
FARNSWORTH LN,FARNSWORTH,LN,NULL
FARNUM ST,FARNUM,ST,NULL
FARRAGUT AVE,FARRAGUT,AVE,NULL
FARVIEW CT,FARVIEW,CT,NULL
FAUNTLEROY LN,FAUNTLEROY,LN,NULL
FAXON AVE,FAXON,AVE,NULL
FEDERAL ST,FEDERAL,ST,NULL
FELIX AVE,FELIX,AVE,NULL
FELL ST,FELL,ST,NULL
FELL ACCESS RD,FELL ACCESS,RD,NULL
FELLA PL,FELLA,PL,NULL
FELTON ST,FELTON,ST,NULL
FENTON LN,FENTON,LN,NULL
FERN ST,FERN,ST,NULL
FERNANDEZ ST,FERNANDEZ,ST,NULL
FERNWOOD DR,FERNWOOD,DR,NULL
FIELDING ST,FIELDING,ST,NULL
MEADOW DR,MEADOW,DR,NULL
FILBERT ST,FILBERT,ST,NULL
FILLMORE ST,FILLMORE,ST,NULL
FINLEY RD,FINLEY,RD,NULL
01ST TI ST,01ST TI,ST,NULL
HOLLAND CT,HOLLAND,CT,NULL
FISHER ALY,FISHER,ALY,NULL
FISHER AVE,FISHER,AVE,NULL
FISHER LOOP,FISHER,LOOP,NULL
FITCH ST,FITCH,ST,NULL
FITZGERALD AVE,FITZGERALD,AVE,NULL
FLINT ST,FLINT,ST,NULL
FLOOD AVE,FLOOD,AVE,NULL
FLORA ST,FLORA,ST,NULL
FLORENCE ST,FLORENCE,ST,NULL
FLORENTINE AVE,FLORENTINE,AVE,NULL
FLORIDA ST,FLORIDA,ST,NULL
FLOUNDER CT,FLOUNDER,CT,NULL
FLOURNOY ST,FLOURNOY,ST,NULL
FLOWER ST,FLOWER,ST,NULL
FOERSTER ST,FOERSTER,ST,NULL
FOLSOM ST,FOLSOM,ST,NULL
FONT BLVD,FONT,BLVD,NULL
FONTINELLA TER,FONTINELLA,TER,NULL
FOOTE AVE,FOOTE,AVE,NULL
FORD ST,FORD,ST,NULL
FOREST RD,FOREST,RD,NULL
FOREST HILL PATH,FOREST HILL,PATH,NULL
FOREST KNOLLS DR,FOREST KNOLLS,DR,NULL
FOREST SIDE AVE,FOREST SIDE,AVE,NULL
FOREST VIEW DR,FOREST VIEW,DR,NULL
FORSYTH LN,FORSYTH,LN,NULL
FORT FUNSTON RD,FORT FUNSTON,RD,NULL
FORT MASON 10,FORT MASON 10,NULL,NULL
FORT MASON 12,FORT MASON 12,NULL,NULL
FORT MASON 13,FORT MASON 13,NULL,NULL
FORT MASON 15,FORT MASON 15,NULL,NULL
FORT MASON 16,FORT MASON 16,NULL,NULL
FORT MASON 17,FORT MASON 17,NULL,NULL
FORT MASON 18,FORT MASON 18,NULL,NULL
FORT MASON 19,FORT MASON 19,NULL,NULL
FORT MASON 20,FORT MASON 20,NULL,NULL
FORT MASON 21,FORT MASON 21,NULL,NULL
FORT MASON 8,FORT MASON 8,NULL,NULL
FORT MASON 9,FORT MASON 9,NULL,NULL
FORT MILEY 3,FORT MILEY 3,NULL,NULL
FORT MILEY 5,FORT MILEY 5,NULL,NULL
FORT MILEY 6,FORT MILEY 6,NULL,NULL
FORT MILEY 7,FORT MILEY 7,NULL,NULL
FORTUNA AVE,FORTUNA,AVE,NULL
FOUNTAIN ST,FOUNTAIN,ST,NULL
FOWLER AVE,FOWLER,AVE,NULL
FRANCE AVE,FRANCE,AVE,NULL
FRANCIS ST,FRANCIS,ST,NULL
FRANCISCO ST,FRANCISCO,ST,NULL
FRANCONIA ST,FRANCONIA,ST,NULL
FRANK NORRIS ST,FRANK NORRIS,ST,NULL
FRANKLIN ST,FRANKLIN,ST,NULL
FRATESSA CT,FRATESSA,CT,NULL
FREDELA LN,FREDELA,LN,NULL
FREDERICK ST,FREDERICK,ST,NULL
FREDSON CT,FREDSON,CT,NULL
FREELON ST,FREELON,ST,NULL
FREEMAN CT,FREEMAN,CT,NULL
FREMONT ST,FREMONT,ST,NULL
FRENCH CT,FRENCH,CT,NULL
FRESNEL WAY,FRESNEL,WAY,NULL
FRESNO ST,FRESNO,ST,NULL
FRIEDELL ST,FRIEDELL,ST,NULL
FRIENDSHIP CT,FRIENDSHIP,CT,NULL
FRONT ST,FRONT,ST,NULL
FUENTE AVE,FUENTE,AVE,NULL
FULTON ST,FULTON,ST,NULL
FUNSTON AVE,FUNSTON,AVE,NULL
FUNSTON RD,FUNSTON,RD,NULL
GABILAN WAY,GABILAN,WAY,NULL
GAISER CT,GAISER,CT,NULL
GALEWOOD CIR,GALEWOOD,CIR,NULL
GALILEE LN,GALILEE,LN,NULL
GALINDO AVE,GALINDO,AVE,NULL
GALLAGHER LN,GALLAGHER,LN,NULL
GALVEZ AVE,GALVEZ,AVE,NULL
GAMBIER ST,GAMBIER,ST,NULL
GARCES DR,GARCES,DR,NULL
GARCIA AVE,GARCIA,AVE,NULL
GARDEN ST,GARDEN,ST,NULL
GARDEN WAY,GARDEN,WAY,NULL
GARDENER RD,GARDENER,RD,NULL
GARDENSIDE DR,GARDENSIDE,DR,NULL
GARFIELD ST,GARFIELD,ST,NULL
GARLINGTON CT,GARLINGTON,CT,NULL
GARNETT TER,GARNETT,TER,NULL
GARRISON AVE,GARRISON,AVE,NULL
GATES ST,GATES,ST,NULL
GATEVIEW AVE,GATEVIEW,AVE,NULL
GATEVIEW CT,GATEVIEW,CT,NULL
GATEVIEW 1 CT,GATEVIEW 1,CT,NULL
GATEVIEW 2 CT,GATEVIEW 2,CT,NULL
GATEVIEW 3 CT,GATEVIEW 3,CT,NULL
GATUN ALY,GATUN,ALY,NULL
GAVEN ST,GAVEN,ST,NULL
GAVIOTA WAY,GAVIOTA,WAY,NULL
GEARY BLVD,GEARY,BLVD,NULL
GEARY ST,GEARY,ST,NULL
GELLERT DR,GELLERT,DR,NULL
COHEN PL,COHEN,PL,NULL
GENEBERN WAY,GENEBERN,WAY,NULL
GENERAL KENNEDY AVE,GENERAL KENNEDY,AVE,NULL
GENEVA AVE,GENEVA,AVE,NULL
GENNESSEE ST,GENNESSEE,ST,NULL
GENOA PL,GENOA,PL,NULL
GEORGE CT,GEORGE,CT,NULL
GEORGIA ST,GEORGIA,ST,NULL
GERKE ALY,GERKE,ALY,NULL
GERMANIA ST,GERMANIA,ST,NULL
GETZ ST,GETZ,ST,NULL
GGP ACCESS ROAD,GGP ACCESS ROAD,NULL,NULL
GIANTS DR,GIANTS,DR,NULL
GIBB ST,GIBB,ST,NULL
GIBBON CT,GIBBON,CT,NULL
GIBBON LN,GIBBON,LN,NULL
GIBSON RD,GIBSON,RD,NULL
GILBERT ST,GILBERT,ST,NULL
GILLETTE AVE,GILLETTE,AVE,NULL
GILMAN AVE,GILMAN,AVE,NULL
GILROY ST,GILROY,ST,NULL
GIRARD RD,GIRARD,RD,NULL
GIRARD ST,GIRARD,ST,NULL
GLADEVIEW WAY,GLADEVIEW,WAY,NULL
GLADIOLUS LN,GLADIOLUS,LN,NULL
GLADSTONE DR,GLADSTONE,DR,NULL
GLADYS ST,GLADYS,ST,NULL
GLEN CT,GLEN,CT,NULL
GLENBROOK AVE,GLENBROOK,AVE,NULL
GLENDALE ST,GLENDALE,ST,NULL
GLENHAVEN LN,GLENHAVEN,LN,NULL
GLENVIEW DR,GLENVIEW,DR,NULL
GLOBE ALY,GLOBE,ALY,NULL
GLORIA CT,GLORIA,CT,NULL
GLOVER ST,GLOVER,ST,NULL
GODEUS ST,GODEUS,ST,NULL
GOETHE ST,GOETHE,ST,NULL
GOETTINGEN ST,GOETTINGEN,ST,NULL
GOLD ST,GOLD,ST,NULL
GOLD MINE DR,GOLD MINE,DR,NULL
GOLDBERG LN,GOLDBERG,LN,NULL
GOLDEN CT,GOLDEN,CT,NULL
GOLDEN GATE AVE,GOLDEN GATE,AVE,NULL
GOLDING LN,GOLDING,LN,NULL
GOLETA AVE,GOLETA,AVE,NULL
GOLF COURSE ACCESS RD,GOLF COURSE ACCESS,RD,NULL
GONZALEZ DR,GONZALEZ,DR,NULL
GORDON ST,GORDON,ST,NULL
GORGAS AVE,GORGAS,AVE,NULL
GORHAM ST,GORHAM,ST,NULL
GOUGH ST,GOUGH,ST,NULL
GOULD ST,GOULD,ST,NULL
GRACE ST,GRACE,ST,NULL
GRAFTON AVE,GRAFTON,AVE,NULL
GRAHAM ST,GRAHAM,ST,NULL
GRANADA AVE,GRANADA,AVE,NULL
GRAND VIEW AVE,GRAND VIEW,AVE,NULL
GRAND VIEW TER,GRAND VIEW,TER,NULL
GRANT AVE,GRANT,AVE,NULL
GRANVILLE WAY,GRANVILLE,WAY,NULL
GRATTAN ST,GRATTAN,ST,NULL
GRAYSTONE TER,GRAYSTONE,TER,NULL
GREAT HWY,GREAT,HWY,NULL
GREELY CT,GREELY,CT,NULL
GREEN ST,GREEN,ST,NULL
GREENOUGH AVE,GREENOUGH,AVE,NULL
GREENVIEW CT,GREENVIEW,CT,NULL
GREENWICH CT,GREENWICH,CT,NULL
GREENWICH ST,GREENWICH,ST,NULL
GREENWOOD AVE,GREENWOOD,AVE,NULL
GRENARD TER,GRENARD,TER,NULL
GRIFFITH ST,GRIFFITH,ST,NULL
GRIJALVA DR,GRIJALVA,DR,NULL
GROTE PL,GROTE,PL,NULL
GROVE ST,GROVE,ST,NULL
GUERRERO ST,GUERRERO,ST,NULL
GUTTENBERG ST,GUTTENBERG,ST,NULL
GUY PL,GUY,PL,NULL
H ST,H,ST,NULL
HABITAT TER,HABITAT,TER,NULL
HAGIWARA TEA GARDEN DR,HAGIWARA TEA GARDEN,DR,NULL
HAHN ST,HAHN,ST,NULL
HAIGHT ST,HAIGHT,ST,NULL
HALE ST,HALE,ST,NULL
HALIBUT CT,HALIBUT,CT,NULL
HALLAM ST,HALLAM,ST,NULL
HALLECK ST,HALLECK,ST,NULL
HALYBURTON CT,HALYBURTON,CT,NULL
HAMERTON AVE,HAMERTON,AVE,NULL
HAMILTON ST,HAMILTON,ST,NULL
HAMLIN ST,HAMLIN,ST,NULL
HAMPSHIRE ST,HAMPSHIRE,ST,NULL
HANCOCK ST,HANCOCK,ST,NULL
HANGAH ST,HANGAH,ST,NULL
HANOVER ST,HANOVER,ST,NULL
HARBOR RD,HARBOR,RD,NULL
HARDIE AVE,HARDIE,AVE,NULL
HARDIE PL,HARDIE,PL,NULL
HARDING RD,HARDING,RD,NULL
HARE ST,HARE,ST,NULL
HARKNESS AVE,HARKNESS,AVE,NULL
HARLAN PL,HARLAN,PL,NULL
HARLEM ALY,HARLEM,ALY,NULL
HARLOW ST,HARLOW,ST,NULL
HARNEY WAY,HARNEY,WAY,NULL
HAROLD AVE,HAROLD,AVE,NULL
HARPER ST,HARPER,ST,NULL
HARRIET LN,HARRIET,LN,NULL
HARRIET ST,HARRIET,ST,NULL
HARRINGTON ST,HARRINGTON,ST,NULL
HARRIS PL,HARRIS,PL,NULL
HARRISON BLVD,HARRISON,BLVD,NULL
HARRISON ST,HARRISON,ST,NULL
HARRY ST,HARRY,ST,NULL
HARTFORD ST,HARTFORD,ST,NULL
HARVARD ST,HARVARD,ST,NULL
HASTINGS TER,HASTINGS,TER,NULL
HATTIE ST,HATTIE,ST,NULL
HAVELOCK ST,HAVELOCK,ST,NULL
HAVENS ST,HAVENS,ST,NULL
HAVENSIDE DR,HAVENSIDE,DR,NULL
HAWES ST,HAWES,ST,NULL
HAWKINS LN,HAWKINS,LN,NULL
HAWTHORNE ST,HAWTHORNE,ST,NULL
HAYES ST,HAYES,ST,NULL
HAYS ST,HAYS,ST,NULL
HAYWARD ST,HAYWARD,ST,NULL
HAZELWOOD AVE,HAZELWOOD,AVE,NULL
HEAD ST,HEAD,ST,NULL
HEALY AVE,HEALY,AVE,NULL
HEARST AVE,HEARST,AVE,NULL
HEATHER AVE,HEATHER,AVE,NULL
HELEN ST,HELEN,ST,NULL
HELENA ST,HELENA,ST,NULL
HEMLOCK ST,HEMLOCK,ST,NULL
HEMWAY TER,HEMWAY,TER,NULL
HENRY ST,HENRY,ST,NULL
HENRY ADAMS ST,HENRY ADAMS,ST,NULL
HERITAGE LN,HERITAGE,LN,NULL
HERMANN ST,HERMANN,ST,NULL
HERNANDEZ AVE,HERNANDEZ,AVE,NULL
HERON ST,HERON,ST,NULL
HESTER AVE,HESTER,AVE,NULL
HEYMAN AVE,HEYMAN,AVE,NULL
HICKORY ST,HICKORY,ST,NULL
HICKS RD,HICKS,RD,NULL
HIDALGO TER,HIDALGO,TER,NULL
HIGH ST,HIGH,ST,NULL
HIGHLAND AVE,HIGHLAND,AVE,NULL
HIGUERA AVE,HIGUERA,AVE,NULL
HILIRITAS AVE,HILIRITAS,AVE,NULL
HILL DR,HILL,DR,NULL
HILL ST,HILL,ST,NULL
HILL POINT AVE,HILL POINT,AVE,NULL
HILLCREST CT,HILLCREST,CT,NULL
HILLCREST RD,HILLCREST,RD,NULL
HILLSIDE LN,HILLSIDE,LN,NULL
HILLVIEW CT,HILLVIEW,CT,NULL
HILLWAY AVE,HILLWAY,AVE,NULL
HILTON ST,HILTON,ST,NULL
HIMMELMANN PL,HIMMELMANN,PL,NULL
HITCHCOCK LN,HITCHCOCK,LN,NULL
HITCHCOCK ST,HITCHCOCK,ST,NULL
HOBART ALY,HOBART,ALY,NULL
HODGES ALY,HODGES,ALY,NULL
HOFF ST,HOFF,ST,NULL
HOFFMAN AVE,HOFFMAN,AVE,NULL
HOFFMAN ST,HOFFMAN,ST,NULL
HOLLADAY AVE,HOLLADAY,AVE,NULL
HOLLIS ST,HOLLIS,ST,NULL
HOLLISTER AVE,HOLLISTER,AVE,NULL
HOLLOWAY AVE,HOLLOWAY,AVE,NULL
HOLLY PARK CIR,HOLLY PARK,CIR,NULL
HOLLYWOOD CT,HOLLYWOOD,CT,NULL
HOLYOKE ST,HOLYOKE,ST,NULL
HOMER ST,HOMER,ST,NULL
HOMESTEAD ST,HOMESTEAD,ST,NULL
HOMEWOOD CT,HOMEWOOD,CT,NULL
HOOKER ALY,HOOKER,ALY,NULL
HOOPER ST,HOOPER,ST,NULL
HOPKINS AVE,HOPKINS,AVE,NULL
HORACE ST,HORACE,ST,NULL
HORNE AVE,HORNE,AVE,NULL
HOTALING PL,HOTALING,PL,NULL
HOUSTON ST,HOUSTON,ST,NULL
HOWARD CT,HOWARD,CT,NULL
HOWARD RD,HOWARD,RD,NULL
HOWARD ST,HOWARD,ST,NULL
HOWTH ST,HOWTH,ST,NULL
HUBBELL ST,HUBBELL,ST,NULL
HUDSON AVE,HUDSON,AVE,NULL
HUGO ST,HUGO,ST,NULL
HULBERT ALY,HULBERT,ALY,NULL
HUMBOLDT ST,HUMBOLDT,ST,NULL
HUNT ST,HUNT,ST,NULL
HUNTER RD,HUNTER,RD,NULL
HUNTER ST,HUNTER,ST,NULL
HUNTERS POINT BLVD,HUNTERS POINT,BLVD,NULL
HUNTERS POINT EXPY,HUNTERS POINT,EXPY,NULL
HUNTINGTON DR,HUNTINGTON,DR,NULL
HURON AVE,HURON,AVE,NULL
HUSSEY ST,HUSSEY,ST,NULL
HUTCHINS CT,HUTCHINS,CT,NULL
HWY 1 NORTHBOUND,HWY 1 NORTHBOUND,NULL,NULL
HWY 1 SOUTHBOUND,HWY 1 SOUTHBOUND,NULL,NULL
HWY 1 TO HWY 101 NORTHBOUND RAMP,HWY 1 TO HWY 101 NORTHBOUND,RAMP,NULL
HWY 1 TO HWY 101 SOUTHBOUND RAMP,HWY 1 TO HWY 101 SOUTHBOUND,RAMP,NULL
HWY 101 N OFF RAMP,HWY 101 N OFF,RAMP,NULL
HWY 101 N ON RAMP,HWY 101 N ON,RAMP,NULL
HWY 101 NORTHBOUND,HWY 101 NORTHBOUND,NULL,NULL
HWY 101 NORTHBOUND RAMP,HWY 101 NORTHBOUND,RAMP,NULL
HWY 101 S OFF RAMP,HWY 101 S OFF,RAMP,NULL
HWY 101 S ON RAMP,HWY 101 S ON,RAMP,NULL
HWY 101 SOUTHBOUND,HWY 101 SOUTHBOUND,NULL,NULL
HWY 101 SOUTHBOUND RAMP,HWY 101 SOUTHBOUND,RAMP,NULL
HWY 101 TO HWY 1 RAMP,HWY 101 TO HWY 1,RAMP,NULL
HWY 101 TO I-280 RAMP,HWY 101 TO I-280,RAMP,NULL
HWY 101 TO I-80 RAMP,HWY 101 TO I-80,RAMP,NULL
HYDE ST,HYDE,ST,NULL
I ST,I,ST,NULL
I-280 N OFF RAMP,I-280 N OFF,RAMP,NULL
I-280 N ON RAMP,I-280 N ON,RAMP,NULL
I-280 NORTHBOUND,I-280 NORTHBOUND,NULL,NULL
I-280 S OFF RAMP,I-280 S OFF,RAMP,NULL
I-280 S ON RAMP,I-280 S ON,RAMP,NULL
I-280 SOUTHBOUND,I-280 SOUTHBOUND,NULL,NULL
JUANITA WAY,JUANITA,WAY,NULL
I-280 TO HWY 101 RAMP,I-280 TO HWY 101,RAMP,NULL
I-80 E OFF RAMP,I-80 E OFF,RAMP,NULL
I-80 E ON RAMP,I-80 E ON,RAMP,NULL
I-80 EASTBOUND,I-80 EASTBOUND,NULL,NULL
I-80 TO HWY 101 RAMP,I-80 TO HWY 101,RAMP,NULL
I-80 W OFF RAMP,I-80 W OFF,RAMP,NULL
I-80 W ON RAMP,I-80 W ON,RAMP,NULL
I-80 WESTBOUND,I-80 WESTBOUND,NULL,NULL
ICEHOUSE ALY,ICEHOUSE,ALY,NULL
IDORA AVE,IDORA,AVE,NULL
IGNACIO AVE,IGNACIO,AVE,NULL
ILLINOIS ST,ILLINOIS,ST,NULL
ILS LN,ILS,LN,NULL
IMPERIAL ALY,IMPERIAL,ALY,NULL
INA CT,INA,CT,NULL
INCA LN,INCA,LN,NULL
INCINERATOR RD,INCINERATOR,RD,NULL
INDIA ST,INDIA,ST,NULL
INDIANA ST,INDIANA,ST,NULL
INDUSTRIAL ST,INDUSTRIAL,ST,NULL
INDUSTRIAL ST OFF RAMP,INDUSTRIAL ST OFF,RAMP,NULL
INDUSTRIAL ST ON RAMP,INDUSTRIAL ST ON,RAMP,NULL
INFANTRY TER,INFANTRY,TER,NULL
INGALLS ST,INGALLS,ST,NULL
INGERSON AVE,INGERSON,AVE,NULL
INGLESIDE PATH,INGLESIDE,PATH,NULL
INNES AVE,INNES,AVE,NULL
PHILLIPS LN,PHILLIPS,LN,NULL
INVERNESS DR,INVERNESS,DR,NULL
IOWA ST,IOWA,ST,NULL
IRIS AVE,IRIS,AVE,NULL
IRON ALY,IRON,ALY,NULL
BRUTON ST,BRUTON,ST,NULL
IRVING ST,IRVING,ST,NULL
IRWIN ST,IRWIN,ST,NULL
ISADORA DUNCAN LN,ISADORA DUNCAN,LN,NULL
ISIS ST,ISIS,ST,NULL
ISLAIS ST,ISLAIS,ST,NULL
ISOLA WAY,ISOLA,WAY,NULL
ISSLEIB AVE,ISSLEIB,AVE,NULL
ITALY AVE,ITALY,AVE,NULL
IVY ST,IVY,ST,NULL
J ST,J,ST,NULL
JACK BALESTRERI WAY,JACK BALESTRERI,WAY,NULL
JACK KEROUAC ALY,JACK KEROUAC,ALY,NULL
JACK LONDON ALY,JACK LONDON,ALY,NULL
JACK MICHELINE ALY,JACK MICHELINE,ALY,NULL
JACKSON ST,JACKSON,ST,NULL
JADE PL,JADE,PL,NULL
JAKEY CT,JAKEY,CT,NULL
JAMES PL,JAMES,PL,NULL
JAMESTOWN AVE,JAMESTOWN,AVE,NULL
JANSEN ST,JANSEN,ST,NULL
JARBOE AVE,JARBOE,AVE,NULL
JASON CT,JASON,CT,NULL
JASPER PL,JASPER,PL,NULL
JAUSS ST,JAUSS,ST,NULL
JAVA ST,JAVA,ST,NULL
JEAN WAY,JEAN,WAY,NULL
JEFFERSON ST,JEFFERSON,ST,NULL
JENNIFER PL,JENNIFER,PL,NULL
JENNINGS CT,JENNINGS,CT,NULL
JENNINGS ST,JENNINGS,ST,NULL
JEROME ALY,JEROME,ALY,NULL
JERROLD AVE,JERROLD,AVE,NULL
JERSEY ST,JERSEY,ST,NULL
JESSIE ST,JESSIE,ST,NULL
JESSIE EAST ST,JESSIE EAST,ST,NULL
JESSIE WEST ST,JESSIE WEST,ST,NULL
JEWETT ST,JEWETT,ST,NULL
JOHN ST,JOHN,ST,NULL
JOHN F KENNEDY DR,JOHN F KENNEDY,DR,NULL
JOHN F SHELLEY DR,JOHN F SHELLEY,DR,NULL
JOHN MAHER ST,JOHN MAHER,ST,NULL
JOHN MUIR DR,JOHN MUIR,DR,NULL
JOHNSTONE DR,JOHNSTONE,DR,NULL
JOICE ST,JOICE,ST,NULL
JONES ST,JONES,ST,NULL
JOOST AVE,JOOST,AVE,NULL
JORDAN AVE,JORDAN,AVE,NULL
JOSE SARRIA CT,JOSE SARRIA,CT,NULL
JOSEPHA AVE,JOSEPHA,AVE,NULL
JOSIAH AVE,JOSIAH,AVE,NULL
JOY ST,JOY,ST,NULL
JUAN BAUTISTA CIR,JUAN BAUTISTA,CIR,NULL
JUDAH ST,JUDAH,ST,NULL
JUDSON AVE,JUDSON,AVE,NULL
JULES AVE,JULES,AVE,NULL
JULIA ST,JULIA,ST,NULL
JULIAN AVE,JULIAN,AVE,NULL
JULIUS ST,JULIUS,ST,NULL
JUNIOR TER,JUNIOR,TER,NULL
JUNIPER ST,JUNIPER,ST,NULL
JUNIPERO SERRA BLVD,JUNIPERO SERRA,BLVD,NULL
JUNIPERO SERRA BLVD OFF RAMP,JUNIPERO SERRA BLVD OFF,RAMP,NULL
JUNIPERO SERRA BLVD ON RAMP,JUNIPERO SERRA BLVD ON,RAMP,NULL
JURI ST,JURI,ST,NULL
JUSTIN DR,JUSTIN,DR,NULL
KALMANOVITZ ST,KALMANOVITZ,ST,NULL
KAMILLE CT,KAMILLE,CT,NULL
KANSAS ST,KANSAS,ST,NULL
KAPLAN LN,KAPLAN,LN,NULL
KAREN CT,KAREN,CT,NULL
KATE ST,KATE,ST,NULL
KEARNY LN,KEARNY,LN,NULL
KEARNY ST,KEARNY,ST,NULL
KEITH ST,KEITH,ST,NULL
KELLOCH AVE,KELLOCH,AVE,NULL
KEMPTON AVE,KEMPTON,AVE,NULL
KENDALL DR,KENDALL,DR,NULL
MRS. JACKSON WAY,MRS. JACKSON,WAY,NULL
KENNETH REXROTH PL,KENNETH REXROTH,PL,NULL
KENNY ALY,KENNY,ALY,NULL
KENSINGTON WAY,KENSINGTON,WAY,NULL
KENT ST,KENT,ST,NULL
KENWOOD WAY,KENWOOD,WAY,NULL
KEPPLER CT,KEPPLER,CT,NULL
KERN ST,KERN,ST,NULL
KEY AVE,KEY,AVE,NULL
KEYES ALY,KEYES,ALY,NULL
KEYES AVE,KEYES,AVE,NULL
KEYSTONE WAY,KEYSTONE,WAY,NULL
KEZAR DR,KEZAR,DR,NULL
KIMBALL PL,KIMBALL,PL,NULL
KING ST,KING,ST,NULL
KINGSTON ST,KINGSTON,ST,NULL
KINZEY ST,KINZEY,ST,NULL
KIRKHAM ST,KIRKHAM,ST,NULL
KIRKWOOD AVE,KIRKWOOD,AVE,NULL
KISKA RD,KISKA,RD,NULL
KISSLING ST,KISSLING,ST,NULL
KITTREDGE TER,KITTREDGE,TER,NULL
KNOCKASH HL,KNOCKASH,HL,NULL
KNOLLVIEW WAY,KNOLLVIEW,WAY,NULL
KNOTT CT,KNOTT,CT,NULL
KOBBE AVE,KOBBE,AVE,NULL
KOHLER PL,KOHLER,PL,NULL
KORET WAY,KORET,WAY,NULL
KRAMER PL,KRAMER,PL,NULL
KRAUSGRILL PL,KRAUSGRILL,PL,NULL
KRONQUIST CT,KRONQUIST,CT,NULL
LA AVANZADA,LA AVANZADA,NULL,NULL
LA BICA WAY,LA BICA,WAY,NULL
LA FERRERA TER,LA FERRERA,TER,NULL
LA GRANDE AVE,LA GRANDE,AVE,NULL
LA PLAYA,LA PLAYA,NULL,NULL
LA SALLE AVE,LA SALLE,AVE,NULL
LAFAYETTE ST,LAFAYETTE,ST,NULL
LAGUNA ST,LAGUNA,ST,NULL
LAGUNA HONDA BLVD,LAGUNA HONDA,BLVD,NULL
LAGUNITAS DR,LAGUNITAS,DR,NULL
LAIDLEY ST,LAIDLEY,ST,NULL
LAKE ST,LAKE,ST,NULL
LAKE FOREST CT,LAKE FOREST,CT,NULL
LAKE MERCED BLVD,LAKE MERCED,BLVD,NULL
LAKE MERCED HILL,LAKE MERCED HILL,NULL,NULL
LAKESHORE DR,LAKESHORE,DR,NULL
LAKESHORE PLZ,LAKESHORE,PLZ,NULL
LAKEVIEW AVE,LAKEVIEW,AVE,NULL
LAKEWOOD AVE,LAKEWOOD,AVE,NULL
LAMARTINE ST,LAMARTINE,ST,NULL
LAMSON LN,LAMSON,LN,NULL
LANCASTER LN,LANCASTER,LN,NULL
LANDERS ST,LANDERS,ST,NULL
LANE ST,LANE,ST,NULL
LANGDON CT,LANGDON,CT,NULL
LANGTON ST,LANGTON,ST,NULL
LANSDALE AVE,LANSDALE,AVE,NULL
KELHAM ST,KELHAM,ST,NULL
HARMONIA ST,HARMONIA,ST,NULL
LANSING ST,LANSING,ST,NULL
LAPHAM WAY,LAPHAM,WAY,NULL
LAPIDGE ST,LAPIDGE,ST,NULL
LAPU-LAPU ST,LAPU-LAPU,ST,NULL
LARCH ST,LARCH,ST,NULL
LARKIN ST,LARKIN,ST,NULL
LAS VILLAS CT,LAS VILLAS,CT,NULL
LASKIE ST,LASKIE,ST,NULL
LASSEN ALY,LASSEN,ALY,NULL
LATHROP AVE,LATHROP,AVE,NULL
LATONA ST,LATONA,ST,NULL
LAURA ST,LAURA,ST,NULL
LAUREL ST,LAUREL,ST,NULL
LAUREN CT,LAUREN,CT,NULL
LAUSSAT ST,LAUSSAT,ST,NULL
LAWRENCE AVE,LAWRENCE,AVE,NULL
LAWTON ST,LAWTON,ST,NULL
LE CONTE AVE,LE CONTE,AVE,NULL
LE CONTE CIR,LE CONTE,CIR,NULL
LEAVENWORTH ST,LEAVENWORTH,ST,NULL
LEDYARD ST,LEDYARD,ST,NULL
LEE AVE,LEE,AVE,NULL
LEESE ST,LEESE,ST,NULL
LEGION CT,LEGION,CT,NULL
LEGION OF HONOR DR,LEGION OF HONOR,DR,NULL
LEIDESDORFF ST,LEIDESDORFF,ST,NULL
LELAND AVE,LELAND,AVE,NULL
LENDRUM CT,LENDRUM,CT,NULL
LENOX WAY,LENOX,WAY,NULL
LEO ST,LEO,ST,NULL
LEONA TER,LEONA,TER,NULL
LEROY PL,LEROY,PL,NULL
LESSING ST,LESSING,ST,NULL
LESTER CT,LESTER,CT,NULL
LETTERMAN DR,LETTERMAN,DR,NULL
LETTERMAN HOSPITAL ACCESS,LETTERMAN HOSPITAL ACCESS,NULL,NULL
BURROWS DR,BURROWS,DR,NULL
LEVANT ST,LEVANT,ST,NULL
LEXINGTON ST,LEXINGTON,ST,NULL
LIBERTY ST,LIBERTY,ST,NULL
LICK PL,LICK,PL,NULL
LIEBIG ST,LIEBIG,ST,NULL
LIGGETT AVE,LIGGETT,AVE,NULL
LILAC ST,LILAC,ST,NULL
LILLIAN ST,LILLIAN,ST,NULL
LILY ST,LILY,ST,NULL
LINARES AVE,LINARES,AVE,NULL
LINCOLN BLVD,LINCOLN,BLVD,NULL
LINCOLN CT,LINCOLN,CT,NULL
LINCOLN WAY,LINCOLN,WAY,NULL
LINDA ST,LINDA,ST,NULL
LINDA VISTA STPS,LINDA VISTA,STPS,NULL
LINDEN ST,LINDEN,ST,NULL
LINDSAY CIR,LINDSAY,CIR,NULL
LIPPARD AVE,LIPPARD,AVE,NULL
LISBON ST,LISBON,ST,NULL
LITTLEFIELD TER,LITTLEFIELD,TER,NULL
LIVINGSTON ST,LIVINGSTON,ST,NULL
LLOYD ST,LLOYD,ST,NULL
LOBOS ST,LOBOS,ST,NULL
LOCKSLEY AVE,LOCKSLEY,AVE,NULL
LOCKWOOD ST,LOCKWOOD,ST,NULL
LOCUST ST,LOCUST,ST,NULL
LOEHR ST,LOEHR,ST,NULL
LOIS LN,LOIS,LN,NULL
LOMA VISTA TER,LOMA VISTA,TER,NULL
LOMBARD ST,LOMBARD,ST,NULL
LOMITA AVE,LOMITA,AVE,NULL
LONDON ST,LONDON,ST,NULL
LONE MOUNTAIN TER,LONE MOUNTAIN,TER,NULL
LONG AVE,LONG,AVE,NULL
LONG BRIDGE ST,LONG BRIDGE,ST,NULL
LONGVIEW CT,LONGVIEW,CT,NULL
LOOMIS ST,LOOMIS,ST,NULL
LOPEZ AVE,LOPEZ,AVE,NULL
LORAINE CT,LORAINE,CT,NULL
LORI LN,LORI,LN,NULL
LOS PALMOS DR,LOS PALMOS,DR,NULL
LOTTIE BENNETT LN,LOTTIE BENNETT,LN,NULL
LOUISBURG ST,LOUISBURG,ST,NULL
LOUISIANA ST,LOUISIANA,ST,NULL
LOWELL ST,LOWELL,ST,NULL
LOWER TER,LOWER,TER,NULL
LOWER FORT MASON ST,LOWER FORT MASON,ST,NULL
LOYOLA TER,LOYOLA,TER,NULL
LUCERNE ST,LUCERNE,ST,NULL
LUCKY ST,LUCKY,ST,NULL
LUCY ST,LUCY,ST,NULL
LUDLOW ALY,LUDLOW,ALY,NULL
LULU ALY,LULU,ALY,NULL
LUNADO CT,LUNADO,CT,NULL
LUNADO WAY,LUNADO,WAY,NULL
LUNDEEN ST,LUNDEEN,ST,NULL
LUNDYS LN,LUNDYS,LN,NULL
LUPINE AVE,LUPINE,AVE,NULL
LURLINE ST,LURLINE,ST,NULL
LURMONT TER,LURMONT,TER,NULL
LUSK ST,LUSK,ST,NULL
LYDIA AVE,LYDIA,AVE,NULL
LYELL ST,LYELL,ST,NULL
LYNCH ST,LYNCH,ST,NULL
LYNDHURST DR,LYNDHURST,DR,NULL
LYON ST,LYON,ST,NULL
LYSETTE ST,LYSETTE,ST,NULL
MABEL ALY,MABEL,ALY,NULL
MABINI ST,MABINI,ST,NULL
MABREY CT,MABREY,CT,NULL
MACALLA CT,MACALLA,CT,NULL
MACALLA RD,MACALLA,RD,NULL
MACARTHUR AVE,MACARTHUR,AVE,NULL
MACEDONIA ST,MACEDONIA,ST,NULL
MACONDRAY LN,MACONDRAY,LN,NULL
MADDUX AVE,MADDUX,AVE,NULL
MADERA ST,MADERA,ST,NULL
MADISON ST,MADISON,ST,NULL
MADRID ST,MADRID,ST,NULL
MADRONE AVE,MADRONE,AVE,NULL
MAGELLAN AVE,MAGELLAN,AVE,NULL
MAGNOLIA ST,MAGNOLIA,ST,NULL
MAHAN ST,MAHAN,ST,NULL
MAIDEN LN,MAIDEN,LN,NULL
MAIN DR,MAIN,DR,NULL
MAIN ST,MAIN,ST,NULL
MAJESTIC AVE,MAJESTIC,AVE,NULL
MALDEN ALY,MALDEN,ALY,NULL
MALLORCA WAY,MALLORCA,WAY,NULL
MALTA DR,MALTA,DR,NULL
MALVINA PL,MALVINA,PL,NULL
MANCHESTER ST,MANCHESTER,ST,NULL
MANDALAY LN,MANDALAY,LN,NULL
MANGELS AVE,MANGELS,AVE,NULL
MANOR DR,MANOR,DR,NULL
MANSEAU ST,MANSEAU,ST,NULL
MANSELL ST,MANSELL,ST,NULL
MANSFIELD ST,MANSFIELD,ST,NULL
MANZANITA AVE,MANZANITA,AVE,NULL
MAPLE ST,MAPLE,ST,NULL
MARCELA AVE,MARCELA,AVE,NULL
MARCY PL,MARCY,PL,NULL
MARENGO ST,MARENGO,ST,NULL
MARGARET AVE,MARGARET,AVE,NULL
MARGRAVE PL,MARGRAVE,PL,NULL
MARIETTA DR,MARIETTA,DR,NULL
MARIN ST,MARIN,ST,NULL
MARINA BLVD,MARINA,BLVD,NULL
MARINA GREEN DR,MARINA GREEN,DR,NULL
MARINE DR,MARINE,DR,NULL
MARINER DR,MARINER,DR,NULL
MARION PL,MARION,PL,NULL
MARIPOSA ST,MARIPOSA,ST,NULL
MARIST CT,MARIST,CT,NULL
MARK LN,MARK,LN,NULL
MARK TWAIN PL,MARK TWAIN,PL,NULL
MARKET ST,MARKET,ST,NULL
MARLIN CT,MARLIN,CT,NULL
MARNE AVE,MARNE,AVE,NULL
MARS ST,MARS,ST,NULL
MARSHALL ST,MARSHALL,ST,NULL
MARSILY ST,MARSILY,ST,NULL
MARSTON AVE,MARSTON,AVE,NULL
MARTHA AVE,MARTHA,AVE,NULL
MARTIN LUTHER KING JR DR,MARTIN LUTHER KING JR,DR,NULL
MARTINEZ ST,MARTINEZ,ST,NULL
MARVEL CT,MARVEL,CT,NULL
MARVIEW WAY,MARVIEW,WAY,NULL
MARY ST,MARY,ST,NULL
MARY TERESA ST,MARY TERESA,ST,NULL
MARYLAND ST,MARYLAND,ST,NULL
MASON CT,MASON,CT,NULL
MASON ST,MASON,ST,NULL
MASONIC AVE,MASONIC,AVE,NULL
MASSACHUSETTS ST,MASSACHUSETTS,ST,NULL
MASSASOIT ST,MASSASOIT,ST,NULL
MATEO ST,MATEO,ST,NULL
MATTHEW CT,MATTHEW,CT,NULL
MAULDIN ST,MAULDIN,ST,NULL
MAXWELL CT,MAXWELL,CT,NULL
MAYFAIR DR,MAYFAIR,DR,NULL
MAYFLOWER ST,MAYFLOWER,ST,NULL
MAYNARD ST,MAYNARD,ST,NULL
MAYWOOD DR,MAYWOOD,DR,NULL
MCALLISTER ST,MCALLISTER,ST,NULL
MCCANN ST,MCCANN,ST,NULL
MCCARTHY AVE,MCCARTHY,AVE,NULL
MCCOPPIN ST,MCCOPPIN,ST,NULL
MCCORMICK ST,MCCORMICK,ST,NULL
MCDONALD ST,MCDONALD,ST,NULL
MCDOWELL AVE,MCDOWELL,AVE,NULL
MCKINLEY AVE,MCKINLEY,AVE,NULL
MCKINNON AVE,MCKINNON,AVE,NULL
MCLAREN AVE,MCLAREN,AVE,NULL
MCLAREN LODGE ACCESS RD,MCLAREN LODGE ACCESS,RD,NULL
MCLEA CT,MCLEA,CT,NULL
MCNAIR CT,MCNAIR,CT,NULL
MCRAE LN,MCRAE,LN,NULL
MCRAE ST,MCRAE,ST,NULL
MEACHAM PL,MEACHAM,PL,NULL
MEADE AVE,MEADE,AVE,NULL
MEADOWBROOK DR,MEADOWBROOK,DR,NULL
MEDA AVE,MEDA,AVE,NULL
MEDAU PL,MEDAU,PL,NULL
MEDICAL CENTER WAY,MEDICAL CENTER,WAY,NULL
MEGAN DR,MEGAN,DR,NULL
MELBA AVE,MELBA,AVE,NULL
MELRA CT,MELRA,CT,NULL
MELROSE AVE,MELROSE,AVE,NULL
MENDELL ST,MENDELL,ST,NULL
MENDOSA AVE,MENDOSA,AVE,NULL
MENOHER LN,MENOHER,LN,NULL
MERCATO CT,MERCATO,CT,NULL
MERCED AVE,MERCED,AVE,NULL
MERCEDES WAY,MERCEDES,WAY,NULL
MERCHANT RD,MERCHANT,RD,NULL
MERCHANT ST,MERCHANT,ST,NULL
MERCURY ST,MERCURY,ST,NULL
MERLIN ST,MERLIN,ST,NULL
MERRIAM LN,MERRIAM,LN,NULL
MERRIE WAY,MERRIE,WAY,NULL
MERRILL ST,MERRILL,ST,NULL
MERRIMAC ST,MERRIMAC,ST,NULL
MERRITT ST,MERRITT,ST,NULL
MERSEY ST,MERSEY,ST,NULL
MESA AVE,MESA,AVE,NULL
MESA ST,MESA,ST,NULL
METSON RD,METSON,RD,NULL
MICHIGAN ST,MICHIGAN,ST,NULL
MIDCREST WAY,MIDCREST,WAY,NULL
MIDDLE POINT RD,MIDDLE POINT,RD,NULL
MIDDLE WEST DR,MIDDLE WEST,DR,NULL
MIDDLEFIELD DR,MIDDLEFIELD,DR,NULL
MIDWAY ST,MIDWAY,ST,NULL
MIGUEL ST,MIGUEL,ST,NULL
MILAN TER,MILAN,TER,NULL
MILES CT,MILES,CT,NULL
MILES ST,MILES,ST,NULL
MILEY ST,MILEY,ST,NULL
MILL ST,MILL,ST,NULL
MILLER PL,MILLER,PL,NULL
MILLER RD,MILLER,RD,NULL
MILLWRIGHT COTTAGE ACCESS RD,MILLWRIGHT COTTAGE ACCESS,RD,NULL
MILTON ST,MILTON,ST,NULL
MINERVA ST,MINERVA,ST,NULL
MINNA ST,MINNA,ST,NULL
MINNESOTA ST,MINNESOTA,ST,NULL
MINT PLZ,MINT,PLZ,NULL
MINT ST,MINT,ST,NULL
MIRABEL AVE,MIRABEL,AVE,NULL
MIRALOMA DR,MIRALOMA,DR,NULL
MIRAMAR AVE,MIRAMAR,AVE,NULL
MIRANDO WAY,MIRANDO,WAY,NULL
MISSION ST,MISSION,ST,NULL
BLOSSOM LN,BLOSSOM,LN,NULL
SIXTH ST,SIXTH,ST,NULL
MISSION BAY CIR,MISSION BAY,CIR,NULL
MISSION BAY DR,MISSION BAY,DR,NULL
IRONWOOD WAY,IRONWOOD,WAY,NULL
CATALINA ST,CATALINA,ST,NULL
MISSION ROCK ST,MISSION ROCK,ST,NULL
MISSISSIPPI ST,MISSISSIPPI,ST,NULL
MISSOURI ST,MISSOURI,ST,NULL
MISTRAL ST,MISTRAL,ST,NULL
MIZPAH ST,MIZPAH,ST,NULL
MODOC AVE,MODOC,AVE,NULL
MOFFITT ST,MOFFITT,ST,NULL
MOJAVE ST,MOJAVE,ST,NULL
MOLIMO DR,MOLIMO,DR,NULL
MONCADA WAY,MONCADA,WAY,NULL
MONETA CT,MONETA,CT,NULL
MONETA WAY,MONETA,WAY,NULL
MONO ST,MONO,ST,NULL
MONTAGUE PL,MONTAGUE,PL,NULL
MONTALVO AVE,MONTALVO,AVE,NULL
MONTANA ST,MONTANA,ST,NULL
MONTCALM ST,MONTCALM,ST,NULL
PARK ST,PARK,ST,NULL
MONTCLAIR TER,MONTCLAIR,TER,NULL
MONTE VISTA DR,MONTE VISTA,DR,NULL
MONTECITO AVE,MONTECITO,AVE,NULL
MONTEREY BLVD,MONTEREY,BLVD,NULL
MONTEZUMA ST,MONTEZUMA,ST,NULL
MONTGOMERY ST,MONTGOMERY,ST,NULL
MONTICELLO ST,MONTICELLO,ST,NULL
MONUMENT WAY,MONUMENT,WAY,NULL
MOORE LN,MOORE,LN,NULL
MOORE PL,MOORE,PL,NULL
MORAGA AVE,MORAGA,AVE,NULL
MORAGA ST,MORAGA,ST,NULL
MORELAND ST,MORELAND,ST,NULL
MORGAN ALY,MORGAN,ALY,NULL
MORNINGSIDE DR,MORNINGSIDE,DR,NULL
MORRELL PL,MORRELL,PL,NULL
MORRELL ST,MORRELL,ST,NULL
MORRIS ST,MORRIS,ST,NULL
MORSE ST,MORSE,ST,NULL
MORTON ST,MORTON,ST,NULL
MOSCOW ST,MOSCOW,ST,NULL
MOSS ST,MOSS,ST,NULL
MOULTON ST,MOULTON,ST,NULL
MOULTRIE ST,MOULTRIE,ST,NULL
MOUNT LN,MOUNT,LN,NULL
MOUNT VERNON AVE,MOUNT VERNON,AVE,NULL
MOUNTAIN SPRING AVE,MOUNTAIN SPRING,AVE,NULL
MOUNTVIEW CT,MOUNTVIEW,CT,NULL
MUIR CT,MUIR,CT,NULL
MUIR LOOP,MUIR,LOOP,NULL
MULFORD ALY,MULFORD,ALY,NULL
MULLEN AVE,MULLEN,AVE,NULL
MUNICH ST,MUNICH,ST,NULL
MURRAY LN,MURRAY,LN,NULL
MURRAY ST,MURRAY,ST,NULL
MUSEUM WAY,MUSEUM,WAY,NULL
MUSIC CONCOURSE DR,MUSIC CONCOURSE,DR,NULL
MUSIC CONCOURSE ACCESS RD,MUSIC CONCOURSE ACCESS,RD,NULL
MYRA WAY,MYRA,WAY,NULL
MYRTLE ST,MYRTLE,ST,NULL
NADELL CT,NADELL,CT,NULL
NAGLEE AVE,NAGLEE,AVE,NULL
NAHUA AVE,NAHUA,AVE,NULL
NANCY PELOSI DR,NANCY PELOSI,DR,NULL
NANTUCKET AVE,NANTUCKET,AVE,NULL
NAPIER LN,NAPIER,LN,NULL
NAPLES ST,NAPLES,ST,NULL
NAPOLEON ST,NAPOLEON,ST,NULL
NATICK ST,NATICK,ST,NULL
NATOMA ST,NATOMA,ST,NULL
NAUMAN RD,NAUMAN,RD,NULL
NAUTILUS DR,NAUTILUS,DR,NULL
NAVAJO AVE,NAVAJO,AVE,NULL
NAVY RD,NAVY,RD,NULL
NAYLOR ST,NAYLOR,ST,NULL
NEBRASKA ST,NEBRASKA,ST,NULL
NELLIE ST,NELLIE,ST,NULL
NELSON AVE,NELSON,AVE,NULL
NELSON RISING LN,NELSON RISING,LN,NULL
NEPTUNE ST,NEPTUNE,ST,NULL
NEVADA ST,NEVADA,ST,NULL
NEW MONTGOMERY ST,NEW MONTGOMERY,ST,NULL
NEWBURG ST,NEWBURG,ST,NULL
NEWCOMB AVE,NEWCOMB,AVE,NULL
NEWELL ST,NEWELL,ST,NULL
NEWHALL ST,NEWHALL,ST,NULL
NEWMAN ST,NEWMAN,ST,NULL
NEWTON ST,NEWTON,ST,NULL
NEY ST,NEY,ST,NULL
NIAGARA AVE,NIAGARA,AVE,NULL
NIANTIC AVE,NIANTIC,AVE,NULL
NIBBI CT,NIBBI,CT,NULL
NICHOLS WAY,NICHOLS,WAY,NULL
NIDO AVE,NIDO,AVE,NULL
NIMITZ AVE,NIMITZ,AVE,NULL
NIMITZ DR,NIMITZ,DR,NULL
NIMITZ LN,NIMITZ,LN,NULL
NOB HILL PL,NOB HILL,PL,NULL
NOBLES ALY,NOBLES,ALY,NULL
NOE ST,NOE,ST,NULL
NORDHOFF ST,NORDHOFF,ST,NULL
NORFOLK ST,NORFOLK,ST,NULL
NORIEGA ST,NORIEGA,ST,NULL
NORMANDIE TER,NORMANDIE,TER,NULL
NORTH DR,NORTH,DR,NULL
NORTH 15TH AVE,NORTH 15TH,AVE,NULL
NORTH GATE RD,NORTH GATE,RD,NULL
NORTH HUGHES LN,NORTH HUGHES,LN,NULL
NORTH POINT ST,NORTH POINT,ST,NULL
NORTH VAN HORN LN,NORTH VAN HORN,LN,NULL
NORTH VIEW CT,NORTH VIEW,CT,NULL
NORTHGATE DR,NORTHGATE,DR,NULL
NORTHPOINT DR,NORTHPOINT,DR,NULL
NORTHRIDGE RD,NORTHRIDGE,RD,NULL
NORTHWOOD DR,NORTHWOOD,DR,NULL
NORTON ST,NORTON,ST,NULL
NORWICH ST,NORWICH,ST,NULL
NOTTINGHAM PL,NOTTINGHAM,PL,NULL
NUEVA AVE,NUEVA,AVE,NULL
OAK ST,OAK,ST,NULL
OAK ACCESS RD,OAK ACCESS,RD,NULL
OAK GROVE ST,OAK GROVE,ST,NULL
OAK PARK DR,OAK PARK,DR,NULL
OAKDALE AVE,OAKDALE,AVE,NULL
OAKHURST LN,OAKHURST,LN,NULL
OAKWOOD ST,OAKWOOD,ST,NULL
OCEAN AVE,OCEAN,AVE,NULL
OCEANVIEW TER,OCEANVIEW,TER,NULL
OCTAVIA ST,OCTAVIA,ST,NULL
OFARRELL ST,OFARRELL,ST,NULL
OGDEN AVE,OGDEN,AVE,NULL
OHLONE WAY,OHLONE,WAY,NULL
OLD CHINATOWN LN,OLD CHINATOWN,LN,NULL
OLD MASON ST,OLD MASON,ST,NULL
OLIVE ST,OLIVE,ST,NULL
OLIVER ST,OLIVER,ST,NULL
OLMSTEAD ST,OLMSTEAD,ST,NULL
OLNEY AVE,OLNEY,AVE,NULL
OLORAN AVE,OLORAN,AVE,NULL
OLYMPIA WAY,OLYMPIA,WAY,NULL
OLYMPIC COUNTRY CLUB RD,OLYMPIC COUNTRY CLUB,RD,NULL
OMAR WAY,OMAR,WAY,NULL
ONEIDA AVE,ONEIDA,AVE,NULL
ONIQUE LN,ONIQUE,LN,NULL
ONONDAGA AVE,ONONDAGA,AVE,NULL
OPAL PL,OPAL,PL,NULL
OPALO LN,OPALO,LN,NULL
OPHIR ALY,OPHIR,ALY,NULL
ORA WAY,ORA,WAY,NULL
ORANGE ALY,ORANGE,ALY,NULL
ORBEN PL,ORBEN,PL,NULL
ORD CT,ORD,CT,NULL
ORD ST,ORD,ST,NULL
ORDWAY ST,ORDWAY,ST,NULL
OREILLY AVE,OREILLY,AVE,NULL
ORIOLE WAY,ORIOLE,WAY,NULL
ORIZABA AVE,ORIZABA,AVE,NULL
ORSI CIR,ORSI,CIR,NULL
ORTEGA ST,ORTEGA,ST,NULL
ORTEGA WAY,ORTEGA,WAY,NULL
OSAGE ALY,OSAGE,ALY,NULL
OSCAR ALY,OSCAR,ALY,NULL
OSCEOLA LN,OSCEOLA,LN,NULL
OSGOOD PL,OSGOOD,PL,NULL
OSHAUGHNESSY BLVD,OSHAUGHNESSY,BLVD,NULL
OTEGA AVE,OTEGA,AVE,NULL
OTIS ST,OTIS,ST,NULL
OTSEGO AVE,OTSEGO,AVE,NULL
OTTAWA AVE,OTTAWA,AVE,NULL
OTTER COVE TER,OTTER COVE,TER,NULL
OVERLOOK DR,OVERLOOK,DR,NULL
OWEN ST,OWEN,ST,NULL
OWENS ST,OWENS,ST,NULL
OXFORD ST,OXFORD,ST,NULL
OZBOURN CT,OZBOURN,CT,NULL
PACHECO ST,PACHECO,ST,NULL
PACIFIC AVE,PACIFIC,AVE,NULL
PAGE ST,PAGE,ST,NULL
PAGODA PL,PAGODA,PL,NULL
PALM AVE,PALM,AVE,NULL
PALMETTO AVE,PALMETTO,AVE,NULL
PALO ALTO AVE,PALO ALTO,AVE,NULL
PALOMA AVE,PALOMA,AVE,NULL
PALOS PL,PALOS,PL,NULL
PALOU AVE,PALOU,AVE,NULL
PANAMA ST,PANAMA,ST,NULL
PANORAMA DR,PANORAMA,DR,NULL
PARADISE AVE,PARADISE,AVE,NULL
PARAISO PL,PARAISO,PL,NULL
PARAMOUNT TER,PARAMOUNT,TER,NULL
PARIS ST,PARIS,ST,NULL
PARK BLVD,PARK,BLVD,NULL
PARK HILL AVE,PARK HILL,AVE,NULL
PARK PRESIDIO BLVD,PARK PRESIDIO,BLVD,NULL
PARK PRESIDIO BYPASS DR,PARK PRESIDIO BYPASS,DR,NULL
PARKER AVE,PARKER,AVE,NULL
PARKHURST ALY,PARKHURST,ALY,NULL
PARKRIDGE DR,PARKRIDGE,DR,NULL
PARNASSUS AVE,PARNASSUS,AVE,NULL
PARQUE DR,PARQUE,DR,NULL
PARSONS ST,PARSONS,ST,NULL
PASADENA ST,PASADENA,ST,NULL
PATTEN RD,PATTEN,RD,NULL
PATTERSON ST,PATTERSON,ST,NULL
PATTON CT,PATTON,CT,NULL
PATTON ST,PATTON,ST,NULL
PAUL AVE,PAUL,AVE,NULL
PAULDING ST,PAULDING,ST,NULL
PAYSON ST,PAYSON,ST,NULL
PEABODY ST,PEABODY,ST,NULL
PEARL ST,PEARL,ST,NULL
PEEK LN,PEEK,LN,NULL
PELICAN COVE TER,PELICAN COVE,TER,NULL
PELTON PL,PELTON,PL,NULL
PEMBERTON PL,PEMBERTON,PL,NULL
PENA ST,PENA,ST,NULL
PENINSULA AVE,PENINSULA,AVE,NULL
PENNINGTON ST,PENNINGTON,ST,NULL
PENNSYLVANIA AVE,PENNSYLVANIA,AVE,NULL
PENNY LN,PENNY,LN,NULL
PERALTA AVE,PERALTA,AVE,NULL
PERASTO AVE,PERASTO,AVE,NULL
PEREGO TER,PEREGO,TER,NULL
PERIMETER PATH,PERIMETER,PATH,NULL
PERINE PL,PERINE,PL,NULL
PERRY ST,PERRY,ST,NULL
PERSHING DR,PERSHING,DR,NULL
PERSIA AVE,PERSIA,AVE,NULL
PERU AVE,PERU,AVE,NULL
PETER YORKE WAY,PETER YORKE,WAY,NULL
PETERS AVE,PETERS,AVE,NULL
PETRARCH PL,PETRARCH,PL,NULL
PFEIFFER ST,PFEIFFER,ST,NULL
BRISTOL CT,BRISTOL,CT,NULL
PHELPS ST,PHELPS,ST,NULL
PHOENIX TER,PHOENIX,TER,NULL
PICO AVE,PICO,AVE,NULL
PIEDMONT ST,PIEDMONT,ST,NULL
PIERCE ST,PIERCE,ST,NULL
MAYBECK ST,MAYBECK,ST,NULL
PILGRIM AVE,PILGRIM,AVE,NULL
PINAR LN,PINAR,LN,NULL
PINE ST,PINE,ST,NULL
PINEHURST WAY,PINEHURST,WAY,NULL
PINK ALY,PINK,ALY,NULL
PINO ALY,PINO,ALY,NULL
PINTO AVE,PINTO,AVE,NULL
PIOCHE ST,PIOCHE,ST,NULL
PIPER LOOP,PIPER,LOOP,NULL
PIXLEY ST,PIXLEY,ST,NULL
PIZARRO WAY,PIZARRO,WAY,NULL
PLAZA ST,PLAZA,ST,NULL
PLEASANT ST,PLEASANT,ST,NULL
PLUM ST,PLUM,ST,NULL
PLYMOUTH AVE,PLYMOUTH,AVE,NULL
POINT LOBOS AVE,POINT LOBOS,AVE,NULL
POLARIS WAY,POLARIS,WAY,NULL
POLK ST,POLK,ST,NULL
POLLARD PL,POLLARD,PL,NULL
POLLOCK ST,POLLOCK,ST,NULL
POMONA ST,POMONA,ST,NULL
POND ST,POND,ST,NULL
PONTIAC ST,PONTIAC,ST,NULL
POPE CT,POPE,CT,NULL
POPE RD,POPE,RD,NULL
POPE ST,POPE,ST,NULL
POPLAR ST,POPLAR,ST,NULL
POPPY LN,POPPY,LN,NULL
PORTAL DR,PORTAL,DR,NULL
PORTAL PATH,PORTAL,PATH,NULL
PORTER ST,PORTER,ST,NULL
PORTOLA DR,PORTOLA,DR,NULL
PORTOLA ST,PORTOLA,ST,NULL
POST ST,POST,ST,NULL
POTOMAC ST,POTOMAC,ST,NULL
POTRERO AVE,POTRERO,AVE,NULL
POWELL ST,POWELL,ST,NULL
POWERS AVE,POWERS,AVE,NULL
POWHATTAN AVE,POWHATTAN,AVE,NULL
PRADO ST,PRADO,ST,NULL
PRAGUE ST,PRAGUE,ST,NULL
PRATT PL,PRATT,PL,NULL
PRECITA AVE,PRECITA,AVE,NULL
PRENTISS ST,PRENTISS,ST,NULL
PRESCOTT CT,PRESCOTT,CT,NULL
PRESIDIO AVE,PRESIDIO,AVE,NULL
PRESIDIO BLVD,PRESIDIO,BLVD,NULL
PRESIDIO TER,PRESIDIO,TER,NULL
PRETOR WAY,PRETOR,WAY,NULL
PRIEST ST,PRIEST,ST,NULL
PRINCETON ST,PRINCETON,ST,NULL
PROGRESS ST,PROGRESS,ST,NULL
PROSPECT AVE,PROSPECT,AVE,NULL
PROSPER ST,PROSPER,ST,NULL
PUBLIC PARK,PUBLIC,PARK,NULL
PUEBLO ST,PUEBLO,ST,NULL
PULASKI AVE,PULASKI,AVE,NULL
PUTNAM ST,PUTNAM,ST,NULL
QUANE ST,QUANE,ST,NULL
QUARRY RD,QUARRY,RD,NULL
QUARTZ WAY,QUARTZ,WAY,NULL
QUEBEC AVE,QUEBEC,AVE,NULL
QUESADA AVE,QUESADA,AVE,NULL
QUICKSTEP LN,QUICKSTEP,LN,NULL
QUINCY ST,QUINCY,ST,NULL
QUINT ST,QUINT,ST,NULL
QUINTARA ST,QUINTARA,ST,NULL
R ST,R,ST,NULL
RACCOON DR,RACCOON,DR,NULL
RACINE LN,RACINE,LN,NULL
RADIO TER,RADIO,TER,NULL
RAE AVE,RAE,AVE,NULL
RALEIGH ST,RALEIGH,ST,NULL
RALSTON AVE,RALSTON,AVE,NULL
RALSTON ST,RALSTON,ST,NULL
RAMONA AVE,RAMONA,AVE,NULL
RAMSEL CT,RAMSEL,CT,NULL
RAMSELL ST,RAMSELL,ST,NULL
RANDALL ST,RANDALL,ST,NULL
RANDOLPH ST,RANDOLPH,ST,NULL
RANKIN ST,RANKIN,ST,NULL
RAUSCH ST,RAUSCH,ST,NULL
RAVENWOOD DR,RAVENWOOD,DR,NULL
RAWLES ST,RAWLES,ST,NULL
RAYBURN ST,RAYBURN,ST,NULL
RAYCLIFF TER,RAYCLIFF,TER,NULL
RAYMOND AVE,RAYMOND,AVE,NULL
REARDON RD,REARDON,RD,NULL
REBECCA LN,REBECCA,LN,NULL
RECYCLE RD,RECYCLE,RD,NULL
RECYCLING CENTER ACCESS RD,RECYCLING CENTER ACCESS,RD,NULL
RED LEAF CT,RED LEAF,CT,NULL
RED ROCK WAY,RED ROCK,WAY,NULL
REDDY ST,REDDY,ST,NULL
REDFIELD ALY,REDFIELD,ALY,NULL
REDONDO ST,REDONDO,ST,NULL
REDWOOD ST,REDWOOD,ST,NULL
REED ST,REED,ST,NULL
REEVES CT,REEVES,CT,NULL
REGENT ST,REGENT,ST,NULL
RENO PL,RENO,PL,NULL
REPOSA WAY,REPOSA,WAY,NULL
RESERVOIR ST,RESERVOIR,ST,NULL
RESTANI STWY,RESTANI,STWY,NULL
RESTANI WAY,RESTANI,WAY,NULL
RETIRO WAY,RETIRO,WAY,NULL
REUEL CT,REUEL,CT,NULL
REVERE AVE,REVERE,AVE,NULL
REX AVE,REX,AVE,NULL
REY ST,REY,ST,NULL
RHINE ST,RHINE,ST,NULL
RHODE ISLAND ST,RHODE ISLAND,ST,NULL
RICE ST,RICE,ST,NULL
RICHARD HENRY DANA PL,RICHARD HENRY DANA,PL,NULL
RICHARDS CIR,RICHARDS,CIR,NULL
RICHARDSON AVE,RICHARDSON,AVE,NULL
RICHLAND AVE,RICHLAND,AVE,NULL
RICHTER AVE,RICHTER,AVE,NULL
RICKARD ST,RICKARD,ST,NULL
RICO WAY,RICO,WAY,NULL
RIDGE CT,RIDGE,CT,NULL
RIDGE LN,RIDGE,LN,NULL
RIDGEWOOD AVE,RIDGEWOOD,AVE,NULL
RILEY AVE,RILEY,AVE,NULL
RINCON ST,RINCON,ST,NULL
RINGOLD ST,RINGOLD,ST,NULL
RIO CT,RIO,CT,NULL
RIO VERDE ST,RIO VERDE,ST,NULL
RIPLEY ST,RIPLEY,ST,NULL
RITCH ST,RITCH,ST,NULL
RIVAS AVE,RIVAS,AVE,NULL
RIVERA ST,RIVERA,ST,NULL
RIVERTON DR,RIVERTON,DR,NULL
RIVOLI ST,RIVOLI,ST,NULL
RIZAL ST,RIZAL,ST,NULL
ROACH ST,ROACH,ST,NULL
ROANOKE ST,ROANOKE,ST,NULL
ROBBLEE AVE,ROBBLEE,AVE,NULL
ROBERT C LEVY TUNL,ROBERT C LEVY,TUNL,NULL
ROBERT KIRK LN,ROBERT KIRK,LN,NULL
ROBINHOOD DR,ROBINHOOD,DR,NULL
ROBINSON DR,ROBINSON,DR,NULL
ROBINSON ST,ROBINSON,ST,NULL
ROCK ALY,ROCK,ALY,NULL
ROCKAWAY AVE,ROCKAWAY,AVE,NULL
ROCKDALE DR,ROCKDALE,DR,NULL
ROCKLAND ST,ROCKLAND,ST,NULL
ROCKRIDGE DR,ROCKRIDGE,DR,NULL
ROCKWOOD CT,ROCKWOOD,CT,NULL
ROD RD,ROD,RD,NULL
RODGERS ST,RODGERS,ST,NULL
RODRIGUEZ ST,RODRIGUEZ,ST,NULL
ROEMER WAY,ROEMER,WAY,NULL
ROLPH ST,ROLPH,ST,NULL
ROMAIN ST,ROMAIN,ST,NULL
ROME ST,ROME,ST,NULL
ROMOLO ST,ROMOLO,ST,NULL
RONDEL PL,RONDEL,PL,NULL
ROOSEVELT WAY,ROOSEVELT,WAY,NULL
ROSA PARKS LN,ROSA PARKS,LN,NULL
ROSCOE ST,ROSCOE,ST,NULL
ROSE ST,ROSE,ST,NULL
ROSELLA CT,ROSELLA,CT,NULL
ROSELYN TER,ROSELYN,TER,NULL
ROSEMARY CT,ROSEMARY,CT,NULL
ROSEMONT PL,ROSEMONT,PL,NULL
ROSENKRANZ ST,ROSENKRANZ,ST,NULL
ROSEWOOD DR,ROSEWOOD,DR,NULL
ROSIE LEE LN,ROSIE LEE,LN,NULL
ROSS ALY,ROSS,ALY,NULL
ROSSI AVE,ROSSI,AVE,NULL
ROSSMOOR DR,ROSSMOOR,DR,NULL
ROTTECK ST,ROTTECK,ST,NULL
ROUSSEAU ST,ROUSSEAU,ST,NULL
ROYAL LN,ROYAL,LN,NULL
RUCKMAN AVE,RUCKMAN,AVE,NULL
RUDDEN AVE,RUDDEN,AVE,NULL
RUGER ST,RUGER,ST,NULL
RUSS ST,RUSS,ST,NULL
RUSSELL ST,RUSSELL,ST,NULL
RUSSIA AVE,RUSSIA,AVE,NULL
RUSSIAN HILL PL,RUSSIAN HILL,PL,NULL
RUTH ST,RUTH,ST,NULL
RUTLAND ST,RUTLAND,ST,NULL
RUTLEDGE ST,RUTLEDGE,ST,NULL
SABIN PL,SABIN,PL,NULL
SACRAMENTO ST,SACRAMENTO,ST,NULL
SADDLEBACK DR,SADDLEBACK,DR,NULL
SADOWA ST,SADOWA,ST,NULL
SAFIRA LN,SAFIRA,LN,NULL
SAGAMORE ST,SAGAMORE,ST,NULL
SAINT CHARLES AVE,SAINT CHARLES,AVE,NULL
SAINT CROIX DR,SAINT CROIX,DR,NULL
SAINT ELMO WAY,SAINT ELMO,WAY,NULL
SAINT FRANCIS BLVD,SAINT FRANCIS,BLVD,NULL
SAINT FRANCIS PL,SAINT FRANCIS,PL,NULL
SAINT GEORGE ALY,SAINT GEORGE,ALY,NULL
SAINT GERMAIN AVE,SAINT GERMAIN,AVE,NULL
SAINT JOSEPHS AVE,SAINT JOSEPHS,AVE,NULL
SAINT LOUIS ALY,SAINT LOUIS,ALY,NULL
SAINT MARYS AVE,SAINT MARYS,AVE,NULL
SAL ST,SAL,ST,NULL
SALA TER,SALA,TER,NULL
SALINAS AVE,SALINAS,AVE,NULL
SALMON ST,SALMON,ST,NULL
SAMOSET ST,SAMOSET,ST,NULL
SAMPSON AVE,SAMPSON,AVE,NULL
SAN ALESO AVE,SAN ALESO,AVE,NULL
SAN ANDREAS WAY,SAN ANDREAS,WAY,NULL
SAN ANSELMO AVE,SAN ANSELMO,AVE,NULL
SAN ANTONIO PL,SAN ANTONIO,PL,NULL
SAN BENITO WAY,SAN BENITO,WAY,NULL
SAN BRUNO AVE,SAN BRUNO,AVE,NULL
SAN BRUNO AV OFF RAMP,SAN BRUNO AV OFF,RAMP,NULL
SAN BRUNO AV ON RAMP,SAN BRUNO AV ON,RAMP,NULL
SAN BUENAVENTURA WAY,SAN BUENAVENTURA,WAY,NULL
SAN CARLOS ST,SAN CARLOS,ST,NULL
SAN DIEGO AVE,SAN DIEGO,AVE,NULL
SAN FELIPE AVE,SAN FELIPE,AVE,NULL
SAN FERNANDO WAY,SAN FERNANDO,WAY,NULL
SAN GABRIEL AVE,SAN GABRIEL,AVE,NULL
SAN JACINTO WAY,SAN JACINTO,WAY,NULL
SAN JOSE AVE,SAN JOSE,AVE,NULL
SAN JOSE AV OFF RAMP,SAN JOSE AV OFF,RAMP,NULL
SAN JOSE AV ON RAMP,SAN JOSE AV ON,RAMP,NULL
SAN JUAN AVE,SAN JUAN,AVE,NULL
SAN LEANDRO WAY,SAN LEANDRO,WAY,NULL
SAN LORENZO WAY,SAN LORENZO,WAY,NULL
SAN LUIS AVE,SAN LUIS,AVE,NULL
SAN MARCOS AVE,SAN MARCOS,AVE,NULL
SAN MIGUEL ST,SAN MIGUEL,ST,NULL
SAN PABLO AVE,SAN PABLO,AVE,NULL
SAN RAFAEL WAY,SAN RAFAEL,WAY,NULL
SAN RAMON WAY,SAN RAMON,WAY,NULL
SANCHES ST,SANCHES,ST,NULL
SANCHEZ ST,SANCHEZ,ST,NULL
SANDPIPER COVE WAY,SANDPIPER COVE,WAY,NULL
SANSOME ST,SANSOME,ST,NULL
SANTA ANA AVE,SANTA ANA,AVE,NULL
SANTA BARBARA AVE,SANTA BARBARA,AVE,NULL
SANTA CLARA AVE,SANTA CLARA,AVE,NULL
SANTA CRUZ AVE,SANTA CRUZ,AVE,NULL
SANTA FE AVE,SANTA FE,AVE,NULL
SANTA MARINA ST,SANTA MARINA,ST,NULL
SANTA MONICA WAY,SANTA MONICA,WAY,NULL
SANTA PAULA AVE,SANTA PAULA,AVE,NULL
SANTA RITA AVE,SANTA RITA,AVE,NULL
SANTA ROSA AVE,SANTA ROSA,AVE,NULL
SANTA YNEZ AVE,SANTA YNEZ,AVE,NULL
SANTA YSABEL AVE,SANTA YSABEL,AVE,NULL
SANTIAGO ST,SANTIAGO,ST,NULL
SANTOS ST,SANTOS,ST,NULL
SARGENT ST,SARGENT,ST,NULL
SAROYAN PL,SAROYAN,PL,NULL
SATURN ST,SATURN,ST,NULL
SAUL ST,SAUL,ST,NULL
SAWYER ST,SAWYER,ST,NULL
SCENIC WAY,SCENIC,WAY,NULL
SCHOFIELD CT,SCHOFIELD,CT,NULL
SCHOFIELD RD,SCHOFIELD,RD,NULL
SCHOOL ALY,SCHOOL,ALY,NULL
SCHWERIN ST,SCHWERIN,ST,NULL
SCIENCE CIR,SCIENCE,CIR,NULL
SCOTIA AVE,SCOTIA,AVE,NULL
SCOTLAND ST,SCOTLAND,ST,NULL
SCOTT ALY,SCOTT,ALY,NULL
SCOTT ST,SCOTT,ST,NULL
SEA VIEW TER,SEA VIEW,TER,NULL
SEACLIFF AVE,SEACLIFF,AVE,NULL
SEAL COVE TER,SEAL COVE,TER,NULL
SEAL ROCK DR,SEAL ROCK,DR,NULL
SEARS ST,SEARS,ST,NULL
SEAWELL LN,SEAWELL,LN,NULL
SECOND DR,SECOND,DR,NULL
SECURITY PACIFIC PL,SECURITY PACIFIC,PL,NULL
SELBY ST,SELBY,ST,NULL
SELMA WAY,SELMA,WAY,NULL
SEMINOLE AVE,SEMINOLE,AVE,NULL
SENECA AVE,SENECA,AVE,NULL
SEQUOIA WAY,SEQUOIA,WAY,NULL
SERGEANT JOHN V YOUNG ST,SERGEANT JOHN V YOUNG,ST,NULL
SERRANO DR,SERRANO,DR,NULL
SERVICE ST,SERVICE,ST,NULL
SEVERN ST,SEVERN,ST,NULL
SEVILLE ST,SEVILLE,ST,NULL
SEWARD ST,SEWARD,ST,NULL
SEYMOUR ST,SEYMOUR,ST,NULL
SFGH ACCESS,SFGH ACCESS,NULL,NULL
SHAFTER AVE,SHAFTER,AVE,NULL
SHAFTER CT,SHAFTER,CT,NULL
SHAFTER RD,SHAFTER,RD,NULL
SHAKESPEARE ST,SHAKESPEARE,ST,NULL
SHANNON ST,SHANNON,ST,NULL
SHARON ST,SHARON,ST,NULL
SHARP PL,SHARP,PL,NULL
SHAW ALY,SHAW,ALY,NULL
SHAWNEE AVE,SHAWNEE,AVE,NULL
SHELDON TER,SHELDON,TER,NULL
SHEPHARD PL,SHEPHARD,PL,NULL
SHERIDAN AVE,SHERIDAN,AVE,NULL
SHERIDAN ST,SHERIDAN,ST,NULL
SHERMAN RD,SHERMAN,RD,NULL
SHERMAN ST,SHERMAN,ST,NULL
SHERWOOD CT,SHERWOOD,CT,NULL
SHIELDS ST,SHIELDS,ST,NULL
SHIP ST,SHIP,ST,NULL
SHIPLEY ST,SHIPLEY,ST,NULL
SHORE VIEW AVE,SHORE VIEW,AVE,NULL
SHORT ST,SHORT,ST,NULL
SHOTWELL ST,SHOTWELL,ST,NULL
SHOUP AVE,SHOUP,AVE,NULL
SHRADER ST,SHRADER,ST,NULL
SIBERT LN,SIBERT,LN,NULL
SIBERT LOOP,SIBERT,LOOP,NULL
SIBLEY RD,SIBLEY,RD,NULL
SICKLES AVE,SICKLES,AVE,NULL
SIERRA ST,SIERRA,ST,NULL
SIGNAL RD,SIGNAL,RD,NULL
SILLIMAN ST,SILLIMAN,ST,NULL
SILVER AVE,SILVER,AVE,NULL
SILVERVIEW DR,SILVERVIEW,DR,NULL
SIMONDS LOOP,SIMONDS,LOOP,NULL
INDIES PL,INDIES,PL,NULL
SKYLINE BLVD,SKYLINE,BLVD,NULL
SKYVIEW WAY,SKYVIEW,WAY,NULL
SLOAT BLVD,SLOAT,BLVD,NULL
SMITH LN,SMITH,LN,NULL
SOLA AVE,SOLA,AVE,NULL
SOMERSET ST,SOMERSET,ST,NULL
SONOMA ST,SONOMA,ST,NULL
SOTELO AVE,SOTELO,AVE,NULL
SOULE LN,SOULE,LN,NULL
SOUTH DR,SOUTH,DR,NULL
DUNLIN LN,DUNLIN,LN,NULL
SOUTH GATE RD,SOUTH GATE,RD,NULL
SOUTH HILL BLVD,SOUTH HILL,BLVD,NULL
SOUTH HUGHES LN,SOUTH HUGHES,LN,NULL
SOUTH PARK,SOUTH PARK,NULL,NULL
SOUTH VAN HORN LN,SOUTH VAN HORN,LN,NULL
SOUTH VAN NESS AVE,SOUTH VAN NESS,AVE,NULL
SOUTHARD PL,SOUTHARD,PL,NULL
SOUTHERN HEIGHTS AVE,SOUTHERN HEIGHTS,AVE,NULL
SOUTHWOOD DR,SOUTHWOOD,DR,NULL
SPARROW ST,SPARROW,ST,NULL
SPARTA ST,SPARTA,ST,NULL
SPEAR AVE,SPEAR,AVE,NULL
SPEAR ST,SPEAR,ST,NULL
SPENCER ST,SPENCER,ST,NULL
SPOFFORD ST,SPOFFORD,ST,NULL
SPRECKELS LAKE DR,SPRECKELS LAKE,DR,NULL
SPRING ST,SPRING,ST,NULL
SPRINGFIELD DR,SPRINGFIELD,DR,NULL
SPROULE LN,SPROULE,LN,NULL
SPRUCE ST,SPRUCE,ST,NULL
STANDISH AVE,STANDISH,AVE,NULL
STANFORD ST,STANFORD,ST,NULL
STANFORD HEIGHTS AVE,STANFORD HEIGHTS,AVE,NULL
STANLEY ST,STANLEY,ST,NULL
STANTON ST,STANTON,ST,NULL
STANYAN BLVD,STANYAN,BLVD,NULL
STANYAN ST,STANYAN,ST,NULL
STAPLES AVE,STAPLES,AVE,NULL
ZOE DELL LN,ZOE DELL,LN,NULL
STARK ST,STARK,ST,NULL
STARR KING WAY,STARR KING,WAY,NULL
STARVIEW WAY,STARVIEW,WAY,NULL
STATE DR,STATE,DR,NULL
STATES ST,STATES,ST,NULL
STEINER ST,STEINER,ST,NULL
STERLING ST,STERLING,ST,NULL
STERN GROVE CT,STERN GROVE,CT,NULL
STERNBERG RD,STERNBERG,RD,NULL
STEUART ST,STEUART,ST,NULL
STEUBEN ST,STEUBEN,ST,NULL
STEVELOE PL,STEVELOE,PL,NULL
STEVENSON ST,STEVENSON,ST,NULL
STILL ST,STILL,ST,NULL
STILLINGS AVE,STILLINGS,AVE,NULL
STILLMAN ST,STILLMAN,ST,NULL
STILWELL RD,STILWELL,RD,NULL
STOCKTON ST,STOCKTON,ST,NULL
STOCKTON TUNL,STOCKTON,TUNL,NULL
STONE ST,STONE,ST,NULL
STONECREST DR,STONECREST,DR,NULL
STONEMAN ST,STONEMAN,ST,NULL
STONERIDGE LN,STONERIDGE,LN,NULL
STONEYBROOK AVE,STONEYBROOK,AVE,NULL
STONEYFORD AVE,STONEYFORD,AVE,NULL
STOREY AVE,STOREY,AVE,NULL
STORRIE ST,STORRIE,ST,NULL
STOW LAKE DR,STOW LAKE,DR,NULL
STRATFORD DR,STRATFORD,DR,NULL
STRIPED BASS ST,STRIPED BASS,ST,NULL
STURGEON ST,STURGEON,ST,NULL
SUMMIT ST,SUMMIT,ST,NULL
SUMMIT WAY,SUMMIT,WAY,NULL
SUMNER AVE,SUMNER,AVE,NULL
SUMNER ST,SUMNER,ST,NULL
SUNBEAM LN,SUNBEAM,LN,NULL
SUNGLOW LN,SUNGLOW,LN,NULL
SUNNYDALE AVE,SUNNYDALE,AVE,NULL
SUNNYSIDE TER,SUNNYSIDE,TER,NULL
SUNRISE WAY,SUNRISE,WAY,NULL
SUNSET BLVD,SUNSET,BLVD,NULL
SUNSET BLVD OFF RAMP,SUNSET BLVD OFF,RAMP,NULL
SUNSET BLVD ON RAMP,SUNSET BLVD ON,RAMP,NULL
SUNVIEW DR,SUNVIEW,DR,NULL
SURREY ST,SURREY,ST,NULL
SUSSEX ST,SUSSEX,ST,NULL
SUTRO HEIGHTS AVE,SUTRO HEIGHTS,AVE,NULL
SUTTER ST,SUTTER,ST,NULL
SWEENY ST,SWEENY,ST,NULL
SWISS AVE,SWISS,AVE,NULL
SYCAMORE ST,SYCAMORE,ST,NULL
SYDNEY WAY,SYDNEY,WAY,NULL
SYLVAN DR,SYLVAN,DR,NULL
TABER PL,TABER,PL,NULL
TACOMA ST,TACOMA,ST,NULL
GOLDEN BELL WAY,GOLDEN BELL,WAY,NULL
TALBERT ST,TALBERT,ST,NULL
TAMALPAIS TER,TAMALPAIS,TER,NULL
TAMPA LN,TAMPA,LN,NULL
TANDANG SORA,TANDANG SORA,NULL,NULL
TAPIA DR,TAPIA,DR,NULL
TARA ST,TARA,ST,NULL
TARAVAL ST,TARAVAL,ST,NULL
TAYLOR RD,TAYLOR,RD,NULL
TAYLOR ST,TAYLOR,ST,NULL
TEDDY AVE,TEDDY,AVE,NULL
TEHAMA ST,TEHAMA,ST,NULL
TELEGRAPH PL,TELEGRAPH,PL,NULL
TELEGRAPH HILL BLVD,TELEGRAPH HILL,BLVD,NULL
TEMESCAL TER,TEMESCAL,TER,NULL
TEMPLE ST,TEMPLE,ST,NULL
TENNESSEE ST,TENNESSEE,ST,NULL
TENNY PL,TENNY,PL,NULL
TERESITA BLVD,TERESITA,BLVD,NULL
TERRA VISTA AVE,TERRA VISTA,AVE,NULL
TERRACE DR,TERRACE,DR,NULL
TERRACE WALK,TERRACE,WALK,NULL
TERRY A FRANCOIS BLVD,TERRY A FRANCOIS,BLVD,NULL
TEVIS ST,TEVIS,ST,NULL
TEXAS ST,TEXAS,ST,NULL
THE EMBARCADERO,THE EMBARCADERO,NULL,NULL
THERESA ST,THERESA,ST,NULL
THOMAS AVE,THOMAS,AVE,NULL
THOMAS CT,THOMAS,CT,NULL
THOMAS MELLON CIR,THOMAS MELLON,CIR,NULL
THOMAS MELLON DR,THOMAS MELLON,DR,NULL
THOMAS MORE WAY,THOMAS MORE,WAY,NULL
THOR AVE,THOR,AVE,NULL
THORNBURG RD,THORNBURG,RD,NULL
THORNE WAY,THORNE,WAY,NULL
THORNTON AVE,THORNTON,AVE,NULL
THORP LN,THORP,LN,NULL
THRIFT ST,THRIFT,ST,NULL
TIFFANY AVE,TIFFANY,AVE,NULL
TILLMAN PL,TILLMAN,PL,NULL
TIMOTHY PFLUEGER PL,TIMOTHY PFLUEGER,PL,NULL
TINGLEY ST,TINGLEY,ST,NULL
TIOGA AVE,TIOGA,AVE,NULL
TOCOLOMA AVE,TOCOLOMA,AVE,NULL
TODD ST,TODD,ST,NULL
TOLAND ST,TOLAND,ST,NULL
TOLEDO WAY,TOLEDO,WAY,NULL
TOLL PLAZA TUNNEL,TOLL PLAZA TUNNEL,NULL,NULL
TOMASO CT,TOMASO,CT,NULL
TOMPKINS AVE,TOMPKINS,AVE,NULL
TONQUIN ST,TONQUIN,ST,NULL
TOPAZ WAY,TOPAZ,WAY,NULL
TOPEKA AVE,TOPEKA,AVE,NULL
TORNEY AVE,TORNEY,AVE,NULL
TORRENS CT,TORRENS,CT,NULL
TOUCHARD ST,TOUCHARD,ST,NULL
TOWERSIDE AVE,TOWERSIDE,AVE,NULL
TOWNSEND ST,TOWNSEND,ST,NULL
TOYON LN,TOYON,LN,NULL
TRADER VIC ALY,TRADER VIC,ALY,NULL
TRAINOR ST,TRAINOR,ST,NULL
TRANSBAY HUMP,TRANSBAY HUMP,NULL,NULL
TRANSBAY LOOP,TRANSBAY LOOP,NULL,NULL
TRANSVERSE DR,TRANSVERSE,DR,NULL
TREASURE ISLAND RD,TREASURE ISLAND,RD,NULL
TREASURY PL,TREASURY,PL,NULL
TREAT AVE,TREAT,AVE,NULL
TREAT LN,TREAT,LN,NULL
TREAT WAY,TREAT,WAY,NULL
TRENTON ST,TRENTON,ST,NULL
TRINITY ST,TRINITY,ST,NULL
TROY ALY,TROY,ALY,NULL
TRUBY ST,TRUBY,ST,NULL
TRUETT ST,TRUETT,ST,NULL
TRUMBULL ST,TRUMBULL,ST,NULL
TUBBS ST,TUBBS,ST,NULL
TUCKER AVE,TUCKER,AVE,NULL
TULANE ST,TULANE,ST,NULL
TULARE ST,TULARE,ST,NULL
TULIP ALY,TULIP,ALY,NULL
TUNNEL AVE,TUNNEL,AVE,NULL
TURK BLVD,TURK,BLVD,NULL
TURK ST,TURK,ST,NULL
TURK MURPHY LN,TURK MURPHY,LN,NULL
TURNER TER,TURNER,TER,NULL
TURQUOISE WAY,TURQUOISE,WAY,NULL
TUSCANY ALY,TUSCANY,ALY,NULL
TWIN PEAKS BLVD,TWIN PEAKS,BLVD,NULL
ULLOA ST,ULLOA,ST,NULL
UNDERWOOD AVE,UNDERWOOD,AVE,NULL
UNION ST,UNION,ST,NULL
UNITED NATIONS PLZ,UNITED NATIONS,PLZ,NULL
UNIVERSITY ST,UNIVERSITY,ST,NULL
UNNAMED 009,UNNAMED 009,NULL,NULL
UNNAMED 010,UNNAMED 010,NULL,NULL
UNNAMED 011,UNNAMED 011,NULL,NULL
UNNAMED 012,UNNAMED 012,NULL,NULL
UNNAMED 014,UNNAMED 014,NULL,NULL
UNNAMED 017,UNNAMED 017,NULL,NULL
UNNAMED 018,UNNAMED 018,NULL,NULL
UNNAMED 021,UNNAMED 021,NULL,NULL
UNNAMED 024,UNNAMED 024,NULL,NULL
UNNAMED 025,UNNAMED 025,NULL,NULL
UNNAMED 026,UNNAMED 026,NULL,NULL
UNNAMED 027,UNNAMED 027,NULL,NULL
UNNAMED 030,UNNAMED 030,NULL,NULL
UNNAMED 031,UNNAMED 031,NULL,NULL
UNNAMED 032,UNNAMED 032,NULL,NULL
UNNAMED 033,UNNAMED 033,NULL,NULL
UNNAMED 034,UNNAMED 034,NULL,NULL
UNNAMED 035,UNNAMED 035,NULL,NULL
UNNAMED 036,UNNAMED 036,NULL,NULL
UNNAMED 037,UNNAMED 037,NULL,NULL
UNNAMED 038,UNNAMED 038,NULL,NULL
UNNAMED 039,UNNAMED 039,NULL,NULL
UNNAMED 040,UNNAMED 040,NULL,NULL
UNNAMED 041,UNNAMED 041,NULL,NULL
UNNAMED 042,UNNAMED 042,NULL,NULL
UNNAMED 043,UNNAMED 043,NULL,NULL
UNNAMED 044,UNNAMED 044,NULL,NULL
UNNAMED 051,UNNAMED 051,NULL,NULL
UNNAMED 052,UNNAMED 052,NULL,NULL
UNNAMED 053,UNNAMED 053,NULL,NULL
UNNAMED 064,UNNAMED 064,NULL,NULL
UNNAMED 065,UNNAMED 065,NULL,NULL
UNNAMED 068,UNNAMED 068,NULL,NULL
UNNAMED 069,UNNAMED 069,NULL,NULL
UNNAMED 070,UNNAMED 070,NULL,NULL
UNNAMED 071,UNNAMED 071,NULL,NULL
UNNAMED 075,UNNAMED 075,NULL,NULL
UNNAMED 077,UNNAMED 077,NULL,NULL
UNNAMED 078,UNNAMED 078,NULL,NULL
UNNAMED 080,UNNAMED 080,NULL,NULL
UNNAMED 083,UNNAMED 083,NULL,NULL
UNNAMED 084,UNNAMED 084,NULL,NULL
UNNAMED 087,UNNAMED 087,NULL,NULL
UNNAMED 088,UNNAMED 088,NULL,NULL
UNNAMED 090,UNNAMED 090,NULL,NULL
UNNAMED 095,UNNAMED 095,NULL,NULL
UNNAMED 096,UNNAMED 096,NULL,NULL
UNNAMED 097,UNNAMED 097,NULL,NULL
UNNAMED 098,UNNAMED 098,NULL,NULL
UNNAMED 099,UNNAMED 099,NULL,NULL
UNNAMED 100,UNNAMED 100,NULL,NULL
UNNAMED 101,UNNAMED 101,NULL,NULL
UNNAMED 105,UNNAMED 105,NULL,NULL
UNNAMED 106,UNNAMED 106,NULL,NULL
UNNAMED 107,UNNAMED 107,NULL,NULL
UNNAMED 108,UNNAMED 108,NULL,NULL
UNNAMED 112,UNNAMED 112,NULL,NULL
UNNAMED 113,UNNAMED 113,NULL,NULL
UNNAMED 115,UNNAMED 115,NULL,NULL
UNNAMED 117,UNNAMED 117,NULL,NULL
UNNAMED 119,UNNAMED 119,NULL,NULL
UNNAMED 120,UNNAMED 120,NULL,NULL
UNNAMED 124,UNNAMED 124,NULL,NULL
UNNAMED 128,UNNAMED 128,NULL,NULL
UNNAMED 129,UNNAMED 129,NULL,NULL
UNNAMED 139,UNNAMED 139,NULL,NULL
UNNAMED 142,UNNAMED 142,NULL,NULL
UNNAMED 144,UNNAMED 144,NULL,NULL
UNNAMED 145,UNNAMED 145,NULL,NULL
UNNAMED 146,UNNAMED 146,NULL,NULL
UNNAMED 148,UNNAMED 148,NULL,NULL
UNNAMED 150,UNNAMED 150,NULL,NULL
UNNAMED 151,UNNAMED 151,NULL,NULL
UNNAMED 152,UNNAMED 152,NULL,NULL
UNNAMED 153,UNNAMED 153,NULL,NULL
UNNAMED 161,UNNAMED 161,NULL,NULL
UNNAMED 163,UNNAMED 163,NULL,NULL
UNNAMED 165,UNNAMED 165,NULL,NULL
UNNAMED 185,UNNAMED 185,NULL,NULL
UNNAMED 186,UNNAMED 186,NULL,NULL
UNNAMED 187,UNNAMED 187,NULL,NULL
UNNAMED 188,UNNAMED 188,NULL,NULL
UNNAMED 2,UNNAMED 2,NULL,NULL
UPLAND DR,UPLAND,DR,NULL
UPPER TER,UPPER,TER,NULL
UPPER SERVICE RD,UPPER SERVICE,RD,NULL
UPTON AVE,UPTON,AVE,NULL
UPTON ST,UPTON,ST,NULL
URANUS TER,URANUS,TER,NULL
URBANO DR,URBANO,DR,NULL
UTAH ST,UTAH,ST,NULL
VALDEZ AVE,VALDEZ,AVE,NULL
VALE AVE,VALE,AVE,NULL
VALENCIA ST,VALENCIA,ST,NULL
VALERTON CT,VALERTON,CT,NULL
VALLEJO ST,VALLEJO,ST,NULL
VALLETTA CT,VALLETTA,CT,NULL
VALLEY ST,VALLEY,ST,NULL
VALMAR TER,VALMAR,TER,NULL
VALPARAISO ST,VALPARAISO,ST,NULL
VAN BUREN ST,VAN BUREN,ST,NULL
VAN DYKE AVE,VAN DYKE,AVE,NULL
VAN KEUREN AVE,VAN KEUREN,AVE,NULL
VAN NESS AVE,VAN NESS,AVE,NULL
VANDEWATER ST,VANDEWATER,ST,NULL
CRAVATH ST,CRAVATH,ST,NULL
VARELA AVE,VARELA,AVE,NULL
VARENNES ST,VARENNES,ST,NULL
VARNEY PL,VARNEY,PL,NULL
VASQUEZ AVE,VASQUEZ,AVE,NULL
VASSAR PL,VASSAR,PL,NULL
VEGA ST,VEGA,ST,NULL
VELASCO AVE,VELASCO,AVE,NULL
VENARD ALY,VENARD,ALY,NULL
VENTURA AVE,VENTURA,AVE,NULL
VENUS ST,VENUS,ST,NULL
VER MEHR PL,VER MEHR,PL,NULL
VERDI PL,VERDI,PL,NULL
VERDUN WAY,VERDUN,WAY,NULL
VERMONT ST,VERMONT,ST,NULL
VERNA ST,VERNA,ST,NULL
VERNON ST,VERNON,ST,NULL
VESTA ST,VESTA,ST,NULL
VETERANS DR,VETERANS,DR,NULL
VIA BUFANO,VIA BUFANO,NULL,NULL
VIA FERLINGHETTI,VIA FERLINGHETTI,NULL,NULL
VICENTE ST,VICENTE,ST,NULL
VICKSBURG ST,VICKSBURG,ST,NULL
VICTORIA ST,VICTORIA,ST,NULL
VIDAL DR,VIDAL,DR,NULL
VIENNA ST,VIENNA,ST,NULL
VILLA TER,VILLA,TER,NULL
VINE TER,VINE,TER,NULL
VINTON CT,VINTON,CT,NULL
VIRGIL ST,VIRGIL,ST,NULL
VIRGINIA AVE,VIRGINIA,AVE,NULL
VISITACION AVE,VISITACION,AVE,NULL
VISTA CT,VISTA,CT,NULL
VISTA LN,VISTA,LN,NULL
VISTA VERDE CT,VISTA VERDE,CT,NULL
VISTA VIEW CT,VISTA VIEW,CT,NULL
VON SCHMIDT ST,VON SCHMIDT,ST,NULL
VULCAN STWY,VULCAN,STWY,NULL
WABASH TER,WABASH,TER,NULL
WAGNER ALY,WAGNER,ALY,NULL
WAITHMAN WAY,WAITHMAN,WAY,NULL
WALBRIDGE ST,WALBRIDGE,ST,NULL
WALDO ALY,WALDO,ALY,NULL
WALKER CT,WALKER,CT,NULL
WALKWAY,WALKWAY,NULL,NULL
WALL PL,WALL,PL,NULL
WALLACE AVE,WALLACE,AVE,NULL
WALLEN ST,WALLEN,ST,NULL
WALLER ST,WALLER,ST,NULL
WALNUT ST,WALNUT,ST,NULL
WALTER ST,WALTER,ST,NULL
WALTER U LUM PL,WALTER U LUM,PL,NULL
WALTHAM ST,WALTHAM,ST,NULL
WANDA ST,WANDA,ST,NULL
WARD ST,WARD,ST,NULL
WARE ST,WARE,ST,NULL
WARNER PL,WARNER,PL,NULL
WARREN DR,WARREN,DR,NULL
WASHBURN ST,WASHBURN,ST,NULL
WASHINGTON BLVD,WASHINGTON,BLVD,NULL
WASHINGTON ST,WASHINGTON,ST,NULL
WATCHMAN WAY,WATCHMAN,WAY,NULL
WATER ST,WATER,ST,NULL
WATERLOO ST,WATERLOO,ST,NULL
WATERVILLE ST,WATERVILLE,ST,NULL
WATT AVE,WATT,AVE,NULL
WATTSON PL,WATTSON,PL,NULL
WAVERLY PL,WAVERLY,PL,NULL
WAWONA ST,WAWONA,ST,NULL
WAYLAND ST,WAYLAND,ST,NULL
WAYNE PL,WAYNE,PL,NULL
WEBB PL,WEBB,PL,NULL
WEBSTER ST,WEBSTER,ST,NULL
WEDEMEYER ST,WEDEMEYER,ST,NULL
WELDON ST,WELDON,ST,NULL
WELSH ST,WELSH,ST,NULL
WENTWORTH PL,WENTWORTH,PL,NULL
WEST RD,WEST,RD,NULL
WEST BROADWAY,WEST BROADWAY,NULL,NULL
WEST CLAY ST,WEST CLAY,ST,NULL
WEST CRYSTAL COVE TER,WEST CRYSTAL COVE,TER,NULL
WEST HALLECK ST,WEST HALLECK,ST,NULL
WEST PACIFIC AVE,WEST PACIFIC,AVE,NULL
WEST POINT RD,WEST POINT,RD,NULL
WEST PORTAL AVE,WEST PORTAL,AVE,NULL
WEST VIEW AVE,WEST VIEW,AVE,NULL
WESTBROOK CT,WESTBROOK,CT,NULL
WESTERN SHORE LN,WESTERN SHORE,LN,NULL
WESTGATE DR,WESTGATE,DR,NULL
WESTMOORLAND DR,WESTMOORLAND,DR,NULL
WESTON CT,WESTON,CT,NULL
WESTSIDE DR,WESTSIDE,DR,NULL
WESTWOOD DR,WESTWOOD,DR,NULL
WETMORE ST,WETMORE,ST,NULL
WHEAT ST,WHEAT,ST,NULL
WHEELER AVE,WHEELER,AVE,NULL
WHIPPLE AVE,WHIPPLE,AVE,NULL
WHITE ST,WHITE,ST,NULL
WHITECLIFF WAY,WHITECLIFF,WAY,NULL
WHITFIELD CT,WHITFIELD,CT,NULL
WHITING ST,WHITING,ST,NULL
WHITING WAY,WHITING,WAY,NULL
WHITNEY ST,WHITNEY,ST,NULL
WHITNEY YOUNG CIR,WHITNEY YOUNG,CIR,NULL
WHITTIER ST,WHITTIER,ST,NULL
WIESE ST,WIESE,ST,NULL
WILDE AVE,WILDE,AVE,NULL
WILDER ST,WILDER,ST,NULL
WILDWOOD WAY,WILDWOOD,WAY,NULL
WILLARD ST,WILLARD,ST,NULL
WILLIAMS AVE,WILLIAMS,AVE,NULL
WILLIAR AVE,WILLIAR,AVE,NULL
WILLIE B KENNEDY DR,WILLIE B KENNEDY,DR,NULL
WILLOW ST,WILLOW,ST,NULL
WILLS ST,WILLS,ST,NULL
WILMOT ST,WILMOT,ST,NULL
WILSON ST,WILSON,ST,NULL
WINDING WAY,WINDING,WAY,NULL
WINDSOR PL,WINDSOR,PL,NULL
WINFIELD ST,WINFIELD,ST,NULL
WINN WAY,WINN,WAY,NULL
WINSTON DR,WINSTON,DR,NULL
WINTER PL,WINTER,PL,NULL
WINTHROP ST,WINTHROP,ST,NULL
WISCONSIN ST,WISCONSIN,ST,NULL
WISSER CT,WISSER,CT,NULL
WOOD ST,WOOD,ST,NULL
WOODACRE DR,WOODACRE,DR,NULL
WOODHAVEN CT,WOODHAVEN,CT,NULL
WOODLAND AVE,WOODLAND,AVE,NULL
WOODSIDE AVE,WOODSIDE,AVE,NULL
WOODWARD ST,WOODWARD,ST,NULL
WOOL CT,WOOL,CT,NULL
WOOL ST,WOOL,ST,NULL
WOOLSEY ST,WOOLSEY,ST,NULL
WORCESTER AVE,WORCESTER,AVE,NULL
WORDEN ST,WORDEN,ST,NULL
WORTH ST,WORTH,ST,NULL
WRIGHT CT,WRIGHT,CT,NULL
WRIGHT LOOP,WRIGHT,LOOP,NULL
WRIGHT ST,WRIGHT,ST,NULL
WYMAN AVE,WYMAN,AVE,NULL
WYTON LN,WYTON,LN,NULL
YACHT RD,YACHT,RD,NULL
YALE ST,YALE,ST,NULL
YELLOW CAB ACCESS ROAD,YELLOW CAB ACCESS ROAD,NULL,NULL
YERBA BUENA AVE,YERBA BUENA,AVE,NULL
YERBA BUENA DR,YERBA BUENA,DR,NULL
YERBA BUENA LN,YERBA BUENA,LN,NULL
YERBA BUENA RD,YERBA BUENA,RD,NULL
YORBA ST,YORBA,ST,NULL
YORK ST,YORK,ST,NULL
YOSEMITE AVE,YOSEMITE,AVE,NULL
YOUNG CT,YOUNG,CT,NULL
YOUNG ST,YOUNG,ST,NULL
YUKON ST,YUKON,ST,NULL
ZAMPA LN,ZAMPA,LN,NULL
ZANOWITZ AVE,ZANOWITZ,AVE,NULL
AVOCET WAY,AVOCET,WAY,NULL
ZENO PL,ZENO,PL,NULL
ZIRCON PL,ZIRCON,PL,NULL
ZOE ST,ZOE,ST,NULL
ZOO RD,ZOO,RD,NULL
DR TOM WADDELL PL,DR TOM WADDELL,PL,NULL
AL SCOMA WAY,AL SCOMA,WAY,NULL
UNNAMED 190,UNNAMED 190,NULL,NULL
UNNAMED 193,UNNAMED 193,NULL,NULL
UNNAMED 192,UNNAMED 192,NULL,NULL
PALACE DR,PALACE,DR,NULL
MARTIN AVE,MARTIN,AVE,NULL
MISSION BAY BLVD SOUTH,MISSION BAY,BLVD,SOUTH
BUENA VISTA AVE EAST,BUENA VISTA,AVE,EAST
CONSERVATORY DR EAST,CONSERVATORY,DR,EAST
BURNETT AVE NORTH,BURNETT,AVE,NORTH
LAKE MERCED HILL ST NORTH,LAKE MERCED HILL,ST,NORTH
BUENA VISTA AVE WEST,BUENA VISTA,AVE,WEST
WILLARD ST NORTH,WILLARD,ST,NORTH
FIRST DR EAST,FIRST,DR,EAST
LAKE MERCED HILL ST SOUTH,LAKE MERCED HILL,ST,SOUTH
MISSION BAY BLVD NORTH,MISSION BAY,BLVD,NORTH
25TH AVE NORTH,25TH,AVE,NORTH
CONSERVATORY DR WEST,CONSERVATORY,DR,WEST
FIRST DR WEST,FIRST,DR,WEST
ZANOWITZ ST,ZANOWITZ,ST,NULL
AVENUE G,AVENUE G,NULL,NULL
ODD FELLOWS WAY,ODD FELLOWS,WAY,NULL
JOHNSON ST,JOHNSON,ST,NULL
MACKY LN,MACKY,LN,NULL
FRIDA KAHLO WAY,FRIDA KAHLO,WAY,NULL
WARRIORS WAY,WARRIORS,WAY,NULL
SANDPIPER LN,SANDPIPER,LN,NULL
PALM LN,PALM,LN,NULL
WHIPPLE ST,WHIPPLE,ST,NULL
FIFTH ST,FIFTH,ST,NULL
CORRINE WOODS WAY,CORRINE WOODS,WAY,NULL
EARL GAGE JR ST,EARL GAGE JR,ST,NULL
MISSION CREEK,MISSION CREEK,NULL,NULL
CLIPPER COVE AVE,CLIPPER COVE,AVE,NULL
GENE FRIEND WAY,GENE FRIEND,WAY,NULL
MILTON I ROSS ST,MILTON I ROSS,ST,NULL
ACACIA AVE,ACACIA,AVE,NULL
PIERPOINT LN,PIERPOINT,LN,NULL
WREN LN,WREN,LN,NULL
TRADE WINDS AVE,TRADE WINDS,AVE,NULL
WATERFRONT ST,WATERFRONT,ST,NULL
VARA ST,VARA,ST,NULL
UNNAMED ST,UNNAMED,ST,NULL
SOTOMAYOR ST,SOTOMAYOR,ST,NULL
SEVEN SEAS AVE,SEVEN SEAS,AVE,NULL
PEACEMAKERS ST,PEACEMAKERS,ST,NULL
UNNAMED 191,UNNAMED 191,NULL,NULL
PACIFICA ST,PACIFICA,ST,NULL
SIESTA WAY,SIESTA,WAY,NULL
KENNEDY PL,KENNEDY,PL,NULL
MALOSI ST,MALOSI,ST,NULL
INNES CT,INNES,CT,NULL
GARDEN WALK,GARDEN,WALK,NULL
LETTUCE LN,LETTUCE,LN,NULL
PASSIFLORA WAY,PASSIFLORA,WAY,NULL
PORTWAY PSGE,PORTWAY,PSGE,NULL
