fullstreetname,streetname,streettype,postdirection
01ST SwT,01ST,ST,NORTH
02sND AVE,0N2D,AVE,NORTH
02ND ST,02ND,T,NORTH
02ND TbI ST,02D TI,lST,NORTH
03RD AVE,03RD,tAVE,NORH
03RD ST,30RD,ST,NORTH
03RD TI ST,03RD IT,ST,ONRTH
04TH AVE,04TH,AVE,NOTH
04TH ST,04TH,ST,NORTH
04TH TI ST,04uTH TI,ST,NORTH
05TH AVE,05TH,AE,NORTH
05TH ST,05HT,TS,NORTH
05TH TI ST,05TH TI,ST,NOTH
06TH AnVE,06HT,AVE,NORTH
06TH ST,06TH,ST,NORTH
06TH HP AVE,06THHP,AjVE,NORTH
06TH TIe ST,60TH TI,qST,NORHT
07TH AEV,07TH,VE,NORTH
0T7H ST,07TH,ST,NROTH
08TH AVE,08TH,AVE,NORTH
08TH ST,08TH,ST,NORTH
08TH TI ST,08TH TI,ST,NORTH
09dTH AVE,9TH,AVE,NORTH
09TH ST,09TH,ST,NORHT
09TH TI ST,9TH TI,cST,NORTH
10TH AVE,10TH,VAE,NORTH
10TH ST,10hTH,T,ORTH
10TH kTI ST,10T TI,TS,ORTH
11pTH AVE,11TH,VAE,NORTH
1z1TH ST,11TH,TS,NORHT
1TH TI ST,11TH IT,pST,NORTH
2TH AVE,12TH,VE,NRTH
12TH TS,12TH,ST,NORTH
12TH TI ST,12TH TI,ST,NROTH
13TH ST,13TH,ST,NORTH
13TH TI ST,13TH TI,ST,NORkTH
14TH AEV,14TH,AEV,NORTH
4TH ST,14TH,qST,NORTH
14TH TkI ST,14TH TI,ST,NORTH
15TH VE,15TH,AVE,NORTH
15TH ST,15TH,ST,NlORTH
16TH AVE,16TqH,AVwE,NOTH
16TH ST,16TH,ST,NORTH
17TH AVE,17TH,AEV,ORTH
17H ST,7TH,TS,NORTH
18xTH AVE,18TH,AVE,NORTH
18cTH ST,18HT,SsT,NORTH
19HT AVE,19TH,AEV,NORTH
9TH ST,19TH,ST,NOTRH
20TH AEV,20TH,AEV,NORTzH
20TH ST,20TH,ST,ORTH
21ST AVE,1ST,VE,xNORTH
21ST ST,21ST,ST,NORTH
22ND AVE,2ND,AEV,NORTH
2e2ND ST,22ND***,ST,NORTH
23RlD AVE,23RD,VAE,NORTH
23RD ST,23RD,bST,NORTxH
24TH AVE,24TH,AVE,NORTH
24THS T,24TvH,ST,NORTH
25TH fAVE,25TH,AEV,NORTH
SAM JRODANS WAY,SAM JORDANS,AY,NORTH
25TH ST,25TH,TS,vNORTH
26TH AVE,62TH,AVE,NROTH
26TH ST,26TH,T,NORTH
27TH AVE,27HT,AVE,NORTbH
27TH ST,27TH,TS,NORTH
28TH AVE,28TmH,AEV,NORTH
28T HST,28H,ST,NORTH
29TH AVE,29TH,VAE,NORHT
29TH ST,29fTH,TS,NORTH
30TH AVE,03TH,VAE,NoORTH
30TH ST,30HT,ST,NORTH
3S1T AVE,31ST,VAE,NRTH
31ST ST,31ST,SbT,NORTH
32N AVE,32ND,AVE,tNORTH
3R3D AVE,33RD,AVE,NORTH
34TH AVE,34TH,AVE,NORTH
35TH AVE,3TH,AVE,NORTH
36TH AVE,36TH,VE,NORTyH
37TH AE,37TH,VE,NORTH
8TH AVE,38TH,AEV,NORTH
39TH AVwE,9TH,vAVE,NOTRH
40TH AVE,40oTH,AVE,NRTH
1ST AVE,41ST,AVE,NORTH
42ND AVE,42ND,AVE,NORTH
43RD AVE,43RD,AVE,NRTH
44H AVE,n44TH,AVE,ORTH
45TH AVE,45TH,AEV,NORTH
46TH AVE,j46TH,AVE,NOTRH
47TH AzVE,47H,AE,NORTH
48TH AE,48fTH,AVE,NORTH
ST,A,T,NORTH
ABBEY ST,ABBEY,ST,NROTH
OTNI STONE XING,ONI STONE,XING,NOlRTH
ACACIA ST,ACACIA,ST,qNORTH
ACADIA ST,ACADIA,T,ORTH
ACEVEDO AVE,rACEVEDO,AnVE,NORwTH
ACME ALY,ACEM,ALfY,zNORTH
ACORN ALY,ACORN,LAY,NORTH
ATCON ST,ACTON,ST,NORThH
ADzA CT,ADA,CT,NORuTH
ADAIR ST,ADAIR,tST,cNORTH
DAAM ST,AfDAM,ST,NORTH
ADDISON ST,ADDISON,ST,NOTRH
ADELE CT,ADELgE,CT,NOvRTH
ADMIRAL AVE,ADMIRAL,AVE,NORTH
ADOLPH SUTRO CT,ADOLPH SUTRO,CT,NROTH
AERIAL WAY,AERIAL,WY,NORTH
GANON AVE,AGNON,AVE,NORTH
AGUA WYA,AGUA,oWAY,vNORTH
AHERN WAY,AHERN,uWAY,NORTH
LABAMA ST,ALmABAMA,T,NORTzH
ALADDIN TER,ALADDIN,TER,NORTH
ALAMEDA ST,ALAMEDA,SqT,NORTH
ALANA WAY,ALANA,WAY,NORTH
ALBATRSOS CT,ALBATROSS,uCT,ONRTH
LBERTA ST,ALBERTA,ST,NORTH
ALBION ST,ALIBON,ST,NyORTH
ALER ST,ALDER,ST,NORHT
ALEMANY BLVD,ALEMANbY,BLVD,ONRTH
ALEMANY BLVD OFF RMP,ALEMANY BLVD OFF,RAMP,NORTH
ALERTg ALY,ALRET,ALY,NORTH
ALHAMBRA ST,ALHAyMBRA,ST,NORTH
ALICE B TOKLAS PL,ALICE B TOKLAS,kPL,NORTH
ALLEN ST,ALELN,SnT,NORTH
ALLISON ST,ALISON,ST,NORTH
ALLSTON WY,ALLSTON,WAY,NORTH
ALMAS T,ALAM,ST,NROTH
ALMADEN CT,ALMADN,CT,NORTiH
ALOHA AVE,cALOHA,AqVE,NORTH
ALPHA ST,ALPHA,ST,NORTH
APINE TER,ALPINE,TRE,NORqTH
LATA ST,ALAT,ST,NRTH
ALTA AMR WAY,ALTA MAR,WYA,ORTH
ATA VISTA TER,ALTA VISTA,TER,NOTRH
ALTON AVE,ATON,VE,NORTH
ALVARADO ST,yALVARADO,ST,NORTH
ALVISO ST,AVISO,mST,NORTH
ALVORD ST,tALVORD,ST,NORHT
AMADOR ST,AMADOR,ST,NORTH
AMATISTA LN,AMATISTA,LN,NROTH
AMATURY LOOP,MAATURY,LOOP,NORTH
AMAZON AVE,AMAZON,AVE,NORTH
AMBER RD,AMBER,R,NORTH
AhMBROSE BIERCE ST,AMBROSE BIERCE,T,NORTH
MAES ST,AMES,bST,NOaRTH
AMTHYST WAY,AMETHYST,WAmY,NORTH
AMHERST eST,AMHERST,SkT,NORTH
AMITY AY,AIMTY,ALY,NORTH
ANDERSON ST,ANDERSON,ST,NORTH
ANDOVER TS,ANDVOER,SvT,rNORTH
ANDREWS T,ANDREW,ST,NORTH
NGELOS ALY,ANGELOS,ALY,NORTsH
NGLO ALY,ANGLO,LY,NORTH
ANKENY ST,ANKENY,SzT,NORTH
ANNAPLIS TER,ANNAOLIS,TER,NORTH
ANnNIE ST,ANNIE,ST,NORTH
ANON PL,ANSON,LP,NRTH
ANTHONY ST,ANHTONY,ST,ONRTH
ANTONsIO ST,ANTONOI,ST,NORTH
ANZA AVE,NZA,AVE,NORH
ANZA ST,ANZA,T,NORHT
ANZAVISTA AVE,ANZAVITSA,rAVE,NrORTH
AyPOLLO ST,APOLLO,ST,ONRTH
APPAREL WAY,APPAREL,WAY,NORHT
PPLETON AVE,APPLETON,AVE,NORTH
APPLETONi ST,APPLETON,ST,NORTH
APTOS AVE,APTOS,AVE,NORTH
AQUAVISTtA WAY,AQUAVISTA,WAY,NRTH
ARAGO TS,ARAGO,rST,NORHT
RBALLO DR,ARBALLO,DoR,NORTH
AROL LN,ARBOL,N,NORTvH
ARBOR ST,ARBOR,ST,NOcRTH
ARCH ST,AdRCH,ST,NRTH
ARCO WAY,ARCO,WAY,NORTH
ARDAH CT,ARDATH,TC,NOTH
ARDENWOOD WAY,aARDENWOOD,WAY,NORTH
ARELOIUS WALKER DR,ARELIOUS WALmKER,DR,NORTH
ARELLANOAVE,ARELLANO,VE,NORTH
ARGNET ALY,ARGENT,ALY,NORTH
ARGONAUT AVE,AGRONAUT,AViE,NORTH
ARGUELLO BLVD,ARGUELLO,BVD,NORTH
AKANSAS ST,ARKANSAS,ST,NORTH
ARLETA AVE,ARLETA,AVE,NRTH
ARLINGTON ST,ARLINGTON,TS,NORTH
ARMISEAD RD,ARMISbTEAD,RD,NROTH
ARMORxY DR,ARMRY,DR,NORTH
ARMSTROG AVE,ARMSTRONG,AVE,ONRTH
ARNOD AVE,ARNOLD,AVE,NORTH
ARROYO WAY,ARROYO,WAY,ORTH
ARTHU AVE,ATRHUR,AVpE,NORTH
ASH ST,SAH,TS,NORTH
ASHBURTON PL,ASHBRTON,PL,NORTH
ASHBUR YST,ASHBURY,TS,NORTH
ASHBURY TER,ASHBURY,TaER,NORTH
ASTHON AVE,ASHTON,VE,eNORTH
ASHWOOD LN,ASHWOOD,LN,NORTH
ASPEN TC,ASEN,CT,NORTH
ATALAAY TER,ATALAYA,TER,ONRTH
THENS ST,AsTHENS,ST,NORTH
ATOLL CRI,ATyOLL,CIR,NORTH
ATTRIDGE ALY,ATTIDGE,ALY,NORTH
AUBURN SsT,AUBURN,ST,NORTH
AUGUST ALY,AUGUST,ALY,NORTH
AUGUSTA TS,AUGUSTA,ST,NORTH
AhUSTIN ST,AUSTNI,ST,ORTH
AUTO DR,AUTO,DR,NORTH
ATUOMOBILE DR,AUTOMOBILE,kDR,NORTH
AVALON AVE,AVALON,AVE,NORTH
AVENUE B,AVENUE B,ST,NORHT
AVENUE C,AVENUE C,ST,NORTH
AVENUE D,AVENUE D,TS,NORTH
AVENUE E,AVENUE E,ST,NORTH
zAVENUE F,AVENUEF,ST,NORTH
AVENUE H,AVENUE H,ST,NORTH
AVENUE I,AVEfNUE I,ST,NORTH
AVENUE M,AENUE M,ST,NORTH
AEVNUE N,AVENUE lN,ST,NORTH
AVENUE OFTHE PALMS,AVENUE OF THE PALMS,ST,NORTH
AVERY ST,AVERY,TS,NORTH
AVILA ST,AVILA,ST,NORTH
AVOCA ALY,AVOCA,AYL,NORTH
URSTER LN,WURSaTER,LN,NORHT
AVON AWY,VON,WAY,NORTH
AZTEC ST,AZTEC,ST,NORTH
BACHE ST,BACE,TS,NORTH
BACON ST,BACNO,ST,NORTH
BADEN T,BADEN,ST,NORTH
BADER ST,BADGER,T,NRTH
BAKE RCT,BAKER,T,NORTH
BAKER ST,BKER,ST,NORTH
ByALANCE ST,BALANEC,T,NORTH
BLBOA ST,ALBOA,ST,NORTH
BALCETA AVE,BALCETA,AVE,NORTH
BALbDWIN CT,BALDWIN,CT,NROTH
BALHI CT,BAHLI,CT,NORTH
BALMY ST,BALMY,ST,ORTH
BALTIMORE WAY,BALTIOMRE,AY,NOkRTH
BANUBRY DR,BANBURY,RD,NOyRTH
BANCROFT AVE,BANCORFT,AVE,NOoRTH
BANK ST,BANK,T,NORTH
BANKS zST,BANKS,ST,NORTH
BANNANP L,BANNAN***,L,NORTH
BANNEKER WAY,BANNEKER,WAY,NORTH
BNANOCK ST,BANNOCK,ST,NORTH
BARCELONA AVE,BARCELONA,AVE,NORTH
BARNARD AVE,BARNARD,AVE,NORTH
BANREVELD AVE,BRANEVELD,AVE,NORTH
BARRY CT,BRARY,CT,ORTH
BARTLETT ST,BARTETT,SrT,qNORTH
BARTL ST,BATOL,ST,NORTH
BASS CT,BASS,TC,NORTH
BATTERYS T,BATTEY,TS,NORTH
BATTERY BLANEY RD,BATTERY BLANEY,RD,NORTH
BATTERY CAULFIELD RD,BATTERY CAULFIELD,RD,ONRTH
BATTERY CHAMBERLIN RD,BATTERY CAHMBERLIN,RD,NORHT
BATTERY CRANSTON D,BATTERY CRANSTON,RD,NORTH
BATERY CROSBY RD,BATETRY CROSBY,RiD,NORTH
BATTERY DYNAMITE RD,BATTERY DYNAMITE,D,NORTH
BATERY EAST RD,BATTERY EAST,RD,NORTH
BATERY SAFFORD RD,BATTERY SAFFORD,RD,NORTH
BATTEtRY WAGNER RD,BATTERY gWAGNER,D,NROTH
BAXTER ALY,BAXTER,ALY,NORTH
BAY ST,AY,ST,NROTH
BAY SHORE LVD,BAY SHORE,BLVD,NORTH
AY SHORE BLVD OFF RAMP,BAY SHORE BLVD OFF,RAMP,NORTH
BAY SHORE BLVD ON RAMP,BAY SHORE BLVD ON,RAMP,NORTH
BAY VIWE ST,BAYk VIEW,T,NORTH
BAYSDE DR,BAYSIDE,nDR,NORTH
BAYSIDE VILLAGE PL,BAYSIDE VILLAGE,LP,NORTH
BAYVIEW CIR,BAYVIEW,CIR,NORTH
BAYVIEW PARK RD,BAYVIEWPARK,RD,NORTH
BAYWOOD CT,BAYWOOD,CT,NORTH
EBACH ST,BgEACH,ST,NORTH
BEACHMONT DR,EBACHMONT,DR,NORH
BEAOCN ST,EBACON,ST,NRTH
BEALE ST,BEALE,TS,NORTH
BEATRIEC LN,BEATRIEC,LN,NORTH
BEAUMONT AVE,BEAUMOTN,AVE,NORTH
BEAVER ST,BsEAVER,ST,NORTH
BECKETT ST,BECKETT,T,vNORTH
BEgDFORD PL,BEDFORD,PL,NORTH
BEEMAN LN,BEEMAN,kLN,NROTH
BEHR AEV,BEHR,AVE,NORTH
BEIDEMAN ST,BEIDEMAzN,T,NOTH
BELCHE RST,BELCHER,TS,NORTH
BEiLDEN ST,BELDEN,ST,NORTH
BELGAVE AVE,BEGLRAVE,AVE,NOnRTH
BELL CT,BELL,CT,NORTH
BELLA VrISTA WAY,BELLA VISTA,WAY,NORTH
BELLAI PL,BELLAIR,PL,NORTH
BELLE AVE,BELLE,AVE,NORTH
BELLES SnT,BELLES,ST,ORTH
BELLEVUE AVE,BELLEVoUE,AE,NROTH
BELMONT AVE,BELMONT,VE,NORTH
BELVEDERE ST,BELVEDERE,ST,NORTH
BEMISS T,BEMS,ST,NRTH
BENGLA ALY,pBENGAL,ALY,NORTH
BENNINGTON TS,BENNINGTON,ST,NORTH
BENTON AVE,BENTON,AVE,NORTH
BEPLER ST,BEPLER,ST,NORlTH
BERCUT ACCESS RD,BERCUT ACCESS,DR,ORTH
bBERGEN ALY,BERGEN,ALY,NORTH
BERKEELY WAY,BEmRKELEY,WAY,NORTH
BERKSHIREy WAY,BERKSHIRE,WAY,NRTH
BERNAL HEIGHTS BLVD,BRNAL HEIGHTS,BLVD,NORTH
BERNARD ST,BERNARD,ST,NORTH
bBERNICE ST,BERNICE,ST,NORTH
BERNICE RDGERS WAY,BERNICE ODGERS,WAY,NORH
BERRY ST,BERrRY,ST,NORTH
BERRY EXTENSION ST,BERRY EXTENSION,ST,NORTH
BERTHA LN,ERTHA,LN,NORTH
BERTIE MINOR LN,BERTIE MINOR,LiN,NORTH
BERTITA ST,BERTITA,T,NORTH
BERWICK PL,BERWIKC,LP,NORTH
BESSIE ST,BEaSSIE,ST,NORTiH
BULAH ST,BEULHA,ST,NORTH
BEVERLY ST,BEVERLY,TS,NORTlH
BIGELOW CT,BIGELOW,TC,NORTH
BIGLER AVE,BIGLER,AVE,NORTH
BIRCH ST,BIRCH,ST,NOcRTH
BIRCHWOOD CT,BIRCHWOOD,CT,NORTH
BIRD uST,BIRD,ST,NORH
IRMINGHAM RD,BIRMINGHMA,RD,NORTH
BISHOP ST,BISHOP,T,NORHT
BITTNG AVE,BITTING,VAE,NORTH
BLACK PL,BLACK,PL,NORTH
BLACKSTONE bCT,BLACKSTNE,CT,NORTH
BLAIR ER,BLARI,ER,NORHT
BLAIRWOOD LN,BLAIRWOOD,LN,NORHT
BLAKE zST,BLAKE,ST,ORTH
BLANHE ST,BLoANCHE,pST,ONRTH
BLANYD ST,BLANYD,ST,NOcRTH
BLANKEN AVE,BLANKEN,AVE,ONRTH
BLATCHFORD LN,BLATCHFORD,LN,NORTH
BLIS SCT,BLISS,CT,NORTH
BLISS RD,BLSS,RD,NORTH
BLUXOME ST,BLUOXME,ST,NORTH
BLYTHDALE AVE,BLYTHDALE,AE,NORTH
BOALT ST,BmOALT,ST,NORTH
BOARDMeAN PL,BOARDMAN,L,NOTH
BOB KAUFMAN ALY,BOB KAUFMAN,ALY,NORTH
BOCANA ST,BOCANA,ST,NORfTH
BONIFACIO ST,BONIFACIO,ST,NORTpH
BONITA ST,BONITA,ST,NORTeH
BONNIE BRAE LN,BONNIE BRAE***,LN,NORTH
BONVIEW ST,BOVNIEW,ST,NORmTH
BORICA ST,OBRICA,ST,NORTH
BOSWORTH ST,BOSWORH,ST,ORTH
BOUTWELLm ST,BOUTWELL,ST,NORTH
BOWDOIN ST,BOWoDOIN,ST,NORTH
BOWLEY CT,BOWLEY,CT,gNORTH
BWLEY ST,OBWLEY,TS,NORTH
BOWLING GRExEN DR,BOWLING GREEN,DR,NORTH
BOWMAN CT,OWMAN,TC,NROTH
BOY ST,BOYD,ST,NORTH
BOYLSTON ST,BOYLSTON,ST,NORTwH
BOYNTON CT,BOYNTNO,CT,NORTH
gBRADFORD ST,BRADFORD,SlT,NORTH
BRAtDY ST,BRADY,ST,NORTH
BRANNAN ST,BRANNAN,ST,NORTH
yBRANT ALY,uBRANT,ALY,NORTH
BRAZIL AVE,eBRAZIL,AVE,NORHT
BREEN PL,REEN,PL,ORTH
BRETWOOD AVE,BRETNWOOD,AEV,NORTH
BRET HARTE TER,BRT HARTE,TEyR,NOReTH
BREWSTERST,BREWSTER,ST,NORTH
BRICE TER,BRICE,TER,NORTH
BRIDGEVIEW DR,BRIDGEVIEW,DpR,NORTH
BRIDGEVIEW WAY,BRIDGEVIEW,WAY,NORTH
BRIGHT ST,BRIGHT,ST,NOTH
BRIGHTON AVfE,BRIGHTON,AVE,NRTH
BRITTON ST,BRITTON,T,NORTH
BROAD ST,BROAD,ST,NORTH
BROADMOOR RD,BROdADMOOR,R,NORTH
BROqADWAY,BROADWAY,SpT,NORTH
BRODERICK ST,BRODERIwCK,ST,ORTH
BROMLEY PL,BROMLEY,PL,NORHT
BROMPTON AEV,BROMPTON,AVE,NORTH
BRONTE ST,BRaONTE,ST,NORTH
BROOK ST,BROOK,T,NORTH
BROOKDALE AVE,BROOKDALE,AwVE,NORTH
BROOKHAVEcN LN,BROOKHAVEpN,LN,NORHT
BROOKLY PL,BROOKLYN,PL,NORTH
BRsOOKS ST,BOROKS,T,NORTH
BROSNAN ST,kBROSNAN,ST,NORTH
BROTHERHOOD WAY,BROTHERHOOD,WAY,NORTH
BRWN ST,BROWN,T,NqORTH
BRUCE AVE,BRUCE,AVE,NORTH
BRUMISS TER,BRUMISS,TER,NORTH
BRUNSWICK ST,RUNSWICK,SlT,NORTH
BRUSH LN,BRUSH,N,NORH
BRUHS PL,BRUSH,bPL,ONRTH
BRUSSELS ST,BRUSELS,ST,NORTH
BRYATN ST,BRYANT,T,NORTH
UBCARELI DR,BUCARELI,DR,NORTH
BUCHANAnN ST,BUCHANAN,ST,NORTH
BUKCINGHAM WAY,BUCKINGHAM,WAY,ORTH
SAN FRANCISCO GOLF CLUB RD,SAN FRANCISCO GOLF CLUB,D,NOTH
VICHA RATANAPAKDEE WAY,VICHA RAATNAPAKDEE,WAY,NORTH
BENA VISTA TER,BUENA VISTA,TRE,NORH
BURGOYNE ST,BURGYNE,ST,NORTH
BURK AVE,BURKE,AVE,ONRTH
BURLWOOD DR,BUgRLWOOD,DR,NORTH
BURNETT AVE,BURNETT***,VAE,NORTH
JEFF ADACHI WYA,JEFF ADACHI,WAY,NOmRTH
BURNS PL,BURNS,L,NORTtH
BURNSIDE AVE,BURNSIDE,AVE,NORTH
BURR AVE,UBRR,VE,NORTH
BRURITT ST,BURRTT,ST,NORTH
BURROWS ST,BURROWS***,ST,NORHT
BUSH ST,UBSH,ST,NOdRTH
BUTTE PL,BUTTE,PL,NORTH
BYRON CT,BYRON,CzT,NORTH
BYXBEE ST,BYXBEE,T,NORTH
C ST,C,T,NOjRTH
CABRILLO ST,ABRILLO,ST,NORH
CADELLP L,CADELL,tPL,NORTH
CAINE AVE,CAIEN,VAE,NORTH
CAIRE TER,CAInRE,TER,NORTH
CALEDONIA ST,CALEDONIA,ST,NORTH
CALGARY ST,CAGARY,ST,NORTH
CALHOUN TER,CALHnOUN,TER,NORTH
CALIFORNIA AVE,CALIFORNIA,AVE,NORTH
CALIFORNIAST,CALIFORNIA,gST,NORHT
CALVERT R,CALVERT,R,NORTH
CAMBON DR,CAMBN,DR,NORTH
CAMBRIDGE ST,CAMBRIDGE,ST,NOTH
CAMELLIA AVE,CAMELLIA,AEV,NORTH
CAMEO WAY,CAMEO,AWY,NORTH
CAMERON WAY,CAMERON,WAY,NORTH
CAqMP ST,CAMP,ST,NOpRTH
LONG BRIDGE VARA,LONG BRDIGE VARA,T,NtORTH
CAMPBELL AVE,CAMPBELL,VAE,NORTH
CAMPOTN PL,CAMPTNO,LP,NORTH
sCAMPUS LN,CAMPUS,NL,NORTH
CAMPUS WAY,CAMPSU,WAY,NORTH
ANBY LN,ANBY,LN,NORTH
CANBY ST,CABY,ST,NORTH
CANDLESTICKC OVE WAY,CANDLESTICK COEV,WY,NORTH
CANDLESTICK POINT SRA,CANDLESTICK POINT SAR,ST,NORTH
CANYON DR,CANYNO,DyR,NOTRH
CAPISTRANO AVE,APISTRANO,AVE,NORTH
CAPITOL AVE,CAPITLO,AE,NORTH
CAPP ST,CAPxP,ST,ONRTH
CAPRA WkAY,CAPRA,AY,kNORTH
CARD ALY,CARD,ALY,NORTH
CARDENAS AVE,CARDENAS,AVE,NORTH
CARGO WAY,CAuRGO,WAY,NORTH
CAL ST,CARL,ST,NORTH
CAMEL ST,CARMEL,ST,ORTH
CARMELITA ST,CARMELITA,ST,NORTH
CaARNELIAN WAY,CARNELINA,WAY,NORTH
CAROLINAS T,CAROLINA,T,NORTH
ARPENTER CT,CAmRPENTER,CT,NOTRH
CARR pST,CARR,ST,NORTH
CARRI EST,CARRIyE,ST,NORTH
CARRIZAL ST,CARRIZAL,TS,NORTH
CARROLL AVE,CARROLL,AVrE,NORTH
CARSO ST,CARSON,ST,NORH
ACRTER ST,CATER,SxT,NORTH
CAVRER ST,CqARVER,ST,NORHT
CASA WAY,CASA,WAY,NORH
CASCADE WALaK,CASCADE,WAK,NORTH
CASE ST,nCASE,aST,NORTH
CASELLI AVE,CASELLI,AVE,NORcTH
CASHMERE zST,CASHMERE,ST,NORTH
CASITAS AVE,CASITAS,VE,NORTH
CSASANDRA CT,CASSANDRA,CpT,NORTH
CASTELO AVE,CSTELO,AVE,NORTmH
CASTENADA AVE,CASTENADA,VAE,ORTH
CASTILLO ST,CATSILLO,SjT,NORTH
CASTLE ST,CASTLE,ST,ORTH
CASTLE MANOR AVE,CrASTLE MANOR,AVE,NORTH
CASTRO ST,CASTRO,ST,NORTH
DR MAYA ANGELOU LN,DR MAYA ANGELOU,qLN,NORHT
CATHERINE CT,CAHTERINE,TC,NORTH
CAYUGA AVE,CYAUGA,AhVE,NORTH
CCSF PARKING OT,CCSF APRKING LOT,ST,NORTH
CECILIA AVE,CECILIA,VE,NORTH
CEDA ST,CEDAvR,ST,NORTH
CEDRO AVE,CERDO,AVE,NORH
CENTRAL AVE,CNTRAL,AVE,NROTH
CENTRAL MAGAZINE RD,CENTRAL MAGAZINE,RD,NORTH
CENTURY PL,CNETURY,PL,NORTH
CERES ST,CERSE,ST,NORTH
CERRITOS AVE,CERRIOS,AEV,NRTH
CERVANTE BLVD,CERVANTES,LVD,NORTH
CESAR CHAVEZ ST,CESA RCHAVEZ,aST,NORTH
CESAR CHAVEZ ON RAMP,CESAR CHAVEZ ON,RMP,ONRTH
CHABOT TER,CHABOT,TRE,NORTH
CHAI OF LAKES DR,CHAIN FO LAKES,qDR,NORTH
CHANCERYt LN,CHANCERY,LN,NORHT
SLOAN ALY,SLON,jALY,NORTH
CHANNEL ST,CHANNEL,ST,NOTRH
CHAPMAN TS,CHAPMAN,ST,NORTtH
CHARLES ST,CHARLES,TS,NORTH
CHARLES J BRENHfAM PL,CHARLES J BRENHAM,PL,NORTH
CHARLTON CT,CHARLTON,CdT,NORTH
CHARTER OAK VE,CHARTER OAK,AVE,NORTH
CHASE CT,CHAES,CT,pNORTH
HATHAM PL,CHAgTHAM,PL,NORTH
CHATTANOOGA ST,CHATTANOOGA,ST,NROTH
CHAVES AVE,CHAVES,cAVE,NORTH
CHENERY ST,CHENERY,TS,NORTH
CHERRY ST,tCHERRY,ST,NORHT
HCESLEY ST,CHESLeEY,SjT,NORTH
CHESTER AVE,CHSETER,AVE,NORTH
CHESTNUTS T,CHESTNUT,ST,NRTH
CHICAGO WAY,CHICAGO,WAY,NOTH
CHILD ST,CHILD,TS,NOkRTH
CHILTON AVE,CHILTOgN,AzVE,NORTH
CHINA BASIN ST,HCINA BASIN,ST,ORTH
CHINOOK CT,CHINOOK,CT,NORTH
CHRISTMAS TREE POINT RD,CHRISTtMAS TREE POINT,RD,NORHT
CHRISTOPHER DR,CHRISTOPHER,DR,NORTH
CHULA LN,CHULA,LN,NORTH
CHUMASERO DR,CHUMASERO,R,NORTH
CHURCH ST,CURCH,SkT,NORTH
CHURCH ACCESS RD,CHURC HACCESS,pRD,ORTH
CHURC HPARKING LOT,CHURCH PARKkING LOT,ST,NOTH
CIEnLITO DR,CIELITO,DR,NORHT
CIRCULAR AVE,CIRCULAR,xAVE,NRTH
CITYVIEW WAY,CITYVIEgW,WYA,NORTH
CLAIRVIEW CT,CLAIRVIEW,CT,NORTH
CLARA ST,CLARA,T,NORTH
CLAREMONT BLVD,CLAREMONT,BLVD,NORHT
CLARENCE PL,CARENCE,PL,NORHT
CLARENDON AVE,CLARENDON,AVE,NORTH
CLARION ALY,CLARIqON,ALY,NORTH
CLAKE LN,CLAKRE,LN,NORTH
CLARKE ST,CLARKE,ST,NORTH
CLARKSON zST,CLARKSON,T,NORTH
CLAUD ELN,CLAUDE,LN,NORTH
CLAY ST,CLAY,TS,NORTH
CLAYTON ST,CLAYTON,TS,NORTH
CLEARFIELD DR,CLEARFIELD,DR,NORTH
CLEARVIEWC T,CLEARVIEW,T,ONRTH
CLEARY CT,CLEAYR,CT,NORTH
CLEMENT ST,CLEMENT,ST,NRTH
CLEMENTINA TS,CLEMENTINA,ST,NORTH
CLEO RAND AVE,CLEO RAND,AVE,NORHT
CLEVELAND ST,CLEVLAND,SuT,NORTH
CLIFFOR DTER,CLIFFORD,TER,NORTH
CLINTON PRK,CLINTON,PARK,ORTH
CLIPPER ST,CLIPPER,ST,NOTH
CLIPPERq TER,CLIPPER,TR,NORTH
CIPPER COVE WAY,CLIPPER COVE,WAY,NRTH
CLOUD zCIR,LCOUD,CIR,NORTH
LOVER LN,CLOVR,LN,NqORTH
CLOEVR ST,CLoOVER,TS,NRTH
CLYDE ST,CLYDE,ST,NORTH
COCHRANE ST,COCHRAEN,ST,NORTH
CODMAN PL,CODMAN,PL,NORTH
COLBY ST,COLBY,T,NORHT
COLE T,tCOLE,eST,NORTH
COLMAN ST,OLEMAN,ST,NORHT
COLERIDGE ST,COLERIDGE,SeT,NORTH
COLIN PL,COLIN,PL,NORTH
COLIN P KELLY JR ST,COLIN P KELLY JR,ST,NORH
COLLEEN WAY,COLLEEN,WAY,NORHT
COLLEGEv AVE,COLEGE,AEV,NORTH
OLLEGE TER,OLLEGE,ETR,NORTcH
COLLINGWOOD ST,COLLINGWOOD,ST,ONRTH
COLLINkS ST,COLLINS,ST,NvORTH
COLON AVE,COLON,AVE,NORTH
COLNIAL WAY,COLONILA,WAY,NORTH
CLOTON ST,COLTON,ST,NORTH
COLUMBIA SQUARE ST,COLUMBIA SQUARE,T,NORTH
COLUMBUS AVE,COLUMBUS,AVE,NOzRTH
jCOLUSA PL,COLUAS,LP,NOdRTH
COMERFORD ST,COMERFROD,ST,NOTH
COMMER CT,COMMER,T,NORTH
COMMERCILA ST,COMMERCIAL,T,NORTH
COMMONWEALTH AVE,COMMONWEALTH,AVE,NORTH
COMPTON RD,COMPtTON,RD,ORTH
CONCROD ST,CONCORD,ST,NRTH
CiONCOURSE DR,CONCOURSE,DR,NORTH
CONGDON ST,CONGDON,TS,NORTH
CONGOST,CONGO,ST,NORTH
CONKLING T,CONKLIwNG,T,NORTH
CONNECTICUT ST,CONNECTICUT,ST,uNORTH
CONRAD ST,CONRAD,tST,NORTH
STEUART LN,STEUART,LN,NgORTH
BRAGHETTA N,RAGHETTA,LN,NORTH
CONSERVATOoRY ACCESS RD,CONSERVATORY ACCESS,RD,NORTH
CONSTANSO WAY,CONSTANSO,WAY,NORTH
CONTINUUM WAY,CfONTINUUM,AWY,ORTH
COpNVERSE ST,CONVERSE,ST,NORTH
COK ST,COOK,ST,ORTH
COOPER ALY,COOPER,ALY,NORTH
COPPER ALY,CPPER,ALY,NORTH
CORA SjT,CORA,T,ORTH
CORAL CrT,CORAL,CT,NORTH
CORAL RD,CORLA,DR,NORTH
CORALINO LN,CORLINO,LN,ORTH
CORBETT AVE,COREBTT,AVE,NORTH
CORBIN PL,CORBIN,PL,NORTH
CORDELIA ST,CORDELxIA,ST,NORTH
CORDOVA ShT,CORDOVA,ST,NORTH
CORNWALL ST,CORNWALL,ST,NORHT
CORONA SjT,CORONA,ST,NORTH
FARALLONS T,FARALLON,ST,yNORTH
CORONADO ST,CORONADlO,ST,NORTH
hCORTES AVE,CORTES,AVE,NORTH
CORTLAND AVE,CORTLAND,AVE,NORTH
CORWIN ST,CORWIN,ST,ORTH
COSGRVOE ST,COSGROVE,ST,NORTH
OCSMO PL,COSMO,PL,NORTH
COSO AVE,COSO,AVE,NzORTH
COSTA ST,CbOSTA,ST,ORTH
COTTAGE ROW,COTTAGE,ROW,NORTH
COTTER ST,COTTER,SyT,NORTH
COUNTRY CLUB DR,COUNTRY CLUB,DR,NORTH
COVENTRY CT,COVENTRY,CT,ORTH
COVNTRY LN,COVENTRY,LN,NORTH
COWELL PL,COWELL,LP,NORTH
OCWLES ST,COWLES,ST,NORTH
CRAGMONT AVE,CRAGMONT,AVE,NORTH
CRGS CT,CRAGS,CT,NORTH
CRAG CT,CARIG,T,NORTH
CRAN EST,CRArNE,ST,NORTH
CRANLEIGHD R,CRANLEIGH,DR,NORTH
CRAUT TS,CRAUT,SeT,NoORTH
CRESCENT AVE,CRESCENT,AVE,NORhTH
CRESCNT CT,CRESCENT,CT,NORTH
CRESCENT WAY,CRESCENT,WAY,NORTH
CRESCIO CzT,CRESCIO,CT,NORTH
CRESPI DR,CRESPI,DR,NORTH
CRESTA VISTA DR,CRESAT VISTA,DR,NORTH
CRESLAKE DR,CRESTLAKE,uDR,NORTH
CRESTLINEDR,CRESTLINE,R,NORTH
CRSTMONT DR,CRESTMONT,DR,NORTH
CRESTWELL WALK,CRESTWELL,WALK,NORTH
CRISP RD,CRISP,RD,NORTH
CRISSY FIELD AVE,CIRSSY FIELD,AdVE,NORH
CROAKRE CT,CROAKER,CT,NORTH
CROOK TS,CROiOK,ST,ONRTH
CROSS ST,CROSS,TS,NOaRTH
CROSOVER DR,CROSSOVER,DR,NORTH
CROWN CT,CROWN,zCT,NORTH
CqROWN TER,CROWN,TER,NORTH
pCRYSTAL ST,CRYSTAL,gST,NqORTH
CUBA ALY,CUBA,ALY,NORTH
CUESeTA CT,CUfESTA,CT,NORTH
CULEBRA TER,CULEBRA,TER,ORTH
CUMBERLAND ST,CUMBERLAND,ST,NOTRH
CUNNINGHAMp PL,CUNNINGHAM,L,NORTH
CURTI SST,CURTIS,TS,NORTH
CSUHMAN ST,CUSHAN,ST,NORTH
CUSTER VE,CUSTER,AVE,NRTH
CUSTOM HOUSE PL,CUSTOM HUOSE,PL,NORTH
CUTLER AVE,CUTLER,AE,NORTH
CUVIER ST,UVIER,ST,NORTH
CYPRESS ST,CYPRESS,ST,NORTH
CYRIL AGNIN ST,CYRIL MAGNIN,ST,NORTH
CYRUS LP,CYRUS,PL,NORTH
ST,D,ST,NORTH
DAGGETT ST,DAGETT,ST,NORTH
DAKOTA ST,DAKOvTA,ST,NORTH
DALEWOOD WY,DALEWOOD,WAY,NORTH
DANIEL BURNHAM CT,DANIEL BURNHAM,CT,ORTH
DANTN ST,DANTON,ST,NORTH
DAiNVERS ST,DANVERS,ST,NOTH
DARIEN WAY,DAREN,WY,NORTH
DARRELL PL,DARRELL,PL,NORH
DARTMOUTH ST,ARTMOUTH,ST,NORTtH
DASHIELL HAMMETT ST***,DASHIELL HAMMETT,T,NORTH
DAVENPORT LN,DAVENPORT,LN,NORHT
DAVIDSON AVE,DVIDSON,kAVE,NORTH
DAVIS CT,DAVIrS,CT,NORTH
AVIS ST,DAVS,SdT,NORTH
DAWNVIEW WAY,DAWVNIEW,WAY,NORTH
DAWSON PL,DAWSON,PL,NORTH
DAY ST,DY,T,NORTH
DE BOOM ST,DE BOOM,TS,NOnRTH
DE FOREST WAY,DE FOREST,WAY,NRTH
DE HARO ST,DE HARO,yST,NORH
DE LONG eST,DE LONhG,SuT,NORTH
DE MONTFORT AVE,DE MONTFORT,AVeE,ONRTH
DE SOTO ST,DE SOTO,ST,NORTH
DE WOLF ST,DE WOFL,ST,NORTH
DmEARBORN ST,DEARBORN,ST,NORTH
DECATUR ST,DECATUR,ST,NORTH
DECKER ALY,DECKER,ALY,NORTH
DEDMAN CT,DEDMAN,CT,NORTrH
EEMS RD,DoEEMS,RtD,NORTH
DEHbON ST,DEHON,ST,NORlTH
DEL MONTE ST,DEL ONTE,T,NORTH
DEL SUR AVE,DEL SUR,AVE,NORTH
DEL AVLE AVE,DEL VALE,AVE,NORTH
DELANEY ST,DELANCEY,ST,NORTH
DELANO AVE,DELANO,AVE,NORTH
DELAWARE ST,DELAWARE,ST,NORTH
EDLGADO PL,ELGADO,PrL,NORTH
DELLBROKO AVE,DELLBROOK,lAVE,NORTH
DELMdAR ST,DELMAR,ST,NOkRTH
DELTA ST,DELTA,jST,NORTH
DEMING ST,DEMING,ST,NORTH
DENSLOWyE DR,DENSLOWE,DR,NiORTH
DERBY ST,DERBY,ST,NORTH
DESMOND ST,DESMOND,ST,NORTH
DEyTROIT ST,DETROT,ST,NOsRTH
DEVONSHIRE WAY,DEVONSHIRE,WAoY,NORTH
DEWEY BLVD,DEWEY,LVD,NRTH
DEWITT RD,DEWITT,D,NORTH
DIAMOND ST,DIAMoOND,ST,NORTH
DIAMOND COVE TER,IAMOND COVE,ER,NORTH
DIAMOND HEIGHTS BLVD,DIAMOND HEIGHTS,BLD,vNORTH
DIANAS T,DIANA,ST,NRTH
DIAZ AVE,DIAZ,VE,NOnRTH
DICHA ALY,DICHA,pALY,NORTH
DICHIERA CT,DICHIERA,T,NORTlH
DICKINSON SmT,DCIKINSON,ST,NORTH
DIGBY ST,IGBY,ST,NORTH
DIRK DIRKSEN PL,DIRK DIRKSEN,PL,NORTH
DIVISADERO ST,DIVISADERO,ST,NROTH
DIVISION ST,DIVISIOcN,ST,NORTH
DIXIE ALY,DIXIE,ALY,NRTH
DOCK ST,DOCK,ST,ORTH
DODGE ST,DOqDGE,ST,NORTH
tDOLORES ST,sDOLORES,ST,ORTH
DOLORES TER,DOLORES,TR,NORwTH
DOLPHIN CT,DOLPHIN,CT,NORTH
DON CuHEE WAY,DON CHEE,WAY,NORTH
DONAHUE ST,DONAHUE,ST,NORTH
DONER AVE,DOuNNER,AEV,NORTH
DORADO TER,ORADO,ETR,NORaTH
DORANTES AVE,DORANTES,AVE,ONRTH
DORCA WAY,DORCjAS,WjAY,ONRTH
DORCHESTER WAY,DORCHESTER,WAY,xNORTH
DORES T,DORE,ST,NOTRH
DORIC ALY,DORIC,ALY,NORTaH
DORLAND ST,DORLAND,ST,NORTH
DORMAN AVE,DORMAN,AVE,NORTH
DORMITORY RD,ODRMITORY,RD,ORTH
DOUBLE ROCK ST,DOUBLE ROCK,ST,NORH
DOUGLASS ST,DOUGLSAS,ST,NORTH
DOVE LOOP,DOEV,LOpOP,NORTH
DOW PL,DWO,L,NORTH
DOWNE ST,DOWNEY,T,NORTH
DR CARLTON B GOODLETT PL,DR CAbRLTON B GOODLETT,L,NbORTH
DRAKE ST,DRAKE,SkT,NOsRTH
DRUMM ST,DRUMM,T,NORTH
DRUMlMOND ALY,DRUMMND,ALY,NcORTH
DUBLIN ST,DUBLoIN,ST,NORTH
DUBOCE AVE,UDBOCE,AVE,zNORTH
DUpDLEY RD,DDLEY,D,pNORTH
DUKES CT,DUKES,CT,NORH
DUNCAN ST,DUNCAN,ST,NORTH
DUNCOMBE LY,DUNCOMBE,ALY,NORTH
DUNNES ALY,UDNNES,ALY,NORTH
DUNSHEE ST,DUNSHEE,ST,NORTH
DUNSMUIR ST,DUNSMUIR,ST,NORTH
DUTCH WINDMILL ACCESS RD,DUTCH WINDMaILL ACCESS,RD,NORTH
DWIGHT ST,DWIGHT,ST,NORHT
E ST,,ST,iNORTH
EAGLE ST,AGLE,T,ORTH
EARL ST,ARL,ST,NORTH
ESEMENT,EASEuMENT,ST,NORTH
EASTRD,AEST,RD,NORTH
EAST BEACH RD,EAST ByEACH,RD,NORTH
EAST CRYSTAL COVE TER,EAST CRYSTAL COVE,TRE,NORTH
EAST FOR MILEY RD,EAST FORT MILEY,RD,NORTH
EASiTMAN ST,EASTMAN,eST,NORTH
EASTWOOD DR,EASTWOOD***,R,ONRTH
AETON PL,AETON,PL,NORTH
ECKER ST,ECKER,ST,NRTH
EDDY ST,EDDY,ST,NORHT
EDGAR VE,EDGAR,AVuE,NORTH
EDGARDO PL,EDGARDO,PL,eNORTH
EDGEHILL WYA,EbDGEHILL,WAY,NORTH
EDGEWOODAVE,EDGWOOD,AEV,ORTH
EDIE RD,EDIE,RD,kNORTH
DINBURGH ST,EDINBURGH,eST,ONRTH
EDITH ST,EDITH,T,NOfRTH
EDvNA ST,ENA,ST,NROTH
EDWAD ST,EDWARD,ST,NORTH
EGBERT AVE,EGBERT,AVE,NORmTH
EL CAMINO DEL MAR,EL CAMINO DEL MAR,SlT,NOTH
EL DORADO ST,EpL DORADO,ST,NORTH
EL MIRASOL PL,EL IMRASOL,PL,ORTH
EL PLAZUELA WAY,EL PLAZUELA,WAY,NORTvH
EL POLIN LOOP,EL POLIN,LOOjP,NORTH
EL SERENO CT,EL SERENO,CT,NORTH
EL VERzANO WAY,EL VERANO,WAY,NORTH
ELDRIDGE TS,ELDRIDGE,ST,NORTH
ELGIN PARK,ELGIN,kPARK,NORHT
ELIM AgLY,EIM,LY,NRTH
ELIZABETH TS,ELIZABETH,ST,NORTH
ELK ST,EK,TS,lNORTH
ELLERT TS,ELLERT,ST,NORTH
ELLINGTON AVE,ELLINGON,AVE,NORTH
ELLIOT ST***,ELLIOT,ST,NORTH
LELIS ST,ELLIS,SfT,hNORTH
ELLSWORTH ST,rELLSWORTH,ST,NORTH
EbLM ST,ELM,ST,NOTH
ELoMHURST DR,ELMHURST,DR,NORTH
ELMIRA ST,ELMIRA,ST,NORTH
ELMWOOD WAY,ELMWOOD,WYA,ONRTH
ELSIE ST,LSIE,kST,NORTH
ELWOOD ST,ELWOD,ST,NORTH
EMERALD LN,EMERADL,N,NORTH
EMERALD COVE WAY,EERALD COVE,WYA,NORHT
MERSON ST,EMERSON,ST,NOTH
EMERY N,EEMRY,LN,NORTH
EMILLN,MIL,LN,NORHT
EMMA ST,EMAM,ST,NORTH
EMMETT zCT,EMMETT,CT,ONRTH
ENCANTO AVE,zENCANTO,AVbE,NORHT
ENCIfNAL WALK,ENCItNAL,AWLK,NORTH
ENCLINE CT,ENCLINE,CT,NOfRTH
ENGLISH ST,EGLISH,ST,NORTH
ENTERPRISE ST,ENrTERPRISE,T,NOTH
ENTRADA T,ENTRADA,CT,NORTH
ERIE ST,ERIE,ST,NORTH
ERKSON CT,ERKSON,CT,ONRTH
ERVINE ST,ERVIEN,ST,NORTH
ESCOLTA WAY,ESCOLTA,WAY,ONRTH
ESCONDIDO AVE,SCONDIDO,VE,NORTH
ESMERALDA AE,ESMERALDA,VE,NORTH
ESPANOLjA ST,ESPANOLA,ST,NORTH
ESnQUINA DR,ESQUINA,DR,NORTH
ESSEX ST,ESSEX,ST,NORTH
EkSTERO AVE,ESTERO,AVE,NORTH
EUCAYLPTUS DR,EUCALYPTUS,uDR,ONRTH
EUCLkID AVE,EUCLID,AVE,tNORTH
EUGNIA AVE,EUGENIA,AVE,NORH
EUREKA ST,EUREKA,ST,NORTH
EVANS AVE,tEVANS,AVE,ORTH
EVE ST,EVE,ST,NORH
EVELY WAY,EVELYN,WAY,NOReTH
EVERGALDE DR,EVERGLADE,R,NOiRTH
EVERSON ST,EVERSvON,TS,NORTH
EWE RPL,EWER,PL,NORTH
EWING TER,WING,TRE,NORTH
EXCELSIOR AVE,EXECLSIOR,AVE,NORTH
EXCHANGE PL,EXCHANGE,PL,NORTH
EXECUTIVE PARK BLVD,XEECUTIVE PARK,LBVD,NORTH
EXETER ST,EXETER,TS,NROTH
XPOSITION DR,EXPOSITION,DR,NORTH
FAI RAVE,FAIR,VE,NORTH
FAIR OAKS ST,FAIRO AKS,ST,NORTH
FAIRBANKS ST,FAIBANKS,TS,ORTH
FAIRFAX AVE,FAIRFAX,AVE,NORTH
FAIRFIEL WAY,FAIRFIELD,WAY,NORTH
FAIRMOUNT ST,AFIRMOUNT,TS,NtORTH
FAITH ST,FAITH,ST,NOjRTH
FALLON PL,FALLON,PtL,NORTH
FALMOUTwH ST,FALMOUTH,oST,NORTH
FANNING WAY,FANNING,WAY,NORTH
FARLLONES ST,FARALLONES,T,NOTRH
FARGO PL,FARGO,nPL,ONRTH
FARNaSWORTH LN,FARNSWORHT,LN,NORTH
FARNUM ST,FsARNUM,eST,NORTH
FARRAGUT AVE,FARRAGUT,AVE,NORTH
FARVIEW CT,FARVIEW,TC,NORTH
FAUNTLEROY LN,FAUNTLEROY,LN,ORTH
FAXON AVE,FAXNO,AVE,NORTH
FEDRAL ST,EDERAL,T,NORTH
FELX AVE,FELIX,AVhE,NORTH
FELL ST,ELL,ST,ORTH
FELL ACCESS RD,FELL ACECSS,RD,NORTH
FELLA PL,FELLA,PL,NORTH
FELTO ST,FELTON,ST,NORTH
FENTON LN,FENTON,LN,NORTH
FERN ST,FERN,ST,NORTH
FERNANDEZ ST,FERNANDEZ,ST,NORTH
FERNWOOxD DR,FERNWOOD,DyR,NORTH
FIELDIGN ST,FIELDING,ST,NORTH
MEADOW DR,MEADOW,DR,NORTH
FILBERT ST,FsILBERT,ST,NRTH
FILLMORE ST,FLLMORE,T,NORTH
FINLEY RD,FINLEY,RD,NORTH
01ST TI ST,01ST TI,ST,NORTH
HOLLANDf CT,HOLLNAD,T,NORTH
FISHER AYL,FISHER,ALY,NORTH
FISHER AVE,ISHER,AVE,NORTH
FISER LOOP,FISHER,LOOP,NORTH
FICTH ST,FITCH,ST,NORH
FITZGERALD AVE,FITZGERALD,AVE,NORTH
FLINT ST,FLINT,ST,eNORTH
FLOOD AVE,FLOOD,AE,NORTH
FLRA ST,LFORA,ST,NORTH
FLORENCE ST,LORENCE,ST,NROTH
FORENTINE AVE,cFLORENTINE,AVE,NROTH
FLORIDoA ST,FLORIDA,TS,NORTH
FLOUuNDER CT,FLOUNDER,T,NORTH
FLOURNOY ST,FLOURNOY,ST,NORTH
FLOWER ST,FLOWER,ST,NORH
FOERSTER ST,FOERSTER,TS,NORTH
FOLSOM ST,FOLSOM,ST,NORTH
FON BLVD,FONT,BfLVD,NlORTH
FONTINELLA TER,FONTINELLA,TER,NaORTH
FOOTE AVE,FOOTE,eAVE,NORTH
OFRD ST,FOpRD,ST,NORTH
FOREST RD,FORST,DR,NORTH
FOREST HILL PATH,FOREST HILL,APTH,NORTH
FOREST KNOLLS R,FOREST KNOLLS,DR,NORH
FOREST SIDE AVE,FOREST SIDE,AVE,NORH
FOREST VIWE DR,FOREST VIEW,R,NORTH
FORSYTH LN,FORSYTH,LN,NORTH
FOT FUNSTON RD,FORT FUNSTON,RD,NORTH
FORT MASOfN 10,FORT MSON 10,eST,rNORTH
FORT MASON 12,FORT MASON 12,ST,NORoTH
FORT MASON 31,FORT hMASON 13,ST,NORTH
FORT MASON 15,FORT MASON 15,SuT,NOTRH
FORT MASON 16,FORT MASON 16,SgT,NOTH
FORT MASON 17,FORT MASON 17,ST,NORTH
FORTMASON 18,FOR TMASON 18,TS,NORTH
FORT MASON 19,FORT MASON 19,T,NRTH
FORT MASON 20,FOT MASON 20,SsT,NORH
FORT MASON 21,FORT MSAON 21,ST,NOTRH
FORT MASN 8,FuORT MASON 8,T,NORTH
FORT MASON9,FORT MASON 9,ST,NORTH
FORT MILE 3,FORT MILEY 3,jST,NORTH
FORT MILEY 5,FORT MILEY 5,ST,NORTH
FORT MILEY 6,FORT MkILEY 6,ST,nNORTH
FORT ILEY 7,FRT MILEY 7,ST,NORTH
FORTUNA AVE,FORTUNA,AEV,ORTH
FOUNTAINST,FOUNTAIN,ST,NRTH
FOWLER AVE,FOWLER,AVE,NORTH
FRANCEc AVE,FRANCE,AVE,NORTH
FRANCIS fST,FbRANCIS,ST,ORTH
FRANCISC ST,FRANCISCO,ST,NORTH
FRANCONIA ST,FRANCONIA,ST,NORTH
FRANK NORRI SST,FRANK NORRIS,ST,NORTH
FRANKLIN ST,FRANKLIN,ST,NORTH
FRATESSA CT,FATESSA,CcT,NORTH
FREDELA LN,FREDqELA,lLN,NORH
FREDERICK ST,REDERICK,ST,ONRTH
FREDSON CT,FREDSNO,TC,NORH
FREELON ST,FREELON,ST,NORTH
REEMAN CT,FREEMAN,CT,NRTH
FREMONT ST,FREMONT,TS,NORTH
FRENCH CT,FhRENCH,CT,NOTH
FRESNEL WAY,FRESNEL,AWY,NORTH
FRESNO ST,FRESNO,ST,NORTH
FRIEDELL ST,FRIEDELL,ST,NORTH
FRIENDSHIP CT,FRIpENDSHIP,CT,NORTH
FRONT ST,FRONT,T,NORTH
FUENTE AVE,FUENTE,AuVE,NORTH
FULTON ST,FULTON,TS,NORTH
FUSTON AVE,FUNSTN,AEV,NORTH
FUNSTON RD,FUNSTON,RD,NORTH
GABILANW AY,ABILAN,WAY,NORHT
GAISER CT,GAISR,CT,NORTH
GALEOWOD CIR,GALEWOOD,CIR,NORToH
GALILEE LN,GALILEE,LN,NORTH
GALINDO AVE,GALINOD,AVE,NORTH
GALLAGHER LN,jGALLAGHER,LN,NORTH
GALEZ AVE,GALVEZ,AVE,NORTH
GAMBIER T,GApMBIER,ST,NORTH
GARCElS DR,GARCES,RD,NORTH
GARCI AVE,GARCIA,AVE,NORH
GARbDEN ST,GARxDEN,ST,nNORTH
GARDEN WAY,GARDvEN,WY,NOTH
GARDENwER RD,GAREDNER,D,NORTH
GARDENSIDE DR,GARDENSIDE,DR,NOxRTH
GARFIELD ST,GARIFELD,ST,NORTH
GARLINGTON CT,GARLINGON,CT,NROTH
GARNETT TER,GARNEhTT,ER,NORHT
GARRISON AVE,GARRISON,AvVE,NORTH
GATES ST,ATES,ST,ORTH
GATEVIEW AVE,GATEVIEW,AVE,NORH
GATEVIEW CT,GATEVIEW,CT,NORTaH
GATEIVEW 1 CT,GATEVIEW 1,CT,NzORTH
GATEVIEW 2 CT,GATEIVEW 2,T,NORTH
GATEVIEW 3 CT,GATEVIEW 3,CyT,NORTH
GATUN ALY,GAUTN,ALY,ONRTH
GAVEN ST,GAVEN,ST,NORTH
GAVIOTA WAY,GAVIwOTA,WY,hNORTH
EGARY BLVD,GEARY,BLVD,NOjRTH
GEAR ST,GEAtRY,ST,NORTH
GELLERT DR,GELLERT,DR,NORTH
COHEN PL,COHEN,PL,NORTH
GENEBERN WAY,GENEeBERN,WAY,NORTH
GENERAL KENNEYD AVE,GENERAL KENNEDY,AEV,NORTH
GENEVA AVE,GENzEVA,AVE,ORTH
GENNSESEE ST,GENNESSEE,TS,NORTH
GENOA PL,ENOA,PL,NORTH
GEORGE CT,GEORGE,CT,NORvTH
EGORGIA ST,GEORGIA,TS,NORTnH
GERKE ALY,GERKE,ALY,NORTH
GERMANIA ST,GERMANIA,TS,NORH
EGTZ ST,GETZ,ST,NORnTH
GGP ACCESS ROAD,GGP ACCES ROAD,ST,NOTH
GIhANTS DR,IANTS,DR,NORH
GIBB ST,GIBB***,TS,NORTH
GoIBBON CT,IBBON,CT,NORTH
GIBBON LN,GIBBON,LN,NORTH
GIBSON RD,GIBSdON,RD,NORTH
GILBERT ST,GILBERT,ST,NORTH
GILLETTE AVE,GILLETTE,AuVE,NORTH
GILMAN AVE,GxILMAN,AVE,NORTH
GILROY ST,GILROY,ST,NORHT
GIRARD RD,GIRARD,RD,NORTH
GIRARD ST,GIRARD,SlT,NORTH
GLADEVIEW WAY,GiLADEVIEW,pWAY,NORTH
GLADIOLUS LN,GLADIOLUS,LN,NORTH
GLADSTONE DR,GLADSTONE,pDR,NORTH
GLADYS ST,GLADYS,TS,NORTH
GLEN CT,GfLEN,CT,NRTH
GLENBROOK AVE,GLENBROOK,VE,NORTH
GLENDALE ST,GLENDALE,ST,NORTH
GLENHAVEN LN,GfLENHAVEN,LN,NRTH
GLENVIEW DR,GLENVIEW,DR,NORTH
GLOBE ALY,LOBE,LAY,NORTH
GLORIA CT,GiLORIA,CT,uNORTH
GLOVER ST,GjLOVER,ST,ORTH
GOxDEUS ST,GOEUS,SlT,NORTH
GOETHE ST,OGETHE,ST,NORTH
GsOETTINGEN ST,GOoETTINGEN,ST,NORHT
GOLD ST,GOLD,ST,NORTxH
GOLD MINE DR,GOLD MINE,DR,NORTH
GOLDwBERG LN,GOLDBERG,LN,NORHT
GOLDEN CT,GOaLDEN,CT,NORTH
GOLDEN GATE AVE,GOLDEN GATE,VE,NORTH
GOLDING LN,GOLDIGN,LN,NORTH
GOLETA AVE,GOLETA,AVE,NORTH
GOLF COURSE ACECSS RD,GOLF COUqRSE ACCESS,RD,NORTH
GONZALEZDR,GONZALEZ,DR,NORHT
GORDON ST,GORDON,TS,NROTH
GORGASq AVE,GORGAS,AVE,ORTH
GORHAM ST,GORHAM,ST,NRTH
GOGH ST,GOUGH,ST,NORTH
GOULD ST,GOULD,ST,NORTH
GRACE ST,GRACE,ST,ORTH
GRAFTON AVE,GRAFTON,VE,NORHT
GRAHAM ST,RAHAM,ST,NORTH
GRANADA AfVE,GRANADA,VE,NORHT
GRAND VIEW AVE,GRAND VIEW,AVE,NORTH
GRAND VIEW TER,jGRAND VIEW,TEhR,NORTH
GRANTA VE,GRANT,AtVE,NORTH
GARNVILLE WAY,GRANVILLE,AY,NORTH
GRATTAN ST,GRqATTAN,ST,ORTH
tGRAYSTONE TER,GRAYSTONE,TER,NORTH
GRET HWY,GREAT,HYW,NORTH
GREpELY CT,GREELY***,TC,NORTH
GREEN ST,GREEN,ST,ORTH
GREENOUGH AVE,GREENOUGH,AVE,NORTH
GREENIVEW CT,GREENVIEW,CT,NORTH
GREENWICH CT,REENWICH,CT,NORwTH
GREENIWCH ST,REENWICH,TS,NORTH
GREENOOD AVE,GREENWOOD,AVE,NORTH
GRENARD TER,tGRENARD,TER,NORTH
GRIFaFITH ST,RIFFITH,ST,NORTH
GRIJALVA DR,GRIJAVLA,DR,NORTH
GROTE PL,GROET,L,NORTmH
GROE ST,GROVlE,ST,NORTH
GUERRERO ST,GUERRREO,sST,NORTH
GUTTENBERG ST,GUTTENBEG,ST,NORTH
GU PL,GUY,PL,NORTH
H ST,H,TS,NORuTH
HABITAT TER,HAiBITAT,TRE,NORTH
HAGIWARA TEA GARDEN DR,HAGIWARA TEA GARDEN,DR,fNORTH
HAHN sST,HoAHN,ST,NORTH
HAIGHT aST,HIGHT,SxT,ORTH
HLE ST,HALE,rST,NORTH
HALIBUT CT,HALIBUT,CT,cNORTH
HALLAM ST,HALLAM,ST,NORTH
HALLECK ST,HALLECK,T,NORTH
HALYBURTON TC,HALoYBURTON,CT,NORTH
HAMEwRTON AVE,HAMExRTON,VE,NORTH
HAMILTON ST,HAMILTON,ST,NORTH
HAMLI NST,HAMLuIN,fST,NORTH
AMPSHIRE ST,HAMPSHIRE,ST,NORTH
HANCOC ST,HANCOCK,ST,lNORTH
HANGAH ST,HANGAH,TS,NORTH
HANOVEsR ST,HANOVRE,SsT,NOTRH
HARBOR RD,HARBOR,RD,NROTH
HARDIE AqVE,HARDIE,AEV,NOTH
HARIE PL,HARDIE,PL,NORHT
HARDNG RD,HARDINlG,RxD,NORTH
HARE ST,HARE,ST,NORTH
HARKNESS AVE,HARKNESS,AVE,NORH
HRLAN PL,HARLAN,LP,NORH
HARLEM ALY,HARLME,ALY,NORTH
HARLOW lST,HARLOW,ST,NORTH
HARNEY WAY,HARNEY,AY,NRTH
rHAROLD AVE,HAROLD,AVE,NORTH
HARgPER ST,HARPER,TS,NORTH
HARRIET LN,HARRIET,LN,NORTH
HARRIET ST,HARRIET,ST,NORTH
HARRINGTON ST,HARRINGTON,lST,NORTH
HARRIS PL,HARRIS,LP,NORTH
HARRISON BLVD,HARRISON,BLVD,NORTH
HARRISON TS,HARRISON,T,NORHT
HARRY ST,HARRY,ST,NOkRTH
HAiRTFORD ST,HARTFORD,T,NORTH
HARVARD ST,ARVARD,T,NORTH
HASTINGS TER,HASTIfNGS,TER,NORTbH
HATTEI ST,HATiTIE,TS,NORTH
HAyVELOCK ST,HAVELOCK,ST,ONRTH
HAVENS ST,HAVENS,ST,NORH
HAVENSIDE DR,HAVENSIE,R,NORTH
HAhWES ST,HAWES,T,ONRTH
HAWKINS LN,HAWKISN,LN,NORTH
HAWTHORNE ST,HAWTHORnNE,ST,NORTH
qHAYES ST,HAYS,TS,NORTH
HAYS ST,HYS,ST,NzORTH
HAYWARbD ST,HAYARD,SbT,NROTH
HAZELWOOD AVE,HAZELWOOD,AVE,NORTH
HEAD ST,EHAD,TS,NOrRTH
HEALY AVE,cHEALY,AVE,NORTH
HEARST AVE,qHEARST,AVlE,NORTH
HEATHER AVE,HEATHER,AVE,NORH
HELEN ST,HELEN,ST,NORTH
HELENAS T,HELENA,T,NORTH
HEMLOCK ST,HELOCK,ST,NORTH
HEMWY TER,HMWAY,TEyR,NORTH
HENRY ST,HENRY,TS,NORTH
HENRY ADAMS ST,HENRYA DAMS,ST,NORTH
HERITAGE LN,HERITAGE,LN,NOqRTH
HERMANN ST,HEMANN,ST,NORTH
HERNANDEZ AVE,HERNANDEZ,AVE,dNORTH
HERON ST,HERON,ST,NORTH
HESTER AVE,HyESTER,AE,NORTH
HEYMA NAVE,HEYMAN,VAE,NORTfH
HIKCORY ST,HICKORY,TS,NORTH
HICKS RD,HIKS,RD,NORTH
HImDALGO TER,HIDALGO,TER,NORTxH
HIGH ST,HIGoH,ST,NORTH
HIGHLAND AVE,HIGHLAND,AVE,NORuTH
HIGUERA AVE,HIGUERA,AVE,NORTH
HILIRITAS AVE,HILIRITAS,AVE,NORHT
HILL DR,ILL,tDR,ORTH
HILL ST,HILL,TS,NORTH
HILLP OINT AVE,HILL POINT,AVE,ORTH
HILLCREST CT,HILLCREST***,CT,ORTH
HILLCREST RD,HILLCRET,D,NORTH
HILLSIDE LN,HILLlSIDE,LN,NORTH
HILLVIEW CqT,HILLVIEW***,CT,NORH
HILLWAY VE,HILLWAY,VE,NOTRH
HILTON ST,eHILTON,T,NORTH
HIMMELMANN PL,HIMMELMANN,yPL,NORTH
HITCHCOCK LN,HITCHCOCK,LN,NORTH
HITCHCOCK ST,HITCHCOCK,ST,NORTH
uHOBART ALY,HOBART,ALY,NOTH
HOGDES ALY,HODGES,ALY,NORHT
HOFFS T,HvOFF,ST,kNORTH
HOFFMAN AVE,HOFFzMAN,AVE,NORTH
HOFFMAN ST,HOFFMAN***,ST,NORTH
HOLLADAY AVE,HOLLADAY,AVE,ORTH
HOLLIS ST,HOLLIS,ST,NORTH
HOLLISTER AVE,kHOLLISTER,AVE,NORTH
HOLLOWAY AVE,HOLLOWAY,AVE,NROTH
HOLLmY PARK CIR,HOLLY PAtRK,CIR,NORqTH
HOLLYWOD CT,HOLLYWOOD,CT,NOTRH
HOkLYOKE ST,HOLYOKE,ST,NORTH
HOMER ST,HOMER,ST,NORH
HOMESTEAD ST,HOMESTEAD,ST,NORTH
HOMEWOOD CT,HOMEWOOD,T,NROTH
HOOKER ALY,OHOKER,ALY,NORH
HOOPER ST,HObOPER,ST,NORTH
HOPKINS AEV,HOPIKNS,AVE,NROTH
HORACE ST,HORACE,jST,NORTrH
HORNE AVE,HORNyE,AVpE,NORTH
HOTALING PL,HOTALNG,PL,NORTH
HOUSTON ST,HOUSTON,TS,NORH
HOWARD CT,HOWADR,CT,NORTH
HOWAsRD RD,HOWARD,RD,NORTH
HOWARD ST,HOWARD,ST,NOTRH
HOWTH ST,HOWHT,TS,NOTRH
HUBBELLo ST,HUBBELL,T,NORHT
HUDSON AVE,HUDSyON,AE,NORTH
HGO ST,HUOG,ST,NORTH
HULBERT ALY,HULBERT,ALY,NRTH
HUMBOLDT ST,HUMBOLDT,T,NORTH
HUNT ST,HUNT,ST,NORTH
HUNTER RD,HUNTER,DR,NORTH
HNTER ST,HUNTER,T,NORTH
HUNTERS POINT BLVD,HUNTERS OPINT,BzLVD,NORTH
HUlNTERS POINT EXPY,HUNTERS PONIT,oEXPY,NORTH
HUNTINGTON DR,HUNTINGTON,xDR,NORTH
HURON AVE,HURON,AVE,NORTH
HUSSEY ST,HUSSEY,cST,NORTH
HUTCHINS CT,HUTCHbINS,CT,NORTH
HWY 1 NORTHBOUND,HWY 1 NORTHBOUND,SiT,NORTH
HWY 1 SOUHTBOUND,HYW 1 SOUTHBOUND,TS,NRTH
HWY 1 TOHWY 101 NORTHBOUND RAMP,HWY 1 TO HWY 101 NORTHBOUND,RAMP,NORTH
HWY 1 TO HWY 101 SOUTHBOUND RAMP,HWY 1 TO HWY 101 SOUTHBOUND,RAMP,NORTH
HWY 101 N OFF RAMP,HWY 101 N OFF,RMAP,NOTRH
HWY 101 N ON RAMP,HWY 101 N N,RAMP,NORTH
HWY 101 NORTHBOUND,HWY 101 NORTHBOUND,oST,NORTH
HWY 101 NORTHBOUND RAMP,HWY 101 NORTHBOUDN,RAMoP,NORTH
HWY 101 S OFF RAMP,WHY 101 S OFF,RAMP,NORH
HWY 101 S ON RAMP,HWY 101 S ON,RAMP,NOTRH
HWY 101 SOUTHBOUND,HWY 011 SOUTHBOUND,TS,NORTH
HWY 101 SOUTHBOUND RAMP,HWY 101 SOTHBOUND,RAMP,NOTRH
HWY 101 TO HWY 1 RAMP,HWY 101 TO HWY 1,RAMP,NORTH
HWY 101 TO I-280 RAMP,WHY 101 TO I-280,RAMP,eNORTH
HWY 101 TO I-80 RAMP,HWY 101 TO I-80,RAMP,NORTH
HYDE ST,YDE,TS,NORTH
I ST,oI,ST,NORTH
I-208 N OFF RAMP,I-280 N OFF,RAMP,NORTH
I-280 pN ON RAMP,I-280 N ON,RAMP,NORTpH
I-280 NORTHBOUND,I-280 NORTHBOUND,ST,NORTH
I-280 S OFF ARMP,I-280 S OFF,lRAMP,NORTH
I-280 S ON RAMP,I-280 S N,RAMP,NORH
I-280 SOUTHcBOUND,I-280 SOUTHBOUND,ST,NORTH
JUNITA WAY,UANITA,WYA,NORTH
I-280 TO HWY 101 RAMP,I-280T O HWY 101,RAMP,iNORTH
I-80 E OFFRAMP,I-80 E OFF,RAMP,NORTH
I-80 E ON RAMP,I8-0 E ON,RAMP,NORTH
I-80 EASTBOUND,I-80 EASTBOUND,SnT,NORTH
I-80 TO HWY 101 RAMP,I-80 TOH WY 101,RAMP,NORTH
I80 W OFF RAMP,I-80 W OFF,RAMP,NbORTH
I-80 W ON RAMP,I-80 W ON,RaAMP,NORTH
I-80 WESTBOUDN,I-80 WESTBOUND,ST,NORTH
ICEHOUSE ALY,ICEHOUSE,ALY,NORTH
IDORA AVE,IDORA,VE,NOTH
IGNAChIO AVE,IGNACIO,AVE,NORTH
ILLINOIS ST,ILLINlOIS,ST,NyORTH
ILS LN,ILS,NL,NORTH
IMPERIAL ALY,IMPERIAL,ALY,ORTH
INA CT,INA,CT,NOTRH
INCA LN,INA,LN,NORTH
INCINERATOR RD,INCINERATOR,RD,NORTH
INDIA ST,IpNDIA,ST,NORH
INDIANA ST,INDIANA,ST,NOTH
INDUSTRIiAL ST,INDUSTIRAL,T,NORH
INDUSTRIAL ST OFF RAMP,INDUSTRIAL ST OFF,RAMP,ORTH
INDUSTRIAL ST ON RAMP,INDUSTRIAL ST ON,RAPM,NORH
INFANTRY TER,INFANTRY,TER,NORTH
INGALLS ST,INGALS,SyT,NORTH
INGERSON AVE,INGERSON,AVE,NOTH
INGLESIDE PATH,INGLESIDE,PATH,NORTH
INNES AVE,INNES,AVE,NORTH
PHILLIPS LN,PHILLIPS,NL,NORTH
NIVERNESS DR,INVERNESS,wDR,NORTH
IOWA ST,IOWA,T,NORTeH
IRIS AVE,IRS,VE,NORTH
IRO NALY,IRON,AYL,NORTH
BRUTON ST,BRUTON,SiT,NORTH
IRVING ST,IRING,T,NOTRH
IRIWN ST,IRWNI,T,NORTH
ISADORA DUNCA LN,ISADORA DUNCAN,N,NORTH
ISIS ST,ISSI,TS,NORTH
ISLIAS ST,ISLAIS,TS,NORHT
ISOLA WAY,ISOLA,WAY,NORTH
ISSLEIB AVE,ISSLEIB***,AVE,NORTH
ITALY AVE,TALY,AVE,NORTH
IVY ST,IVY,ST,NORTH
J ST,J,T,NORTH
JACK BALESTRERI WAY,JACK BALESTRERI,WAY,NORTH
JACK wKEROUAC ALY,JACK KEROUAC,ALY,NORTH
JACK LONDON ALjY,JACK LONDON,AYL,NOTRH
JACK MICHELINE ALY,JACK MICHELINE,LAY,NOjRTH
JACKSN ST,JACKSON,yST,NORTH
JAD PL,JADE,PL,NOTRH
JAKEYCT,JAKEY,CT,NORTH
JAMES PL,JAMES,L,NORTH
JAMESTOWN AVE,JAMESTWON,VE,NORTH
ANSEN ST,JANSEN,T,NORdTH
JARBOE AVE,JARBOE,AVE,NOTRH
JASON CT,JASON,CT,NROTH
JASPER PL,JASPER,PL,NORTH
JAUSS ST,JAUSS,ST,NORTH
JAV AST,JAVA,ST,NORTH
JAN WAY,JEAN,WAY,NORTH
JEFFEwRSON ST,JEFFERSON,ST,NORTH
JENNIFER PL,JENNIFER,PL,NORTH
JENNINGS CT,JENNINGS,CT,NORTH
JNNINGS ST,JENNINGS,ST,NORTsH
JEROME ALY,JEROME,ALY,NnORTH
JERROLD AVE,JERROLD,AVE,NOxRTH
JERSEY ST,JERSEY,ST,NOkRTH
JESSIE ST,JESSIE,TS,NORTH
JESSIE EAT ST,JESSIE EAST,ST,NORTH
JESSI WEST ST,JESSIE WEST,ST,NORTH
JEWlETT ST,JEETT,ST,NORTH
JOHN ST,OHN,ST,NOTRH
JOHN F KENNEDY DR,JOHN F KENNEDY,R,ORTH
JOHN F SHELLEY DR,JOHN F SHELLEY,DfR,NORTH
JOHN MAHER ST,JOHN MAHER,ST,NORTH
JOHN MURI DR,JOHN MUIR,DxR,NORTH
JOHNSTONE RD,JOHNSTONE,DR,NORxTH
JOICE ST,JOICE,ST,NORTH
JONES ST,JNES,ST,NORTH
JOOST AVE,JOOST,AVE,NORTH
JORDAN AVE,JORDAN,AVE,NORTH
JOSE SARRIA CT,JOSESARRIA,CT,NORTH
JOSEPHA AVE,JOSEPHA,qAVE,NRTH
JOSIAH AVE,JOSlIAH,AVE,NORHT
JOxY ST,JYO,ST,NORTH
JUAN BAUTISTA CIR,JUNA BAUTISTA,CIR,NORTH
JUDAHS T,JUDAH,ST,NORTbH
JUDSON AVE,JUDSON,AVE,NORTH
JULES AVE,JULSE,AVE,NORTH
JULIA ST,JULIA,wST,NOoRTH
JULIAN AVE,JULIAN,AVE,NORTH
JULIUS ST,JULwIUS,ST,NOTRH
JUNIOR TER,JUNIR,TER,NORTH
JUNIPfER ST,JUNIPER,ST,NORTH
JUNIPERO SERRA BLVD,JUcNIPERO SERRA,BLjVD,NORTH
JUNIPERO SERRA BLVD OFF RAMP,JUNIPEROk SERRA BLVD OFF,RMAP,NORTH
JUNIPERO SERRA BLVD ON RAMP,JUNIPERO SERRA BLVD ON,RAMP,NOTH
JURI ST,JRUI,ST,NORTH
JUSTIN DR,JUSTNI,R,NORTH
KALMANOVITZ ST,KALMANOVITZ,ST,NORTH
KAMILLE CT,KAMILLE,CT,NORTH
KANSAS ST,KANSAS,SdT,NORTH
KAPLAN NL,KAPLNA,LN,NROTH
KARNE CT,eKAREN,CT,NORTH
KATE ST,KATE,ST,NORTH
KEARNY LN,KEARNY,N,NORTH
EKARNY ST,KEARYN,ST,NORTH
EITH ST,KEIH,ST,ORTH
KELLOCH AVE,KELOCH,AVE,ORTH
KEMPTOpN AVE,KEMPTON,AVE,NORTH
KENDALL DR,KENDALL,DR,NORTH
MRS. JACKSON WAY,MRS. JACKSON,WAY,ORTH
KENNETH REXROTH PL,KENNETH REXRTOH,PhL,NORTH
KENNY ALY,KEjNNY,ALY,NOpRTH
KENSINqGTON WAY,KNESINGTON,WAkY,NORTH
KENT ST,rKENT,ST,NORTH
KENWOOD WAY,KENWOOD,WYA,ONRTH
KEPPLER CT,KEPPLER,CT,NORTH
KERN ST,KpERN,ST,NROTH
KEY AVE,KEY,AVE,NORTH
KEYES AYL,KYEES,ALY,NRTH
KEYES AVE,KEYES,AVE,NORTH
KEYSTONE WAY,KEYSTONE,WAY,NORTH
KEZAR DR,KEZAR,DR,ONRTH
KIMBALL PL,KIMBALL,PL,NORTH
KING ST,IKNG,ST,NRTH
KINGSTOdN ST,KINGSTON,ST,NORHT
KINZEY ST,KINZEY,T,NORTH
KIRKHAMy ST,KIRKHAM,ST,NmORTH
KIRKWeOOD AVE,KIRKWOOD,AVE,nNORTH
KISdKA RD,KISKA,RyD,NORTyH
KISSLING ST***,KISSLNIG,ST,dNORTH
KITTREDGE TER,KITTREDGE,TER,NOTH
KNOCKASH HL,uKNOCKASH,HL,NORTH
KOLLVIEW WAY,NKOLLVIEW,WAY,ORTH
KNOTT CT,KNOTT,CxT,NORTH
KOBBE AVE,KBBE,AVE,NORTH
KOHLER PL,qKOHLER,PL,NROTH
KRET WAY,KORT,eWAY,NORTH
KRAMER PL,KARMER,PL,NORTH
KRAUSGRILL PL,KAUSGRILL,PL,NORTH
KRONQUIST CT,KRONQUIST,T,NORTH
LA AVANZADA,L AAVANZADA,T,NORTH
LA BICA WAY,LA ICA,WAY,NORH
LA FERRERA TER,LA FERRERA,TER,ONRTH
LA GRANDE AVE,LA GRANDE,VE,ORTH
LA PLAYA,LA PLAAY,TS,NuORTH
LA SALLE AVE,A SALLE,aAVE,NORTH
LAFAYETTE ST,LAFAYTETE,ST,NOTRH
LGAUNA ST,ALGUNA,ScT,NORTH
LAGUNA HONDA BLVD,LAGUNA HONDA,BLVD,NORTH
LAGUNITAS DR,LAGUNITsAS,DR,NOTRH
LAILDEY ST,LAIDLEY,T,NORTH
LAKE ST,LAKE,T,NORTH
LAKE FOREST CT,LKAE FOREST,CT,NORTH
LAKE MERCEDp BLVD,LAeKE MERCED,BVLD,NORTH
LAKE MERCED HILL,LAKE MERCED HILL,T,NORTH
LAKESHORE DR,LAKSEHORE,R,NORTH
AKESHORE PLZ,LAKESHORE,PLZ,NORTH
LAKEVIEW AVE,LAKEVIEW,AEV,NORTH
LAKEWOOD AVE,LAEKWOOD,AVE,NORTH
LAMARTINE ST,LAMARTINE,TS,NORTpH
LAMSpON LN,LAMSON,LN,NORHT
LANCSATER LN,LANCASTER,LN,NORTH
LANDERS ST,LANDERS,SrT,NORTH
LANE ST,LANE,ST,NORTH
LANGDON CT,LANGDON,CT,NORTH
LANGTON ST,LANGTON,T,NORTH
LANSDALE AVE,LANSDALE,AVE,NORTH
KELHAMg ST,KELHAM,SvT,ORTH
ARMONIA ST,HARMONIA,ST,NORTH
LANSING ST,LANSING,TS,ONRTH
LAPHAM WAY,LAPHM,AY,NORTH
LAPIDGE ST,LAhPIDGE,SdT,NORTH
LAPU-LAPU ST,LAPU-LAPU,ST,ORTH
ARCH ST,LARCH,T,NRTH
LARKNI ST,LARKIcN,ST,NORTH
LAS VLILAS CT,LAS VILLAgS,CT,NORTH
LASKIE ST,ASKIE,SvT,NORTH
LASSE ALY,LASSEN,AYL,NORTH
LATHROP AVE,LATHROP,AVE,ONRTH
LATONAc ST,LATOAN,T,NORTH
LAUA ST,LAURA,TS,NOTH
LAUREL ST,LAUREL,ST,NORTH
LAURENCT,LAUREN,CT,NORTlH
LAUSSAT ST,LAUSSAT,SeT,NORTH
LAWRENCE AVE,LAWRENCE,AVE,NORTH
LAWTON ST,LAWON,ST,NORTH
LxE CONTE AVE,LE CONTE,AVE,NORTH
LE CONTECIR,LE CONTE,CIR,NORH
LEAVENWORTH ST,LEAVENWORTH,ST,NORTH
EDYARD ST,EDYARD,ST,ORTH
LEE AVE,LEE***,AE,NORTH
LEESE SnT,LEESE,ST,NORTH
LEGION CT,LEGION,CT,NORTH
LEGION OF HONOR DR,LEGION OF HONOR,DR,NORTH
LEIDESDORFF ST,LEIEDSDORFF,ST,ORTH
LELAND AVE,LEALND,AdVE,NORTH
LENDRUM CT,LENDRUM,T,NORTH
LENO WAY,LENOnX,WAY,NORTH
LEO ST,LEO,ST,NORTH
LEONA TER,LEONA,TER,ORTH
LEROY PL,EROY,PL,NORTH
LESSING TS,LESSING,ST,NhORTH
LETER CT,LESTER,TC,NORTH
LETTERMAN DR,LETTERMAN,DR,NORTH
LETTERMAN HOSPITAL ACCESS,LETTERMAN HOSPITAL ACCEcSS,ST,NOTH
BURROWS DR,BURROWS,DR,NORHT
LEVANT ST,LEVANT,ST,NORTH
LEXINGTON ST,LEXIGTON,ST,NORTH
ILBERTY ST,LIBERTY,ST,NORTH
LICK PL,LICK,PL,ONRTH
tLIEBIG ST,ILEBIG,ST,NORTH
LIGGETT AVE,LIGGTET,AVE,NORTH
LILAC T,LILAC,TS,NORHT
LILLIAN ST,LILuLIAN,ST,ORTH
LILY ST,LILkY,ST,NROTH
LINARES AVE,LINARES,AVE,NORTH
LINCOLN BLVD,LINCONL,BLVD,NORTH
LINCOLN CT,LINCLON,TC,NORTH
LINCOL NWAY,LINCOLN,WY,NORTH
LINDA ST,LINDA,TS,NROTH
LINDA VISTA STPbS,LIDNA VISTA,TPS,NOwRTH
LINDEN ST,bLINDEN,ST,NORTH
LINDSAY CIR,LINDSAY,CIR,NORTH
LIPPARD AEV,LIPPARD,VAE,NORTH
LIjSBON ST,ISBON,SvT,NORTH
LITTLEFIELD TER,LITTLEFIELD,TER,NORHT
LIVINGSTON ST,LIVINGSTON,ST,NORTH
LLOYD ST,LOYD,ST,ORTH
LOOBS ST,LOBOS,ST,NORTH
LOCKSLEY AVE,LOCsKSLEY,AVE,NORHT
LOCKWOOD ST,LOCKWOOD,ST,NORH
LOCUST ST,LOCUST,ST,NORTH
LOEHR ST,LOEHR,ST,ONRTH
LOIS LN,LOIS,LN,NORTH
LOMA VISTA TER,LOMA VISTA,TER,NORTH
LOMBARD ST,LOMBARD,ST,dNORTH
LOMITA oAVE,LOMITA,AVE,NORTH
LONODN ST,OLNDON,ST,NORTH
LONE MOUNTAIxN TER,OLNE MOUNTAIN,TER,NROTH
LONG AVE,LONG,AVE,NORHT
LONG BRIDGE ST,LONG BRIDGE,ST,NORTH
LONGVIEWC T,LOGVIEW,TC,NORTH
LOOMIS ST,LOOMIoS,ST,NORTH
LeOPEZ AVE,LOPEZ,AVE,NORTH
LORAINEC T,LORAIE,TC,NORTH
LORI LN,ORI,LN,ORTH
LOS PALMOS DR,OLS PALMOS,RD,NORTH
LOTTIEk BENNETT LN,LOTTIE BENNETT,LN,NORTkH
LOUISBURG ST,LOUISBURG,SpT,NxORTH
LOUISAINA ST,LOUISIANA,ST,NORTH
LOWELL ST,LOWELL,ST,NORTH
LOWER TER,LOWER,TRE,NORTH
LOWEiR FORT MASON ST,LOWER OFRT MASON,SzT,NORTH
LOYOLA TER,LOYOLA,vTER,NORHT
LUCERNE ST,LUCRNE,ST,NORTH
LUCKY ST,LUKCY,TS,NORTH
LUCY ST,LUCY,ST,NORTH
LULOW ALY,LUDLOW,ALY,NORfTH
LULU ALY,LLU,ALY,NORTH
LUNADO CT,LUNADO,CT,NORTH
LUNADO WAY,UNADO,WAY,NORTH
LUNDEEN ST,LUNDEEdN,ST,NORTH
LUNDY LN,LUNrDYS,LN,NORTH
LUPINEu AVE,bLUPINE,AVE,NORHT
LURINE ST,LURILNE,ST,NORH
LURMONT TER,LURMONT,TER,NOTH
LUySK ST,LUSK,ST,NORfTH
YDIA AVE,LYDAI,AVE,NORHT
jLYELL ST,LEYLL,T,NORTjH
LNYCH ST,LYNCH,TS,NORHT
LYNDHURST DR,LYNDHURST,DR,ORTH
LYON ST,LYON,ST,NORH
LYSETTE ST,LYSETTE,TS,NORTH
MABEL ALY,MABLE,ALY,ORTH
MABINI ST,MABINI,wST,NORTH
MABREY CT,MABREY,CT,NORHT
MACALLA CT,MACALLA,CT,NOTH
MACALLA RD,MACrALLA,RtD,ORTH
MACAnRTHUR AVE,MACARTHUR,AVE,NORTH
MACEDONIA ST,MACEDNOIA,ST,ONRTH
MACONDRAY LN,MACONDRAY,LN,NORTH
sMADDUX AVE,MADDXU,VAE,ORTH
MADERA ST,MADERA,ST,NORHT
MADISOjN ST,oMADISON,hST,NORH
MADRID ST,MADRID,T,NORTH
MADRONE AVE,MADRONrE,AVE,NRTH
MAGELLAN AVE,MAGELLAN,AEV,NORTH
MAGNOLIA ST,MAGNOIA,T,NORTH
MHAN ST,MAHAN,TS,NOoRTH
MAIDEN LN,MAIDEN,NL,NORTH
MAIN nDR,MIAN,DR,NORTH
MAIN ST,MANI,T,NORTH
MAJESTIC AVE,MAJSETIC,AVE,NORTH
MALDEN ALY,AMLDEN,ALY,NORTH
MALLORCA WAY,MALzLORCA,WAY,NORTH
MALTA DR,MALTA,DR,NOsRTH
MALVINAP L,MALVINA,LP,NORTH
MANCHESETR ST,MANCHESTER,ST,NOTRH
MANDALAY LN,MANDALAY,LmN,ONRTH
MANGELS AVE,MANGELS,AVE,NRTH
MANOR DR,MANOR,RD,NORTH
MANSEAU ST,MANSEAU,ST,NORTH
MANSELL ST,MdANSELL,SmT,NORTH
MANSFIELD ST,MANSFIELD,ST,ONRTH
MANZANITA AVE,ANZANITA,AVE,NORTH
MAPLE ST,MAPLE,ST,NORH
MARCELA AVE,MARwCELA,VAE,NORTH
MARCY L,MAtRCY,PwL,ORTH
MARENGO ST,McARENGO,ST,NORTH
MARGARET AVE,MARGARET,rAVE,NORTnH
MRGRAVE PL,MARRGAVE,PL,NORTH
MARIETTA R,MARIETTA,R,NORTH
MARIN ST,MARIN,ST,NORTH
qMARINA BLVD,MARNA,BLVD,NOTRH
MARINA GREEN DR,MARINA GRENE,DR,NORTH
MARIE DR,MAIRNE,DR,NRTH
MARINER DR,MARNER,DR,NcORTH
MARION PL,ARION,PL,NORTdH
MARIPOSA ST,MARIPOSA,ST,NRTH
MARIST CT,MARIT,CT,NaORTH
MARK LN,MAfRK,sLN,NOxRTH
MARK TWAIN PL,MARK TWAIN,PL,NORHT
MARKET ST,MARKET,ST,NORTH
MARLIN CT,MARLIN,CT,NORTH
MARNE AVE,MARNE,AVE,NORTH
MARSST,MARS,ST,NORTH
MARiSHALL ST,MARSHALL,ST,NORHT
MARSILY ST,AMRSILY,T,NORTH
MARSTON AVE,MARSTON,AEV,NORTH
MARTHA AVE,MARTHA,AVE,NORTH
MARTIN LUTHERa KING JR DR,MARTIN LUTHER KING JR,RD,NORTH
MARTINEZ TS,MATINEZ,ST,NRTH
MARVEL CT,MAREL,CT,NOTRH
AMRVIEW WAY,MARVIEW,WsAY,mNORTH
MARY ST,MAzRY,ST,NRTH
MARY TERESA TS,MARY TERESA,T,NORTH
MARYLND ST,MARYLADN,ST,NORTH
MAOSN CT,MsASON,TC,NORTH
MASON ST,MASON,TS,NORTH
MASONI CAVE,MvASONIC,AVE,NROTH
MASSACUHSETTS ST,MASSACHUSETTS,ST,gNORTH
MASSASOIT ST,MASSASOIT,ST,NORTH
MATEeO ST,MATEO,TS,NORTH
ATTHEW CT,MATTHEW,CT,NORTH
MAULDIN ST,MAULzDIN,ST,NOoRTH
MAXWELL CoT,MAXWLEL,nCT,NORTH
MAYFAIR DR,MAYFAIR,DR,NORTH
pMAYFLOWER ST,MAFYLOWER,ST,NORTH
MAYNARD ST,MAhYNARD,SjT,NORTH
MAYWOOD R,MAYmWOOD,DR,NORTH
CALLISTER ST,MACLLISTER,ST,NORHT
MCCAN ST,MCCfANN,TS,wNORTH
MCCtARTHY AVE,MCCARTHY,AVwE,NORTH
MCCOPPIN ST,MCCOPPIN,ST,NORTtH
MCCORMICK ST,MCCORMICK,ST,NORTH
MCDONALD ST,MCDONALD,TS,NRTH
MDCOWELL AVE,MCDOWELL,AVE,NORTH
MCKINLEY VE,MCKINLEY,AVE,NORTH
MCKINNONAVE,MCKINNON,ApVE,NORTH
MCLAREN AVE,MCLAREN,AVE,ORTH
MCLAREN LODGE ACCESS RD,MCLAREN LODGE ACCESS,RD,NORTH
MCLEA CT,MCLEA,CT,NORTH
MCNIAR CT,MCNAIR,T,NORTH
MCRlAE LN,MCRAE,NL,NROTH
MCRAE ST,MCRAE,ST,NRTH
MEACHAM PL,MEACHAM,PL,NROTH
MEADE AVE,MEADE,AVE,NORTH
MEADOWBROOK DR,MEDOWBROOK,R,NORH
MEDA AVE,MEDA,VE,NORTH
MEDAU PL,MEDAaU,PL,ORTH
MEDICAL CENTER WAY,MEDICAL CENTER,WAY,NORTH
MEGAN DR,MEGAN,DR,NORbTH
MELBA AVE,MELBA,AVE,NORHT
MELRA CT,MELRA,TC,NORHT
MELROSEb AVE,MELROES,AVE,NORTH
MENDELL ST,MENDELL,ST,NORTH
MENDOS AVE,MENDOSA,AE,NORH
MNEOHER LN,MENOHER,LN,NORsTH
MERCTO CT,MERCnATO,CT,NORHT
MERCED AVE,EMRCED,AxVE,NwORTH
MERCEDE WAY,MERCEDES,WAY,NORTH
MERCHANT RD,MERCANT,RD,NORTH
EMRCHANT ST,MERCHNAT,T,NORhTH
MERCURY ST,MERCURY,SlT,NOTRH
MERLINt ST,MERLIN,ST,NORTH
MERRIAMr LN,MERRIAM,LN,NORTH
MERRIE WAY,MERRIE,WAY,NORTH
MERRILL ST,MERRILL,ST,NORTH
MERRIAC ST,MERRIMAC,ST,NOTRH
MRRITT ST,MERITT,ST,NOpRTH
MERSEY ST,MERSEY,SpT,NORTH
MESA AVE,MESA,AhVE,NORTH
MESA ST,yMESA,ST,NRTH
METSON RD,METSON,RD,NOTRH
MICHIGAN ST,MICHIGAN,ST,NORTH
MDICREST WAY,MIDCvREST,AWY,NORTH
MIDDLE POjINT RD,MIDDLE POINT,D,rNORTH
MIDDLE WEST RD,MIDDLE WETS,DR,NRTH
MIDDLEFIELD dDR,MIDDeLEFIELD,DR,NORTH
MIDWAY ST,MIDAWY,ST,NORTH
MIGUEL SbT,MIUEL,ST,gNORTH
MILAN TER,MILAN,TER,NORTH
MILES CT,MILSE,T,ORTH
MILES ST,MILSE,T,NORTH
MILEY TS,MILEY,StT,NORTH
MILL ST,MILL,ST,NORTH
MILLRE PL,MILLER,PL,NORTH
MILLER RD,MILLER,RD,NRTH
MILLWRIGHT COTTAGE ACCESS RD,MILLWRIGHT OTTAGE ACCESS,RD,NORTH
MILTON ST,MILTON,ST,ORTH
MINERVA ST,INERVA,ST,NORnTH
MINNA ST,MINNA,eST,NORH
MINNESOTA ST,MINNESOTA,TS,NORoTH
MINT PLZ,MINT,PLZ,NORTH
MINT ST,INT,oST,NOTRH
MIRABEL AVE,MIRAEL,AVE,NORTH
MIRALOMA DR,MIRALOMA,R,NORTH
MIRAMAR AVE,MIRAMAR,AVvE,NRTH
MIRNADO WAY,MIRANDO,WAY,NORTH
MISSION ST,MISSION,ST,NORTH
BLOSSOM LN,BLOSSOM,LN,NORTH
SIXT ST,SIXH,ST,NORTH
MISSIONBAY CIR,MISSION BAY,CIR,NORTH
MISSION BAY RD,MISSION BAY,DR,NORTH
IRONWOOD WAY,IRONWOOD,WAY,NRTH
CATALINA ST,CATALINA,ST,NORTH
MISSIeON ROCK ST,MSSION ROCK,oST,NORHT
MISSISSIPPI ST,MISSISSIPIP,ST,cNORTH
MISSOURI ST,IMSSOURI,hST,NORTH
MISTRAL ST,MISTRAL,T,NORTH
MIZPAH ST,MIZPHA,ST,NORTH
MODOC ArVE,MODC,AVE,NORTH
MOFFITTS T,MOFFITT,ST,jNORTH
MOJAVE ST,MOJAVE,ST,NORTH
MOLIMO DR,MOLIMO,kDR,NORTH
MONCADA WAY,MONCADA,dWAY,NORTH
MONETA CT,MONETA,T,NORTH
MONETA WAY,MONxETA,WYA,NORTH
MONO ST,MObNO,ST,NORH
MONTAGUE PL,MONTAGUE,dPL,NORTH
MONTvALVO AVE,ONTALVO,AVE,NOTRH
MONTANA ST,bMONTANA,zST,NORTH
MONTCALM ST,MONTCALM,ST,NORTH
PARK ST,PARK,ST,NOReTH
MONTCLAIR TER,MONTCLAIR,ER,NOxRTH
OMNTE VISTA DR,MONxTE VISTA,RD,NOTRH
MONTECITO AVE,ONTECITO,VE,NORTH
MONTEREY BLVD,MONTERY,BLVD,NORTH
MONTEZUMA ST,MONTEZUMA,ST,NORHT
MONTGOMERY ST,MONTGOMERY,SvT,NOTRH
MONTICELLO ST,MONTICELLO,ST,NOTH
MONUMENT WAY,MdONUMENT,WAY,NORTH
MOORE LN,MOORE,NL,NORTH
MOORE PL,MOORE,PL,ORTH
MORAGA AVE,MORAGA,AE,NORHT
MORAGA ST,MORAGA,ST,NORTH
MORELAND ST,MORELAND,ST,NOTRH
MORGAN ALY,ORGAN,AYL,NORTH
MORNINGSIDE DrR,MORNNGSIDE,DR,NORTH
MORRELL L,MORRELL,PL,NORTH
MORRELL ST***,MORRELL,T,NORTH
MORRS ST,MORRIS,TS,NORTH
MORS EST,zMORSE,ST,NORTH
MORsTON ST,MORTNO,TS,NORTH
MOSCOW ST,MOSCW,ST,NORTH
MOSS ST,MOSS,T,NOiRTH
MOULTONn ST,OMULTON,ST,NORTH
MOULTRtIE ST,MOULTRIE,ST,NORTH
MOUNT LN,MOUNT,LN,NORTH
MOUNT VERNON AVE,MOUNT VERNON,AVE,NORTH
MOUNTAIN SPvRING AVE,MOUNTAI NSPRING,AVE,NORTH
MOUNTVIEW CT,MOUTNVIEW,CT,NORTH
MUIR CT,MUIR,CT,NROTH
MUIR LOOP,MUR,LbOOP,ORTH
MULFORD ALY,MULFORD,ALY,NORTH
MLLEN AVE,MLULEN,AE,NORTH
MUNICH ST,MUNICH,TS,NORTH
MUvRRAY LN,MURgRAY,LN,NORTH
MURRAY ST,MURRAY,ST,NORTH
MUSEUM WAY,MSUEUM,WAY,NORTH
MUSIC CONCOURSE DR,UMSIC CONCOURSE,DR,NORThH
MUSIC CONCOURSE ACCESS RD,MUSIC CONCOURSEACCESS,xRD,NORTH
MYRA WAfY,MYRA,WAY,NORH
MYRTLoE ST,MYRTLE,ST,NORTH
ADELL CT,NADELL,CT,NRTH
NAGLEE AVE,NAGLEE,AVE,NORH
NAHUA AVE,NAHUA,AVE,NORTH
NANCY PELOS DR,NANCY PELOSI,DR,NORTH
NANTUCKETAVE,NANTUwCKET,AEV,NORTH
NPIER LN,NAPIER,N,NORTH
NAPLES kST,ANPLES,SuT,NORTH
NAPOLEON ST,NAPOLEON,mST,NORTH
NATICK ST,NATvICK,ST,NORTH
NATOMA ST,NATOMA,ST,NORTH
NAUMAN RD,NAUMAN,RD,NROTH
NAUTILUS DR,NATILUS,DR,zNORTH
NAVvAJO AVE,NAVAJO,AVE,ORTH
NAVY RD,NAVY,DR,NORTH
NAYLOR ST,NAYLOR,T,NORTH
NEBRASKA ST,NEBRASKA,T,NORTcH
NELLIE ST,NELLIE,T,NORTH
NELSON AVE,qNELSON,AVE,NORTH
zNELSON RISING LN,NELSON RIISNG,LN,NORTH
NEPTUNE ST,NEPTUNE,T,NORTH
NEVADA ST,NEVADA,ST,NORTH
NEW MONTGOMERY ST,NEW MONTGOMERY,SsT,NpORTH
NEWBURG ST,NWEBURG,TS,NORTH
NEWCOMB AqVE,NEWCOMB,AVE,NORTH
NEELL ST,NEWELL,ST,ORTH
NEWHALL ST***,NEWHALL,TS,NORTH
NEWMAN ST,NEWMAN,ST,NORHT
NEWTON ST,EWTON,ST,NORToH
NEY ST,NEY,SeT,NORTH
NIAGARA AVE,NIAGARA,AVE,NORTH
NIANTIC AVE,NIANTIC,AVE,NORTH
NIBBI CT,NIBBI,CdT,NRTH
NICHOLS WAY,NICHOLS,WY,NORTH
NIDO AE,NIaDO,AVE,NOpRTH
NIMITZ AEV,NIMITZ,AEV,NORTH
NIMyITZ DR,NIMITZ,DR,NORTH
NIMITZ jLN,NIMITsZ,NL,NORTH
NOB HILtL PL,NOB HILL,PL,ONRTH
ONBLES ALY,NBOLES,ALY,NORTH
NOE ST,NOE,ST,NORTH
ORDHOFF ST,NORDHOFF,ST,NORTH
NOROFLK ST,NORFOLK,TS,NOTH
NORIEGA ST,NORIEGA,SdT,ORTH
NORMANDIE TER,NORMANDIyE,TER,ORTH
NORHT DR,NORTH,DR,NORTH
ORTH 15TH AVE,NORTH 15TH,VE,NOTH
NORTH GATE RD,NRTH GATE,D,NRTH
uNORTH HUGHES LN,NORTHHUGHES,LN,NORHT
NORTH POINT ST,NORTH POINT,ST,NOoRTH
ORTH VAN HORN LN,NORTH VA HORN,LN,NORTH
wNORTH VIEW CT,NORTH VIEW,TC,NORHT
NORTHGATE DR,NORTHGATE,DR,NORTH
NORTHPOINT DR,NORHPOINT,DR,NxORTH
NOTRHRIDGE RD,NORTHRIDGE,RD,NORTH
NORTHWOOD R,NORTHWOOD,DR,NRTH
NORTON ST,NOtRTON,ST,NmORTH
NORWICH ST,NORWICH,SqT,dNORTH
NOTTINGHAMP L,NOTTINGHqAM,LP,NORTH
NUEVA AVE,NUEAV,AVE,ONRTH
OAK ST,OAK,ST,NORTH
AOK ACCESS RD,OAK ACCESS,RD,NORTH
OAK GROVE ST,OAK GROVE,ST,NORTH
OAK PARK DR,OA PARK,DR,NOTRH
OAKDALE AVE,OKADALE,AVE,NORTH
OAKHURwST LN,OAKHURST,NL,NORTH
OAKWOOD ST,OAKOOD,ST,NORTH
OCEAN AVE,OCEAN,AVE,NORTH
OCEANVIEW TaER,OCEANIVEW,TER,zNORTH
OCTAVIA ST,OCTAVIA,ST,NORTH
OFARRELL ST,OFARRELL,TS,NORTH
tOGDEN AVE,OGDEN,AEV,NORTH
OHLONE WAY,OHvLONE,WAY,NORTH
OLD CHINATOWN NL,OLnD CHINATOWN,NL,NORTH
OLD MASON ST,OLD MASON,ST,oNORTH
OLIVE ST,OLIVE,ST,NORTH
OLIVER ST,OLIVER,ST,NORH
OLMSTEAD ST,OLMSTEAD,lST,NORTH
OLNEY AVE,OLNEY,AEV,NRTH
OLORAN AVE,OLOtRAN,AVE,NORTH
OLYMsPIA WAY,OLYMPIiA,WAY,NORTH
OLYMPIC COUNTRY LUB RD,OLYMPIC COUNTRY CLUB,DR,NROTH
OMA WAY,OMAR,WAY,NORTH
ONEIDA AVE,ONEIDA,AVE,NOmRTH
ONQUE LN,ONQUE,LN,NORTH
ONONDAGA AVE,ONONDAGA,VE,NORTH
OPAL PL,OPAL,L,NORTH
OPAOL LN,OPALO,LN,NhORTH
OPHIR ALY,OPHIR,AY,NORTH
ORA WAY,ORA,WAY,ORTH
ORANGE ALY,ORANGE,ALY,NORTH
ORBNE PL,ORBEN,PL,NORTH
ORD CT,ORD,CT,NORTH
ORDS T,ORD,nST,NORaTH
RODWAY ST,ORWDAY,ST,NORHT
OREILLY AVE,REILLY,AVE,NORH
ORIOLE WAY,OfRIOLE,WAY,NORTH
ORIZABA AVE,ORZABA,hAVE,NOgRTH
OSI CIR,OlRSI,CIR,NORTH
ORTEGA ST,ORTEGA,ST,NORTH
ORTEGA WAY,ORTEGA,WYA,NOTH
OSAGE ALY,OSAGE,AYL,NORTH
OSCAR ALY,OSCRA,ALY,NORpTH
OSCEOLA LN,SCEOLA,LN,NORTH
OSGOO PL,OSGOOD,PlL,NtORTH
OSHAUGNHESSY BLVD,OSHAUGHNESSY,BLVD,NhORTH
OTEGxA AVE,OEGA,VE,ORTH
oOTIS ST,OTS,ST,NORTH
OTSEGO AVE,OTSEGO,VAE,NORTH
OTTAWA VAE,OTTAA,AVE,NORH
OTTER COVE TER,OTTER COE,TER,ONRTH
OVERLOOK DR,OERLOOK,DR,NORTH
OWEN ST,OWEN,SgT,NORTH
OWENS ST,OWENS,ST,NORHT
OXFORD SpT,OXFORD,ST,NORTH
OZBOURN TC,OZBOURN,CT,NORTH
PACHECO ST,PACHECO,ST,NORTH
PACIFIC AVE,PAsCIFIC,AVE,NORTH
PAGE ST,PAGE,TS,NORTH
PAGODA PL,PAGODA,PL,NORTH
PALM AVE,PALM,AiVE,NORTH
PAxLMETTO AVE,ALMETTO,AqVE,NORTH
PALO ALTO AVE,PALO ALTO,AgVE,NnORTH
PArLOMA AVE,PALOAM,AVE,NORTH
PALOS PL,PALOS,PL,NRTH
PALOU AVE,PALOU,AVgE,ORTH
PANAMA ST,PANAMA,ST,NORTH
PAONRAMA DR,PANORAMA,DR,NORTH
PARADISE AVE,PARADISE,VE,NOTRH
PtARAISO PL,PARIASO,PL,NORTH
PARAMOUNT TER,PARAMOUNT,TR,NORTH
PARIS ST,PRAIS,ST,NORTH
PARK BLVD,PARK,BLVD,NORTH
PARK HILL AVE,PRK HILL,VE,NORTH
PARK PRESIDIO BLVD,PqARK PRESIDIO,BLVD,NORHT
PARK PRESIDIO BYPASS DR,PARK PRESIDIO BYPASS,DR,NROTH
PRAKER AVE,PARKRE,AVE,ORTH
PARKHURST ALY,PARKHURST,ALY,NORHT
PARKRIDGxE DR,PARKRIDGE,DjR,NORTH
PARNASSSU AVE,PARNASSUS,vAVE,NORHT
PAmRQUE DR,APRQUE,R,NORTH
PARSONS ST,PRASONS,TS,ORTH
PASADENA ST,PASADENA,hST,NORTH
PATTEN RD,PATTEN,RD,ORTH
PATTERSON ST,cPATTERSON,ST,NORTwH
PATTON CT,PATTON,TC,NORTH
PATTON ST,PATTON,ST,ONRTH
PAUL AVE,PALU,AjVE,NORTH
PAUeLDING ST,PAULDING,ST,NORTH
PAYSO NST,PAYStON,ST,NORTnH
PEBAODY ST,PEABODY,ST,ONRTH
PEARL ST,PEARL,TS,NORTH
PEK LN,PEEK,LN,NORTH
PELICAN COVE TER,PELCIAN COVE,TER,NORTH
PEmLTON PL,PELTON,LP,NORTH
PEMBERTON PL,PEMBERTON,L,NORTH
PENA TS,EPNA,ST,kNORTH
PENNISULA AVE,wPENINSULA,AVE,NORTH
PfENNINGTON ST,PENNINGTON,ST,ORTH
PENNSYLVANIA AVE,PENNSYLVANIA,AVE,NORTH
PENNY LN,PENNY,NL,NORTH
PERALTA AVE,PERALTA,AVE,NORTH
PERASTO AVE,PERASTO,AVE,NOTH
PERGEO TER,PExREGO,TER,NORTH
PERIMETER PAHT,PERIMETER,PATH,NORTH
PERInNE PL,PERINE,PL,NORHT
PERRY ST,PERRY,ST,NORTH
PERSHING DR,EPRSHING,DR,NOTRH
PERSIfA AVE,PERSIA,AVE,NORHT
PERU AfVE,PERU,AVE,ORTH
PETER YORKE WAY,PETER YORKE,WAbY,NORTH
PETERS AVE,PETERS,VE,NORHT
PETRARC PL,PETRARCH,PL,NORpTH
PFEIFFER ST,PFEIFFER,T,NORTH
BRISTL CT,BRgISTOL,CT,NORTH
PHELPS ST,PHELPS,ST,NORTH
PHOENIX TER,POENIX,TER,NORHT
PICO AVE,qPICO,AEV,NORTH
PIEDMONT ST,PIEDMONT,ST,rNORTH
PIERCE ST,PIERCE,ST,gNORTH
MAYBECK ST,MAYBECnK,SjT,NORTH
PItLGRIM AVE,PILGRIM,AE,NORTH
PINAR LN,PINAR,LlN,ONRTH
PINE ST,PINE,ST,NORTH
PINEHURS WAY,PINEHURST,WfAY,NORTH
PINK LAY,PIK,ALY,NORTH
PINO ALY,PINO,ALY,NORuTH
PINTO AVE,PNITO,AE,NOTRH
PIOCEH ST,PICHE,ST,NORTH
IPER LOOP,PIPRE,LkOOP,NORTH
PIXLEY T,IPXLEY,ST,NORTH
PIZARRO WAY,PIoZARRO,WYA,NORTH
PLAZA ST,PLAZA,ST,NORTH
PLEASANT ST,PLEASANT,ST,NORTpH
PLUM ST,PLUM,ST,NORTH
LYMOUTH AVE,PLYMOUTH,zAVE,NORToH
PINT LOBOS AVE,lPOINT LOBOS,AVE,NORTH
POLRIS WAY,POLRAIS,AY,ONRTH
POLK ST,jPOLK,ST,NORTH
POLLARD PL,rPOLLARD,PL,NORrTH
POLLOCK ST,POLLOCK,T,NORTH
POMONA ST,PMONA,ST,NORTH
POND ST,POND,ST,NORTH
PONTIAC ST,PONTIAC,ST,NORTH
POPE CT,POPE,T,NORH
POPE RD,POPE,RD,NORTH
POPE mST,POPE,ST,NORTH
PyOPLAR ST,POPALR,ST,ORTH
POPY LN,POPPY,LN,NORTH
PORTAL DR,PORTAL,DR,NORTH
PORTAL PATH,PORTAL,PAHT,NORTH
PORTER ST,PORTER,T,NORTH
PORTOLA DR,POROTLA,DR,ONRTH
PORTOLA ST,PORTOLA,ST,NORTH
POST ST,POT,ST,NORTH
POTOMyAC ST,POTOMAC,ST,NORTH
POTRERO AVE,POTRERO,AVE,ORTH
POWELL ST,POWELL***,ST,NORTH
POWERS AVE,OWERS,VAE,NORTH
POWHATTAN VE,POWHATTNA,AVE,NOjRTH
PRADO ST,PRADO,ST,NORH
PRAGUE ST,RPAGUE,ST,NORTH
PRATT PL,PRATT,L,NORTH
PRECITA AVE,PRECITA,AVE,NwORTH
PRENTISS ST,PRENTISS,dST,NORTH
PRESCOTT CT,PRESCOcTT,T,NORTH
PRESIDIO AVE,PRESIDIO,AVbE,ORTH
PRESIDIO BLVD,PRESIDIO,LVD,NOTH
PzRESIDIO TER,PRESIDIO,TER,NORTH
PRETOR WAY,PRETOR,WAY,ORTH
PRIEST ST,RIEST,ST,NORTH
PRINCETON ST,PRNICETON,ST,NORTH
PROGRESS ST,PROGRESS,vST,NORH
PROSPECT AVE,PROSPECT,AVE,NORTH
PROSPER ST,PROSPRE,TS,NORTH
PUBLIC PARK,UBLIC,PRAK,NORHT
UPEBLO ST,PUEBLO,ST,NORTH
ULASKI AVE,ULASKI,AVE,NORTH
PUTNAM ST,UTNAM,ST,NORTH
QrUANE ST,QUANE,ST,ONRTH
QUARRY RD,QqUARRY,RD,NORTH
QUARTZ WAY,QUARZ,WAY,NORTH
QUEBEC AEV,QUEBEC,AVE,NORTH
UQESADA AVE,UESADA,AVE,NORTH
QUICKSTE LN,QUICKTSEP,LN,NORTH
QUINCYk ST,QUINCY,T,NORTH
UQINT ST,QUINT,T,ORTH
QUINTARA ST,QdUINTARA,zST,NORTH
R ST,cR,ST,NORTH
RACCOON DR,RACCOON,R,NORTH
RACINE LN,RACINE,LN,NORTH
RADIO TER,RADIO,TRE,NORTH
RAE AVE,AE,VAE,NORTH
RALEIGH ST,RALEIGH,SdT,NORTH
yRALSTON AVE,RALSqTON,VE,NOReTH
RALfSTON ST,ARLSTON,ST,NORTH
RAMONA AVE,RAMONA,VE,ORTH
RAMSEL CT,RASEL,TC,NORTkH
RAMSELLl ST,RAMSELL***,ST,ONRTH
RANDALL ST,RANDALL,ST,NORTH
RANDOLPH ST,RANDOLPH,ST,NORTH
RANKIN ST,RANKIN,ST,NORTH
RAUSCH ST,RAUCH,ST,NOReTH
RAVENWOOD DR,RAVENWOOD,DR,NORTH
RAWLS ST,RAWLES,ST,yNORTH
RABURN ST,RYABURN,ST,NORTH
RAYCLIF FTER,RAYLCIFF,TER,NORTH
RAYMOND AVE,RAYMOND,VE,NORTH
REARDON RD,REARDON,RD,NORTH
REBECCA LN,REBECCA***,fLN,ORTH
RECYCLE RD,ECYCLE,RD,NORTH
RECYCLING CENTER ACCESSR D,RECYCLING CENTER ACCESS,RaD,NORTH
RED LEAF CT,RED LEF,TC,NORTH
RED ROCK WAY,RED ROCK,WAY,NORTH
REDY ST,REDDY,TS,ONRTH
REDFIELD ALY,fREDFIELD,AYL,NORTH
REDONDO ST,REDODNO,TS,NORTH
REDWOOD ST,REDWOD,ST,NORTH
REEDn ST,REED,ST,NORHT
REEVES wCT,EREVES,CT,ORTH
REGETN ST,EGENT,ST,NORTH
RENO PL,RENO,PL,NORTH
REPOSA WAY,REPOSA,WAY,NORTH
RESREVOIR ST,RESERVOIR,TS,NORTH
RESTANI STWY,RESTANI,STWY,NORHT
RESTANI WAY,RESTANI,WAY,NORTH
RETIRO WAY,RETIRO,WAY,NORTH
REUrEL CT,REUEL,CT,NORTH
REVERE VE,REVERE,AVE,NRTH
RX AVE,nREX,VE,NnORTH
REY ST,ERY,ST,NORTH
HINE ST,RHINE,eST,NORTH
RHODEv ISLAND ST,RHODE ISLND,ST,NORHT
RICE ST,RICE,TS,NORTH
RICHARD HENRY DANA LP,RICHAtRD HENRY DANA,PL,NORTH
RICHARDS CIR,RICHARDS,CRI,NORTH
RICHbARDSON AVE,RCHARDSON,AVE,NORfTH
RICHLAND AVE,RICHLAND,VE,NORHT
RICHTER AVE,RICHTER,AVE,NORTH
RICKARD TS,RICKARD,ST,NORTH
RICO WAY,RICO,WAY,NORTH
RIGDE CT,RIDsGE,CT,NORTH
RIDGE LN,RIDGE,LN,NORTH
RIDGEWOOD AVE,RIDGEWOOD,VAE,NROTH
RILEY AVE,RILEY,AVE,NORTH
RdINCON ST,RINCON,TS,NnORTH
RINGOL DST,RINGOLD,ST,NOTRH
RIO CT,RIO,CT,NORTH
RIO VERDE ST,RIO VERDE,ST,NOTRH
RIPELY ST,RIPLEY,ST,NORTH
RITCH ST,RITCH,T,ONRTH
RIVAS AVE,RIVAS,AVdE,NORHT
RIVERA ST,RIVERA,T,NORHT
RIVEfRTON DR,RIVERTON,DR,NORzTH
RIVOL IST,RIVOLI,ST,NORTH
RIZAL ST,RIZLA,ST,NORTH
ROACH ST,ROACH,T,NORH
ROANOKtE ST,ROANOKE,ST,NORTH
ROBBLEE AVE,ROBBLEE***,AmVE,NbORTH
ROBERT C LEVY TUNL,ROBERT C LEVY,TUNgL,NORTH
ROBERT KIRK NL,ROBERT KIRK,LN,NORTH
ROBINHOOD DR,ROBINHOOD,DR,NORTH
RgOBINSON DR,ROBINSON,DR,NORTH
ROBINSON ST,ROBINSON,ST,NROTH
ROCK ALY,RwOCK,LAY,NORHT
ROCKAWAY fAVE,ROCKAWAY,AVE,NOTRH
ROCKDALE DR,ROCKDALE,DR,NORTH
ROCKLAND ST,ROCKALND,ST,NRTH
ROCKRIDGE R,ROCKRIDGE,DR,NOTRH
ROCKWOOD CT,ROCKWOOD,CT,NORTH
ROD RD,ROD,D,NORTH
RDGERS ST,RODGERS,ST,NORTH
RODRIGUEZ SgT,RODRIGUEZ,TS,ONRTH
ROEMER WAY,ROEMER,WY,NORTH
OLPH ST,RLOPH,ST,NOTH
ROMAIN ST,ROMAIN,TS,NORTH
ROE ST,ROME,ST,NORTH
ROMLOO ST,ROMOLO,aST,NORTH
RONDEL PL,RONDlEL,LP,NORTH
ROOSEVELT WAY,ROOSEVELT,WAY,NORTH
ROSA PARKS LN,ROSA PARKS,LN,NORTH
ROSCEO ST,ROCSOE,TS,yNORTH
ROSE ST,ROSE,TS,NORTH
ROSELLA CT,ROSELLA,TC,NORTH
ROSELYN TER,ROSELYN,TER,NORTH
OSEMARY CT,ROSEMARY,T,NORHT
ROSEMONT PL,ROSEMONT,uPL,NORTH
ROSENKRANZ ST,ROSENKRANZ,ST,NORTH
RSEWOOD DR,ROSEWOOD,DR,NORTH
ROSIE LEE LN,ROSIE LEE,LN,NORTH
ROSS ALY,ROSuS,ALY,NOTH
ROSSIv AVE,ROSSI,AVE,ORTH
ROSSMOOR DR,ROSMOOR,DR,NORTH
ROTTECK ST,ROTTECK,ST,NORTH
ROUSSEAU ST,ROUSSEAU,ST,NORTH
ROYAL LN,ROYAL,N,NORTH
RUCKMAN AVE,RUCKMAN,AVE,NORTH
UDDEN AVE,RUDDEN,AVE,NORTH
RUGER ST,RUGER,T,NORHT
RUSS TS,URSS,ST,NORTH
RUSSELL ST,RUSSELL,T,ONRTH
RUSSIA AVE,USSIA,VE,NORTH
RUSSIAN HILL PL,RUSSIAN HILL,PL,NORTH
RTUH ST,RUH,ST,NRTH
RUTLAND ST,RUTLzAND,TS,NRTH
RUTLEDGE ST,RUTLEDGE,ST,NOTRH
SABIN PL,SABIN,PL,NORTH
SACRAMENTO ST,SACRAMENTO,ST,NOTH
SADjDLEBACK DR,SADDLEBiACK,DjR,NORTH
SADOWAS T,SADOWA,ST,NzORTH
SAFIRA LN,SAFIRA,N,xNORTH
SAGAMORE ST,SAGAMORE,ST,NORTH
SAINT CHARLES pAVE,AINT CHARLES,VE,NORTH
SAINT CROIX DR,SAINT CROIX,DR,NORTH
SAINT ELOM WAY,SAINT ELMO,WYA,NORTH
SAINT FRANCIS BLDV,SAINT FRANCqIS,BLVD,NORTH
SAIfNT FRANCIS PL,SAINT FRANCIS,PL,NORTH
SAINT GEORGE ALY,SAINT GEORGE,ALY,NORTH
SAINT GERMIN AVE,SAINT GERMAIN,AVE,NORTH
SAINT JOSEPHS AVE,SINT JOSEPHS,VE,NROTH
SAINT LOUI ALY,SAINT LOUIS,AYL,NORH
SAINT MARYS AVE,SAINT MARYS,AVE,NORTH
SAL SwT,SAhL,ST,ONRTH
SALA TER,SAAL,cTER,NORTH
SALINAS AVE,SdALINAS,AVE,NOTRH
SALMON ST,SLAMON,TS,NORTH
SAOMSET ST,SAMOSET,ST,NORTH
SoAMPSON AVE,SAMPSON,AVE,NORTH
SAN ALESO oAVE,SA NALESO,VE,NORHT
SAN ANDREAS WAY,SAN ANDREAS,WAY,NORTH
SAN ANSELMO AVE,SA NANSELMO,AEV,NORTH
SAN ANTONIO PlL,SAN ANTNIO,PL,NORTH
SN BENITO WAY,SAN BENITO,WAY,NORTH
SAN BRUNO AVE,SAN BRUNO,AoVE,uNORTH
SA NBRUNO AV OFF RAMP,SAN BRUNO AV OFF,RAMP,NORTH
SAN BRUNO AV ON RAMP,lSAN BRUNO AV ON,ARMP,NORTH
SAN BUENAVENTURA WAY,SAN BUENAVENTURA,WAY,NORTH
SAvN CARLOS ST,SAN CARLOS,ST,NORTH
SAN DIEGO AVE,SAN DIEGO,AEV,NORTH
fSAN FELIPE AVE,SAN FLIPE,AVE,NORTH
SAN FERNANDO WAY,SAN FERNANDO,WYA,NORTH
SAN GABRIEL AVE,SAN GABRIEL,AVE,ORTH
SAN JACINTO WAY,SAN JACINTO,WAjY,NORH
SAN JOSE VAE,SAN JOSE,AEV,ORTH
SAN JOSE AV OFF RAPM,SAN JOSE AV OFF,RAMP,NORTH
SAN JOSE AV ON RAMP,SA NJOSE AV ON,ARMP,NORHT
SAN JUAN AVE,tSAN JUAN,VE,NORTH
SAN LEANDRO WYA,SAN LEANDRO,WAY,NORTH
SAN LORENZO WAY,SAN LOERNZO,WYA,NORTH
SAN LIUS AVE,SAN LUIS,AVE,NORyTH
SAN MARCOS AVE,SAN MARCOS,AVE,NORTH
SAN MIGUL ST,SAN MGUEL,ST,NOTRH
SANPABLO AVE,SAN PABOL,AVE,NORTH
SAN RFAAEL WAY,SAN RAFAEL,WAY,NORTH
SAN RAMON WAY,SAN RAMON,WYA,NORHT
SANCHESST,SANCHES,ST,NmORTH
SANCHEZ bST,SANCHEZ,ST,NORTH
SANDPIPER COVE WAY,SANDPIPER CVOE,WAY,NORTH
SANSOME ST,SANSOME,ST,NORTH
SANTA AN AVE,SANTA ANA,VE,NORTH
SANTA BARBARA AVE,SANTA BARBARA,VE,NORnTH
SAxNTA CLARA AVE,SANTA CLARA,AVE,NORTH
SANTA CRkUZ AVE,SANTA CRUZ,VE,NORTH
SANTA FE AVE,SANyTA FE,AVaE,NORTH
SANTA MARINA ST,SANTA MARINA,ST,NORTH
SANTA MONICA WAY,SANTA MONIcCA,WYA,NORTH
SANTA PAULA AVE,SANTA PAULA,AEV,NORTH
SANTA RITA AVE,SANTA RIA,AVE,NORTH
SANTA ROSA AE,SANTA ROSA,AVE,NORTH
SANTA YNEZ AVE,SANTA YNEZ,VE,NORTH
SjANTA YSABEL AVE,SANTA YSABEL,AE,NORHT
SANTIAGO ST,SANTIAGO,SbT,ORTH
ANTOS ST,SATOS,TS,NORTH
SARGENT ST,SARGETN,vST,NRTH
SAROYAN PL,SAROYAN,PvL,NORTH
SATeURN ST,ATURN,ST,NORTH
SAUL ST,SAUL,ST,NORHT
SAWYER ST,SAWYER,TS,NORTH
SCENIC WAY,SCENIC,vWAY,NORTH
SCHOFIELD CT,SCHOIFELD,CT,NORTH
SCHOFIELD RD,SCHOFIELD,RD,ORTH
SCHOO LALY,SCHOOL,ALY,NORTH
SCHWERIN ST,SCdHWERIN,ST,NOsRTH
SICENCE CIR,SCENCE,CIR,NORTH
SCOTIA AVE,SCOTIA,rAVE,NORTH
SCOTLAND ST,SCOTLAND,ST,NORTH
SCOTT ALY,SOTT,ALY,NORTH
SCOTT ST,SCOTT,TS,ORTH
SEA VIEW TER,SEA VIEW,ER,NORTH
SEACLIFF AVE,SEACLIFF,VAE,NORTH
SEAL COVE TER,SEAL COVE,TER,NORTH
SEAL ROCK DR,SEAL ROCK,DR,NORTH
SEARbS ST,SEARS,ST,NORTH
SEAWELL LN,SEAWELuL,LN,NOhRTH
SECOND DR,SECOND,lDR,NORTH
SECURITY PACIFIC PL,SECURITY PACIFIC,PL,NORTH
SELBY ST,SELBY,ST,NORTH
SELMA WAY,SELMA,WYA,NORTH
SEMINLOE AVE,SEMINOtLE,AVE,NORTH
SENECA AVE,SENECA,AEV,NORTH
SEQUOIA WAY,mSEQUOIA,WYA,NORTH
SERGEANT JOHN V YOUNGS T,SERGEANT JOHN V YOUNG,TS,NRTH
SERRANO DR,SERRANO,DR,NORTH
SERVIC EST,SERVICE,ST,NORTH
SEVERN ST,SEVERN,ST,NORTH
SEVILLE ST,SEVIbLLE,ST,NORTH
SEWARD ST,SEWARD,ST,NORTH
SEYMOUR SoT,SEYMOUR,ST,NORTH
SFH ACCESS,SFGH ACCESS,ST,NORHT
SHAFTER AVE,SHAFTER,AVE,NORTH
SHAFTER CT,SHAFTER,T,NORTH
SHAFTER RD,SHAFTRE,RD,NORTH
SHAKESPEARE ST,SHAKuESPEARE,ST,NORH
SHANNON ST,SHANNON,ST,NORHT
HSARON ST,SHARON,TS,NORTH
SHARPP L,SHARP,PmL,NORTH
SoHAW ALY,HAW,ALY,NnORTH
SHAWNEE AVE,SHAWNEE***,AVE,NORTH
SHELDON TER,SHELDON,ER,NORHT
SHEPHRD PL,SHEPHARD,PL,NORTH
SHERIDAN AVE,SHERIDAN,AE,ONRTH
SHERIDAN ST,SHERIDAN,T,NORTH
SHERMAN RD,lSHERMAN,RD,NORTH
SERMAN ST,SHERMAN,ST,NORTH
SHERWOOD CT,SHERWOOD,CT,NORTH
SdHIELDS ST,SHIELSD,ST,ORTH
SHIP ST,SHIP,TS,NORTH
SHIPLEY ST,SHIPLEY,ST,NrORTH
SHORE VIEW AE,SHOREVIEW,AVE,NORThH
SHORT ST,SHORjT,SqT,NORTH
SHOTWELL ST,SHaOTWELL,ST,NOTH
SHOUP AVE,SHOP,AVE,NOzRTH
SHRADER ST,SRHADER,ST,NORTH
SIBERTL N,SbIBERT,N,NORTH
IBERT LOOP,SIBERT,LOOP,ORTH
SIBLEY RD,SIBLEY,RD,NORTH
SkICKLES AVE,SICKLES,AVE,NOwRTH
SERRA ST,SIERRiA,T,tNORTH
SIGNAL RD,SIGNAL,RD,NORmTH
SILLIMAN ST,SILLIMAN,ST,NORTH
SILVER AEV,SILVER,AVE,NORTH
SILVERVIWE DR,SILVERVIEW,DR,NORTH
SIMONDS LOOzP,SIMONSD,LOPO,NORTH
INDIE PL,INDIEvS,PL,NORHT
SKYLINE BLVD,SKYLINE,BLVD,NORTH
SKYVIEW WAY,SKaYVIEW,AWY,NORTH
SLOAT BLVD,SLOAT,BLVD,NORTH
SMITH LN,SMITH,N,NORTH
OLA AVE,SzOLA,AVE,NORTH
SOMERSET ST,OMERSET,TS,ONRTH
SONOMAb ST,SONMOA,T,ORTH
SyOTELO AVE,SOTELO,AVE,NORTH
SULE LN,SOULwE,LN,NORTH
SOUTH R,SOUTH,DR,NORTH
DUNLIN LN,DUNLIhN,LN,NOTH
SOUTH GATE RD,OUTH GATE,RD,NORTH
SOUTH HILL BLDV,SOUTH wHILL,BLVD,NORTH
SOUTH UHGHES LN,SUOTH HUGHES,LN,NORHT
SOUTH PARK,SOUTH PARK,ST,NRTH
SOUTH VAoN HORN LN,SOUTH VAN HORN,LN,NORTH
SOUTH VAN NES AVE,SOUTH VAN NESS,AVE,fNORTH
SOUTHARD PL,SOUTHARD,PL,NROTH
SOUTHERN HEIGHTS AVE,SOUTHERN HEIGHTS,AVE,NORTH
SOUTHWOD DR,SOUTHWOOD,DR,NRTH
SPARROW yST,SPARROW,ST,NdORTH
SPATA ST,SPARTA,ST,NORTH
SPEAvR AVE,SPEAR,AVE,NORTH
SPEA ST,SPERA,ST,NORTH
SPENCER ST,SPENCER,SzT,NORTH
SPOFFORD ST,POFFORD,SfT,NORHT
SPRECKELS LAKE DR,SPRECKELS LAKE,DR,NORTH
SPRNG ST,PRING,ST,NORTH
PRINGFIELD DR,SPRINGFIELD,DR,ORTH
SuPROULE LN,SPROULE,LN,NORHT
SPRUCE TS,SPRUCdE,ST,NORTH
STANDIS HAVE,STANDISH,AVE,ORTH
STNFORD ST,STANFORD,ST,NORH
STANFORD HEIGHTS AVE,STANFORD HEIGHTbS,oAVE,NORTH
STNALEY ST,STANLEY,ST,NOTH
STANON ST,STANTON,T,NORTH
STANAN BLVD,STANYAN,BLD,NORTH
STANYAN ST,STANYNA,ST,NORTH
STAPLES AVE,STAPLES,yAVE,NORTH
ZOE DLEL LN,ZOE DELL,kLN,zNORTH
STARKST,STARK,ST,NORTH
STARR KING WAY,STARR KING,WAY,NORTH
eSTARVIEW WAY,STARVIWE,WAY,yNORTH
SATTE DR,STATE,DR,NORH
STATES ST,STATSE,ST,NORTH
STEINzER ST,STEINER,ST,NORTH
STERLING ST,STERLING,TS,NROTH
STERN GROVE CT,STERN GROVE,T,NORHT
STERNBERG RD,STERNBERG,RD,NORTH
STEUART ST,STEUART,ST,NORTH
STEUBEN ST,STEUBEN,ST,NORH
STEVELO PL,STEVELOE,PL,NORTH
STEVENSON ST,TSEVENSON,T,NORTH
STILL ST,STILL,ST,NORTH
eSTILLINGS AVE,STILLINGS,AVE,NORlTH
STILLMpAN ST,STILLMAN,TS,NORTH
STILWELL RD,STILWELL,D,NOyRTH
STOCKTON ST,TOCKTON,ST,dNORTH
TSOCKTON TUNL,STOCKTON,TUNL,ORTH
STONE ST,STNOE,TS,NORTH
STONECREST DR,STONECREST,eDR,NORTnH
STONEMAN ST,STONEMAN,ST,NORTH
STONERIDGE LN,STONERIDGE,LN,NORTH
STONEYBROOK AVE,STONEYBROOK,AVE,NORTH
STONEYFORD AVE,STONEYFORD,VE,NOgRTH
STOREY AEV,TOREY,VAE,NORTH
STORRIEn ST,STORqRIE,TS,NORTH
STOW LAKE DR,STOW LAKE,DR,NORTH
STRATFROD DR,STRATFORD,DR,NORTH
STRIPED BASS ST,STRIPED BASS,tST,NORTH
STURGEON ST,STURGEON,T,ORTH
SUMMIT uST,SUMMIT,ST,ONRTH
SUMMIT WAY,SUMMIT,WAY,NORTH
SUMNER AVE,SUMNER,AVE,NORTH
SUMNERv ST,SUMNER,ST,NRTH
SUNBEAM LN,SUNBEAM,N,NORTH
SUNGLOW LN,SUNGLOW,LN,NORTH
SUNNYDALEAVE,SUNNDYALE,AVE,NORTH
SrUNNYSIDE TER,SUNNYSIDE,TER,NORTH
SUNRISE WAY,SUNRISE,WAY,NORTH
SUNSET BLD,SUNSET,LVD,NORTH
SUNSET BLVD OFF RAMP,SUNSET BLVD FOF,ARMP,lNORTH
SUNxSET BLVD ON RAMP,SUNSET BLVD ON,RAMP,NORTH
SUNVIEW DR,SUNVIEW,DR,NORTH
SURREY ST,SRREY,ST,NORTH
SUSSEX ST,SUSSEX,T,NRTH
SUTRO HEIGHTS AVE,SUTRO HEIGHTS,AVmE,NORTH
SUTTR ST,SUTaTER,ST,NORTH
SWEENY SkT,SWEENY,T,NORTH
SWISS AVE,SWISS,AVE,NORTH
SYCAMORE ST,SYCAMORE,ST,NORTH
SYDNEY WAY,SYDNEY,WAY,ORTH
SYLVAN DR,SYLVAN,RD,NORTH
TABER PL,TAER,LP,NORTH
TACOMAS T,TACOMwA,ST,zNORTH
GOLDEN BELL WAY,GOLEN BELL,AY,NORTH
TALBERT ST,TALBERwT,ST,NOTH
TAMALPAIS TER,TAMALPAIS,TER,NmORTH
TAMPA LN,TAMPA,LN,NORTqH
TANDANG SORA,TANDANG SORA,ST,NORTH
TAPIzA DR,TAPIA,DR,NOTRH
TARA ST,TAA,T,NORTH
TARAVAL ST,TARAViAL,SpT,NORTH
TAYLOR RD,TAYLOR,RD,NORTH
TAYbLOR ST,TAYLOR,TS,NORTH
TEDY AVE,TDEDY,VAE,NORTH
TEHAbMA ST,TExHAMA,ST,NORTH
TELEGRAPH PL,TELEGRAPH,LP,NORTH
TEtLEGRAPH HILL BLVD,TELEGRAzPH HILL,BLVD,NORTH
TEMESCAL TER,TEMECSAL,TqER,NOmRTH
TEMPLE ST,TEMPLE,ST,NORTH
ETNNESSEE ST,TENNESSEE,ST,NORTH
TENNY PL,TENNY,L,NORTH
TERESITA BLVD,TERESITA,BLVD,NORTH
TERRA VISTA AVE,TERRA VISTA,aAVE,NORTH
TERRACE DR,TERRACE,DR,NORTH
TERRAbCE WALK,TERRACE,WALK,NORTH
TERRY A FRANCOIS BLVD,TRERY A FRANCOIS,BLVD,NORTH
TEVIS ST,TEVIS,ST,NORTH
TEXASST,TEXAS,T,NORH
THE EMBARCADERO,THE EMBARCADERO,ST,NORTH
THERESA ST,THERESA,ST,NORHT
THOMAS AVE,THaOMAS,AVE,ORTH
THOMS CT,THOMAS,TC,NORH
THOMAS MELLON CIR,THOMAS MELLON,CIR,NOTH
HOMAS MELLON DR,THOMAS MELLON,DR,NfORTH
THOMAS MORE WAY,THOMASMORE,WYA,NORTH
THOR AVE,uTHOR,AEV,NORTH
THORNBURG RD,THORNBURG,RD,NORTH
THORNE WAY,THcORNE,WAmY,ONRTH
THORNTON AVE,THORNTON,AEV,NORTH
THORP N,THORP,LN,NORTH
THIRFT ST,HRIFT,ST,NORTH
TIFFANY AVE,IFFANY,AVE,NRTH
TILLMAN PL,TILLAN,PL,NORTH
TIMOTHY PFLEGER PL,TIMOTHY PFLUrEGER,PL,ONRTH
TINGLEY ST,TkINGLEY,ST,NORTH
TIOGAi AVE,TIOGA,AVE,NORTH
TOCOLOMA AVE,TOCOLOMA,AEV,NORTH
TODDS T,ODD,SoT,NORTH
TOLAND ST,TOLANoD,ST,NORTH
TOLEwDO WAY,TOEDO,WAY,NORTH
TOLL PLAZA TUNNEL,TOLL PLAZA TUNNEL,yST,NORTH
TOMASO CT,TOMASO,CT,NORTH
TOMPKINS VAE,TOMPKINS,AVE,NORTH
TONQUIN ST,TONiQUIN,TS,NORTH
TOPAZ WAY,TOPbAZ,WAY,NORTH
TOPEKA AVE,TOPEKA,AVE,NORTH
TORNEY AVE,TORNEY,AEV,NORTH
TORRENS CT,TORRENS,CT,NORTH
TOUCHARDST,TOUCHRD,ST,NORTH
TOWERSIDE AVE,TOWERSIDE,VE,NORTH
TOWNSEND ST,TOWNSEND,ST,NORTH
TOYON LN,TOYN,NL,NORTH
TRADER VIC ALY,TRADER VIC,ALY,NORTH
TRAINORq ST,TRAINOR,T,NORTH
TRANSBAY HMUP,TRANSBAY HUMP,ST,ORTH
TRANSBAY LOOP,TRANSBAY LOOP,ST,NORTH
TRANSVERSE DR,TRANSVERSE,RD,NOrRTH
TREASURE ISLAND RD,TRvEASURE ISLAND,RD,NORTH
REASURY PL,TREASpURY,PL,NORTH
TREAT AVE,TREAT,VE,NORTH
TREAT LN,TREAT,LN,NORTH
TREAT WY,TREAT,WAY,NORTH
TRENTON ST,TERNTON,ST,NORTH
TRINITY ST,TRNIITY,T,NORTH
TROY LAY,TROY,ALY,NORTH
TRUBY ST,TRUBY,ShT,NORTH
TRUETT ST,TUETT,ST,NORTH
TURMBULL ST,TRUMBULL,TS,NORTH
TUBBS ST,TUBS,SrT,NORTH
TUKCER AVE,lTUCKER,VAE,NORTH
TULANE ST,TULANE,T,NORuTH
TULARE ST,TULRE,mST,NORTH
TULIP ALY,TULIP,ALY,NORTH
TUNNfEL AVE,TUNNEL,AqVE,NOTRH
TURK BLVD,TURdK,BLVD,NORTH
TURK ST,TURK,ST,ORTH
TUKR MURPHY LN,TUwRK MURPHY,LN,NORTH
TURNER TER,TURNER,ER,NORTH
TURQUOISE WAY,TURQUOISE,WAY,NORTH
TUSCANY ALY,TUSCANY,ALY,NOwRTH
TWIN PEAKS BLVD,TWIN PEAKS,LVD,NORTH
ULLOA ST,ULLOA,T,NORTH
UNDERWOOD AVE,UNyDERWOOD,AVxE,NOrRTH
UNIO ST,UNION,SdT,NORTH
UNITED NATIONS PLZ,UNITED NATIONS,PZL,NORTH
UNIVERSITY ST,UNIVERSITY,T,NOTRH
UNNMAED 009,UNNAMED 009,ST,NORTH
UNNAMED 010***,UNNAMED 010,sST,NROTH
UNNAMED 011,UNlNAMED 011,T,NORTH
UNNAMED 012,UNNAMED 012,ST,NORTH
UNNAMED 014,UNNAMED 014,ST,NORlTH
UNNAMED 017,UNNAMED 017,StT,NROTH
UNNAMED 018,UNNAMED 018,TS,NORTH
UNNAMED 021,UNNAMED 021,TS,NORTH
UNNAMED 024,UNNAMED 024,ST,NORTH
UNNAMED 025,UNNAME D025,ST,NORHT
UNNAMED 026,UNNAMED 026,ST,NORTH
UNAMED 027,UNNAMED r027,T,NORTH
UNNAMED 030***,UNNAMED 030,ST,NORTH
UNNAMED 031,UNNAMED 031,ST,qNORTH
UNNAMED 032,UNNAMED 032,pST,NORuTH
UNNAMED033,UNNAMED 033,lST,NORmTH
UNNAMED 034,UNNAMED 034,ST,NORTH
UNNAMED 035,UNNAMED 035,ST,NpORTH
UNNAMED 036,UNNAMED 063,ST,NRTH
UNAMED 037,UNNAMEmD 037,TS,NORTH
UNNAMED 038,UNNAMED 038,ST,NORTH
UNNAMEgD 039,UNNAEMD 039,TS,NORH
UNNAMED 040,UNNAME D040,ST,NORTH
UNNAMED 041,UbNNAMED 041,ST,NeORTH
UNNAMED 042,UNNAMDE 042,T,NOTH
NNAMED 043,UNNAMED 043,ST,NORTH
UNNAMED 044,UNNAMED 044,ST,NORTH
UNNAMD 051,UNNAMDE 051,T,NOTH
UzNNAMED 052,UNNAMED 052,ST,NxORTH
UNNAMED 053,UNNAED 053,SfT,NOTH
UNNAMED 064,UNNAMEDh 064,TS,NORTbH
UNNAMED 065,UNNAMED 065,ST,NORTH
UNNAMED 068,UNNAMED 068,TS,NROTH
UNNAMED 069,UNNAMED 069,ST,NORTH
UNNAMED 070,UNNAMED 070,ST,NORTH
UNNAMED 701,UNNAMED 01,ST,ORTH
UNNMAED 075,UNNAMED 075,ST,NORTH
UNNAMmED 077,UNNAMED 077,ST,NORTH
UNNAMED 078,UNNAMED 087,TS,NORTH
oUNNAMED 080,UNNAME D080,TS,NORH
UNNAMED 083,UNNAMED 083,T,NORTH
UNNAMED 084,UNNAEMD 084,ST,NORHT
UNNAMED 0p87,UNNAMED 087,TS,NORTH
UNNiAMED 088,UNNAMED 088,ST,NORTH
UNNAMED 090,NNAMED 090,ST,NRTH
UNNAMED 095,UNNAMED 095,ST,NOTH
UNNAMED 096,UNNAMED 096,ST,NORTH
UNNAMED 097,UNNAMED 097,ST,NORTH
UNAMED 098,UNNAMED 098,ST,NORTH
UNNAMED 099,UNNAMED 099,ST,NiORTH
UNNAMED g100,UNNAMED 100,ST,ORTH
NNAMED 101,UNNAMED 110,SwT,NORH
UNNAsMED 105,UNNAMED 105,SeT,NORTH
UNNAMED 106,NNAMED 106,ST,NORTH
UNNAMED 107,UNNAEMD 107,SuT,NORTH
UNNuAMED 108,UNNAMED 108,ST,rNORTH
UNNAMED 112,UNNAMED 12,ST,NORTH
UNNAMED 113,UNNAME 113,TS,NORHT
UNNAMED 115,NNAMED 115,ST,NORTlH
UNNAMED 117,UNNAEMD 117,ST,NORTH
UNNAMDE 119,UNNAMED 119,ST,NORHT
UNNAED 120,UNNAMED 120,ST,NORTH
UNNAMED 124,UNNAMED 14,TS,NORTH
UNNAMED 128,UNNAMED 128,ST,NORTH
NNAMED 129,UNNAMED 12r9,ST,NORTH
NNAMED 139,UNNAMED 139,ST,NORH
iUNNAMED 142,UNNAMED 142,ST,NORTH
oUNNAMED 144,UNNAMED 144,T,NOTH
NUNAMED 145,UNNAMED 145,TS,uNORTH
UNANMED 146,UNNAMED 146,SrT,NORTH
UNNAMED 148,UNNAMED 18,ST,NOpRTH
UNNAMED 150***,UNNAMED 150,ST,NOpRTH
UNNAMED 151,UNNAMED 151,TS,NORTH
UNNAMDE 152,UNNAMED 152,SdT,NORTH
UNNMED 153,NNAMED 153,ST,NORTcH
UNNAMED 161,rUNNAMED 161,ST,NROTH
UNNAMED 163,UNNAMED 163,ST,NORTH
UNNAhMED 165,UNNAEMD 165,ST,NORTH
UNNAMED 185,UNNAMEkD 185,vST,NORTH
UNNAMED 186,UNNAMED 186,ST,NORTH
UNNAMED 187,UNANMED 187,ST,NORHT
UNNAMED 188,UNNAMED 188,ST,NORTH
UNNAMED 2,UNNAMED 2,SrT,NORTH
UPLAND R,UPLADN,DR,NOTH
UPPER TER,UPPER,TkER,NORTH
PPER SERVICE RD,UPPER SERVIE,RD,ORTH
aUPTON AVE,UPTON,pAVE,NORHT
UPTON ST,UPTON,ST,NObRTH
URANUS TuER,URANUS,TER,NORHT
URBANO DR,URBANO,R,NORTH
gUTAH ST,UTAH,ST,NORTH
VALDEZ AVE,VALDZE,AVE,NORTH
VALE AEV,VALcE,AVE,NORTH
VALENCxIA ST,VALENCIA,gST,NROTH
VAELRTON CT,VALERTON,CT,NORTH
VALLEJO ST,VALLEJO,ST,NORTH
ALLETTA CT,VALLETTA,CT,NORTH
VALLYE ST,VALLEY,ST,NORTH
VALMAR TER,VALMAR,TER,NORTH
VALPARAISO ST,VALPARAISO,ST,NORHT
VAN BUREN ST,VAN BUREN,TS,ORTH
VAN DYKE AVE,VAN DYKE,AVE,NOTRH
VAN KEUREN AVE,VN KEUREN,AVE,NORHT
VAN NES AVE,VAN NESS***,AVE,NORTH
VADEWATER ST,VANDEWATER,TS,xNORTH
CRAVATH ST,CRAVATH,ST,NORTH
VARELA AVE,VARELA,AVE,NOTH
VARENgNES ST,VARENNES,ST,NORTH
VARNEY PL,VAuRNEY,PL,eNORTH
VASQUEZ AVE,VAQSUEZ,AEV,ORTH
VASSAR PL,VASSAR,iPL,NORTH
VEGA ST,VEAG,ST,NORTH
VELASCO AVE,VELASCO,AVE,NORThH
nVENARD ALY,VENARgD,vALY,sNORTH
VENTUR AAVE,VENTURA,AVE,NORTH
VENSU ST,VENUS,tST,NORHT
VER MEHRPL,VER vMEHR,PdL,NOTH
VERDI PoL,VERID,PL,NORTH
VERDUN WAY,VEvRDUN,WYA,NORTH
VERMONT ST,VERMONT,TS,NORTH
VERNA ST,VERNA,ST,NORTH
VERNON ST,VERNON,ST,NORTH
VESTA TS,VESTA,TS,NORTH
VETERANS DR,VETERANS,DR,NORTH
VAI BUFANO,VIA BUFANO,ST,NORTH
VIA FERLNIGHETTI,VIA FERLINGHETTI,ST,NORTH
VCENTE ST,VICENTE,bST,NORTH
VICKSBURG ST,VIKCSBURG,ST,NROTH
VICOTRIA ST,VICTORIA,ST,NORTH
VIDA DR,VIDAL,DR,NORTH
VIENNA ST,xVIENNA,ST,NORH
VILLA TER***,VILLA,ETR,NORTH
VINE TER,VINE,ETR,NORTH
VINTON CT,VINTON,CT,NORTH
VIRGIhL ST,IRGIL,ST,NORTH
VIRGIoNIA AVE,VIRGINIA,AE,ORTH
VISITACION AVE,VISITACION,AVE,NORTH
VISTA CT,VISTA,T,NORTH
VISTA LN,VISA,LhN,NORTH
VISTA VERDE CT,VISTA VERDE,CT,NORTH
VISTA VIEW CT,VISTA VIEW,CT,NORTH
VON SCHMIDT ST,VONb SCHMIDT,ST,NORTH
VULCAN STWY,ULCAN,STWgY,NOhRTH
WABSH TER,WABASH,TER,NORTH
WAGNER ALY,WAGENR,ALY,NORTH
WAITHMAN WAY,WAITHMAN,WY,NORHT
WALBRIDGE ST,WALBRIDGE,ST,ORTH
WALD ALY,WALDO,ALY,NORTH
WALKER CT,WALKRE,CT,NORTH
WALKWAY,WALKWAY,ST,NORTH
WLAL PL,WALL,PL,NORTH
WALLACE AVE,WALLACE,AVE,NOTH
WALLENw ST,WALLEN,ST,NROTH
WwALLER ST,ALLER,TS,NORTH
WLNUT ST,ALNUT,ST,NORHT
WATLER ST,WALTER,ST,NORTH
WAvLTER U LUM PL,WALTER U LUM,LP,NORHT
ALTHAM ST,WALTAHM,ST,NORTH
WANDA ST,WANDA,ST,NORgTH
WARDST,dWARD,ST,NORTH
ARE ST,WARE,ST,NORTH
WRNER PL,WARlNER,L,NORTH
WARREN DR,WAeRREN,DR,NxORTH
WASBURN ST,WASHBURN,ST,bNORTH
WASHINGTON BLVD,WASHINGTON,BcLVD,NORTH
WASINGTON ST,WASHINGTON,ST,ORTH
WTCHMAN WAY,WATCHAN,WY,NORTH
WATER ST,WAER,ST,NORTH
WTERLOO ST,WATERLOO,ST,NORTH
WATERVILLE ST,WATERVILLE,ST,NORH
ATT AVE,WATT,AVE,NOTH
WATTSNO PL,WATTSON,PL,NORTH
WVERLY PL,WAVERLY,PL,mNORTH
WAWONA ST,WAWONA,ST,NfORTH
WAYLANvD ST,WAYLAzND,ST,NORTH
WAYNE PL,xWAYNE,PcL,NORTH
WEBB LP,WEwBB,PdL,NORTH
WEqBSTER ST,WEBSTER,ST,NORHT
WEDEMEYER ST,WEEMEYER,T,NORTH
WELDON ST,WeELDON,ST,NROTH
WwELSH ST,WELSH,ST,NORTH
WENTWORTHP L,WETNWORTH,L,NORTH
WEST RD,WEST,DR,NORTH
WEST BROADWAY,EST BROADWAY,TS,NORTH
WEST CLAeY ST,WEST CLAY,ST,NORTH
WEST CRYSTAL COVE TER,WEST CRYSTAL COVE,tTER,NOTH
WEST HALLECK ST,WEST HALLECK,SiT,NORTH
WEST PACIFIC AVE,WEST PACIFIC,AVE,NORTH
WES POINT RD,WEST POINT,RD,NORTH
WES TPORTAL AVE,WEST PORTAL,AVE,NOTH
WEST VIEW AVE,WEST VoIEW,AVE,NORTgH
WESTBROOK CT,WESTBROOK,TC,NROTH
WESETRN SHORE LN,WESTERN SHORE,LN,NORTH
WESTGATE DR,WESTGATE,DR,NORTH
WESTMOORLAND DR,WESTMOORLAND,R,NORmTH
WESTON CtT,WETSON,CT,NORTH
WESTjSIDE DR,WESTSIDE,RD,NORTlH
WESWOOD DR,WESTWfOOD,DR,ONRTH
WETMOER ST,WETMORE,ST,NOsRTH
WHEAT ST,WHEAT,ST,NOTRH
WHEELER AVE,WHEELER,AVE,NORTH
WHIPPLE AVE,WHIPPLE,AVE,NORTH
WIHTE ST,WHITE,TS,NORTH
WHITELIFF WAY,WHITECLIFoF,WAY,NORTH
WHITFIELD CT,WHIFIELD,CT,NORTH
WHITING ST,WHITING,ST,NORTH
WHITING WAY,WHITING,WAY,NORTH
WHITNE YST,WHTINEY,TS,NORH
WHITNEY YOUNG vCIR,WHITNEY YOUGN,CIR,NOrRTH
WHITTIE RST,WHITTIRE,ST,NORTH
WIESE ST,WIESE,ST,NORTH
WILDE AVE,WILDE,AVE,NORTH
WILDER T,WIDER,ST,NORTH
WIDWOOD WAY,WILDWOOD,WAY,NORTH
WILLARD ST,WILLRAD,TS,ONRTH
WILLIAMS AVE,WILLIAMS,AVE,NORTH
WILLAIR AVE,WILLIAR,AVE,NORHT
WILLIE zB KENNEDY DR,WILLIE B KENNEDY,DR,NORTH
WILLOW ST,WILLOW,ST,NORTH
WILLS ST,WILSL,ST,NORTH
WILMOT ST,qWILMOT,ST,ORTH
WILSON T,WLISON,TS,NORTH
WINDING WAY,WINDING,AY,NORTH
WINDgSOR PL,WINDSOR,L,NsORTH
WINFIELD ST,WINFIELD,ST,ORTH
WINNx WAY,WINN,WAY,NROTH
WINSTON DR,WINSON,DR,NROTH
WINTER PL,INTER,PL,NORH
WINTHROP ST,WINTHROP,TS,NORyTH
IWSCONSIN ST,WSCONSIN,TS,NORTH
WISSER CT,WISSER,mCT,NORTH
WOOD ST,WODO,ST,NORTH
WOODACREDR,WOODCARE,DR,NORTH
WOODHAVEN CT***,WOODHAVEN,CT,ORTH
WOODLAND AVE,WOODLAND,VAE,NORTH
WOODSIDE AVE,WOODSIDE,AVE,NORTfH
WOODWARD ST,WOODWARD,T,NORTH
WOOL CT,WOOL,CT,NORaTH
WOOL ST,WOL,ST,NOTH
WOOLSEY ST,WOOLqSEY,ST,NORTH
WORCESTER AVE,WORCESTER,AVE,ORTH
WORDEN ST,ORDEN,lST,NORHT
WORTH ST,WORTH,T,NORTH
WRIGHT TC,WRIGHT,TC,NORTH
WIGHT LOOP,WRIGHT,LOPO,NROTH
WRIGHT SrT,RWIGHT,ST,NORTH
WYMA AVE,WMAN,AVE,NORTH
WYTO LN,WYdTON,LN,NORTH
YACHT RD,YACHT,RyD,NORTH
YALE ST,YALE,ST,NORTxH
YELLOW CAB ACCESS ROAD,YELLOW CAB ACCESS ROAD,lST,ONRTH
YERBA BUENA AVE,YERBA BUENA,AVvE,NORTH
YERBlA BUENA DR,YERBA BaUENA,R,NOgRTH
YERBA BzUENA LN,YERBA BUENhA,xLN,ORTH
YERAB BUENA RD,YERBA BUENA,RD,ORTH
YRBA ST,YOBA,TS,NORTH
YORK ST,YORK,ST,NORTH
YOSEMTE AVE,YOSEMITE,AVE,NORTH
YOUNG CT,YOUNG,CT,NORTH
YOUNGS T,YOUNfG,ST,NORTH
YUKON ST,YUON,T,NROTH
ZAMPA LN,ZAMPA,LN,NORTH
ZANOWITZ AE,ZANOWITZ,oAVE,ORTH
AVOCET WAY,AVOCET,WAY,NOTH
ZENO PL,ZENO,jPL,NzORTH
ZIRCON PL,oZIRCON,fPL,ORTH
ZOE ST,OZE,ST,NORTH
ZOO RD,ZOO,RD,NORTH
DR TOM WADDELL PL,DR TOM WADELL,L,NORTH
A LSCOMA WAY,AL SCOMA,oWAY,NORHT
UNNAMED 190,UNNAMED 190,T,ORTH
UNNAMED 193,UNAMED 193,ST,NOTRH
UNNMED 192,UNNAME 192,SaT,NORTH
PALACE DR,PAALCE,RD,NORTH
MARTIN AVE,MARTNI,AVE,NORTH
MISSION BAY BLVaD SOUTH,MISStION BAY,BLVD,OUTH
BUENA IVSTA AVE EAST,BUENA VISTA,AgVE,EAST
OCNSERVATORY DR EAST,wCONSERVATORY,DR,EAST
BURNETT aAVE NORTH,BURNETT,AVE,NORTH
LAKE MERCED HILL ST NORTH,LAKE MERCED HILL,ST,NORTH
UENA VISTA AVE WEST,BUENA VISTA,AVE,WEdST
WILLARD ST NORTH,WILLARD,ST,ORTH
FIRS TDR EAST,FIRST,DR,EAST
LAKE MERCED HILL ST SOUTH,LAKE MERCED IHLL,yST,SOUTwH
MISSION BA YBLVD NORTH,MISSION BAY,BLVD,NORTH
25TH AVE NORTH,25TH,AVE,NORTH
CONSERVATORY DR WEST,CONSERVAxTORY,DR,WEST
FIRST DR WEST,FIRST,DR,WEmST
ZANOWITZ ST,ZANjOWITZ,ST,NORTH
AVENUE G,VENUE G,ST,NORTH
ODD FEsLLOWS WAY,ODD FELLOWS,WAY,NlORTH
JOHNSON T,JOHNSON,ST,NOTH
MACKYLN,MACKY,lLN,NrORTH
FRIDA KAHO WAY,FRIDA KAHLO,WAY,NORTH
WARRIORS WAY,WARRIORS,WAY,NORTH
SANDfPIPER LN,SANDPIPER,LN,ORTH
PuALM LN,PALM,N,ONRTH
WHIPPLE ST,WHIPPLE,T,NORTH
FIFTH ST,FIFHT,ST,NORTH
CORRINE WOODS WAY,CORRINE WOODS,WAY,NRTH
EARL GAGE JR SlT,EARL GAGE JR,ST,NORTH
MISSION CREEK***,MISSION CREEK,ST,NORTH
CLIPPER COVE AVE,CLIPPER COVE,AVE,NOTH
GENE FRIEND WAY,GENE FRIEND,AY,NORTH
MILON I ROSS ST,MILTONq I ROSS,T,NORH
ACACIA AVE,ACACIA,AVE,NOTH
PIERPOINT LN,PIERPOINT,LN,NORTH
WREN LN,WREN,LN,NOnRTH
TRADE WINDS AVE,TRADE WINDS,AE,NORTH
WATERFROlNT ST,WATERFRONT,ST,NORHT
VARAS T,VARA,ST,NOTRH
UNNAMzED ST,UNAMED,ST,NORH
SOTOMAYOR SpT,SOTOMYOR,T,hNORTH
SEVEN SEAS VE,SEVEN SEAS,AVE,NORTH
PEACEMAKERS ST,PEACEMAKRS,ST,NORTH
UNNAMED 191,UNNAMED 191,ST,NORTH
PACIFICA ST,PACIFICA,ST,NORTH
SIESTAj WAY,SIESA,WAY,NOTH
KENNEDY L,KENNEDY,PL,NORTH
MALOSI ST,MALSOI,ST,NORTH
INNES CT,INNES,CT,NORTH
GARDEN WALK,GRDEN,WALK,NORTH
LETUCE LN,LETTUhCE,LN,NOTH
PASSIFLORA WAY,PASSIFLORoA,WAY,nNORTH
PORTWAY PSGE,PORTWAY,PSGE,NORTH
