Last Name,First Name,Company,Grade,Discharge Grade
Tapley,J. L.,A,Private,Private
Tarplay,L.,A,Private,Private
Tarpley,A. B.,G,Private,Private
Tarpley,Algernon B.,G,Private,Private
Tarpley,Henry C.,A,Private,Private
Tarpley,Joel F.,A,Private,Private
Tarpley,L.,A,Private,Private
Tarpley,Lucius,A,Private,Private
Tarpley,William H.,A,Private,Private
Tarply,H. C.,A,Private,Private
Tatum,N. J.,H,~,~
Tatum,Thomas S.,D,Second Lieutenant,Second Lieutenant
Taylor,Augustus,F&S,Surgeon,Surgeon
Taylor,E.L.,H,Private,Private
Taylor,J. M,D,Private,Private
Taylor,L.E.,H,Private,Private
Taylor,Ludlin E.,H,Private,Private
Tedders,C.M,B,Private,Private
Tedders,Charles M,B,Private,Private
Terry,W.E.,I,Private,Private
Thayer,T.N.,G,Private,Private
Thomas,John E.,C,Private,Private
Thomas,R. Daniel,D,Brevet Second Lieutenant,Brevet Second Lieutenant
Thomas,Willis A.,G,Private,Private
Thomesheed,J.W.,A,Private,Private
Thompson,A.H.,C,Private,Private
Thompson,Alfred,A,Private,Private
Thompson,Benj. S.,C,Sergeant,~
Thompson,S.J.,G,Private,Private
Thompson,T.,A,Private,Private
Thompson,Thomas J.,C,Private,Private
Thompson,Wiley,A,Private,Private
Thompson,Willis A.,G,Private,Private
Thornton,George W.,G,Private,Private
Thornton,J.W.,F,Private,Private
Thornton,William J.,B,Private,Private
Thurmon,Richd. O.,C,~,~
Tiller,Gilmore,C,Private,Private
Tilman,Richard,B,Private,Private
Tilmon,Richard,B,Private,Private
Tilton,G.,C,Private,Private
Tinsley,Asa B.,G,Private,Private
Tomlin,A.J.,I,Private,Private
Tomlin,M.J.,I,Private,Private
Tomlin,Milton L.,I,Private,Private
Tomlin,Newton J.,I,Private,Private
Tomlin,W.J.,I,Private,Private
Tomlinson,Thomas M.,E,Private,~
Toney,Doctor F.,D,Private,Private
Toney,James M.,D,Private,Private
Towns,Absalom G.,H,Private,Private
Tramell,Jackson P.,D,Private,Private
Trammell,Jackson P.,D,Private,Private
Trommerhouser,Joseph,K,Private,Private
Truman,Richard W.,F&S,Adjutant,First Lieutenant/Adjutant
Tucker,E.C.,B,Private,Private
Tucker,Green C.,B,Private,Private
Tucker,T.C.,B,Private,Private
Tucker,T.W.,H,Private,Private
Tucker,William F.,H,Private,Private
Tuller,G.,C,Private,Private
Turk,Jonathan,B,Private,Private
Turner,A.N.,K,~,~
Turner,Archibald W.,K,Private,Private
Turner,Daniel C.,H,Private,Private
Turner,David T.,A,Private,Private
Turner,Hilliard A.,A,Private,Private
Turner,Irby H.,K,Sergeant,Sergeant
Turner,J.H.,K,Sergeant,Sergeant
Turner,J.P.,F,Private,Private
Turner,J.S.,A,Private,Private
Turner,James,D,Private,Private
Turner,James M.,H,Private,Private
Turner,John J.,A,Private,Private
Turner,John W.,D,Private,Private
Turner,M.T.,A,Private,Private
Turner,Manson,G,~,~
Turner,Peyton S.,A,Private,Private
Turner,Samuel L.,E,Private,Private
Turnipseed,Jesse C.,A,Private,~
Turnipseed,John W.,A,Private,Private
Turnipseed,Nathaniel C.,A,Private,Private
Turnipseed,W.J.,A,Private,Private
Turquet,W.,G,Private,Private
Tyson,William A.,E,Private,Private
Underwood,J.N.,A,Private,Private
Upchurch,James M.,A,Private,Private
Upchurch,Jasper,A,Private,Private
Upchurch,L.A.,A,Private,Private
Upchurch,L.H.,B,Private,Private
Upchurch,Lloyd H.,A,Private,Private
Vaughan,W. D.,G,Private,Private
Vaughn,John,F,Private,Private
Vaughn,William H.,G,Private,Private
Venson,N. B.,F,Private,Private
Veser,James,G,Private,Private
Vessels,James H.,G,Private,Private
Vickars,William,D,Private,Private
Vickers,J. C.,~,Private,Private
Vickers,John W.,C,Private,Private
Vickers,William,D,Private,Private
Vincent,Nat. B.,F,Private,Private
Vinson,N. B.,F,Private,Private
Vocus,E. O.,I,Private,Private
Wadkins,J. D.,B,Private,Private
Wadsworth,James C.,E,Private,Private
Wadsworth,W. J.,H,Private,Private
Wagner,H. C.,K,Private,Private
Wagner,W. S.,K,Private,Private
Wagnon,Hinton C.,K,Private,Private
Wagnon,William S.,K,Private,Private
Wagoner,H. C.,K,Private,Private
Waits,G. M. P.,B,Private,Private
Waits,George M. T.,B,Private,Private
Waits,William B.,B,Private,Private
Walby,S. E.,H,Private,Private
Walden,Francis M.,D,Private,Private
Walden,John D.,D,Private,Private
Walker,H. H.,~,Private,Private
Walker,Jonathan L.,I,Private,Private
Walker,Nathaniel S.,F&S,Assistant Surgeon,Assistant Surgeon
Walker,R. J.,E,Private,Private
Walker,Richard P.,K,Corporal,Corporal
Wallace,N.,A,Private,Private
Wallace,William F.,D,Private,Private
Wallace,William J.,H,Sergeant,Sergeant
Waller,Jarrot L.,E,Private,Private
Waller,Roan,B,Private,Private
Waller,William,G,Private,Private
Waller,William J.,H,Sergeant,Sergeant
Wallestine,Harman,E,Private,Private
Wallis,Nicholas G.,D,Private,Private
Wallis,William D.,D,Private,Private
Wallis,William F.,D,Private,Private
Walls,D. M.,F,Private,Private
Walls,George W.,F,Private,Private
Walls,J.,"F,K",Private,Private
Ward,Francis M.,B,Private,Private
Ward,Ira C.,E,Private,Private
Ward,John M.,C,Private,Private
Ward,John S.,K,Corporal,Corporal
Ward,Oliver H.,G,Private,Private
Ward,Paschal W.,F,Private,Private
Ward,Walter B.,F,Private,Private
Ward,William W.,H,Private,Private
Wardsworth,William J.,H,Private,Private
Watkins,John G.,B,Private,Private
Watson,Edward T.,H,Private,Private
Watson,J.M.,H,Private,Private
Watson,Robert N.,G,Private,Private
Watson,Thomas A.,G,First Sergeant,First Sergeant
Watson,W.D.,K,Private,Private
Watt,G.W.,H,Private,Private
Weaks,James D.,G,Private,Private
Weaver,D.F.,G,Private,Private
Weaver,Doctor F.,G,Private,Private
Webb,D.R.,K,Corporal,Corporal
Webb,George W.,B,Private,Private
Weeks,B.D.,G,Private,Private
Weems,Gilbert G.,A,First Sergeant,First Sergeant
Weems,J.W.,F&S,Sergeant Major,Sergeant Major
Weems,James R.,"A,H",Private,Private
Weems,John,A,Private,Private
Weems,P.G.,A,Private,Private
Welch,John,G,Private,Private
West,James A.,G,Private,Private
West,John J.,F,Private,Private
West,John M.,D,Private,Private
Wevems,J.W.,A,Private,Private
Whaley,Henry H.,H,Private,Private
Whaly,Wm.,G,Private,~
Whatley,James H.,H,Private,Private
Whatley,William H.,H,Private,Private
Whidby,William B.,H,Private,Private
White,David T.,I,Private,Private
White,Dennis,D,Private,Private
White,G.W.,F,Private,Private
White,J.,H,Private,Private
White,John J.,B,First Sergeant,First Sergeant
White,T.R.,F,Private,Private
Whitehead,Aaron,C,Private,Private
Whitehead,H.W.,C,Private,Private
Whitehead,Henry,C,Private,Private
Whitehead,James E.,C,Private,~
Whitehead,John J.,C,Private,Private
Whitehead,Lewis,C,Private,Private
Whitehead,William J.,C,Sergeant,Sergeant
Whitehead,William S.,C,Private,Private
Whitely,Z.,I,Private,Private
Whitley,Lazhanah,I,Private,Private
Whitley,Z.,I,Private,Private
Whitlock,James L.,G,Private,Private
Whitmore,E.E.,F,Private,Private
Whitney,Ebenezer,A,Private,Private
Whorton,W.F.,H,Private,~
Wicks,B.D.,G,Private,Private
Wilborn,James T.,B,Private,Private
Wilburn,James P.,B,Private,Private
Wiley,Charles M.,F&S,Adjutant,Adjutant
Wilkerson,B.H.,G,Corporal,Corporal
Wilkerson,William J.,G,Private,Private
Wilkins,Samuel J.,A,Second Lieutenant,Second Lieutenant
Wilkins,William J.,A,Brevet Second Lieutenant,Third Lieutenant
Willaby,Aaron,H,Private,Private
Willaby,James W.,H,Private,Private
Willaby,Nolan F.,H,Private,Private
Willaby,Solomon C.,H,Private,Private
Willeby,Noel F.,H,Private,Private
Willeby,S.C.,H,Private,Private
Williams,Browning,G,Private,Private
Williams,George W.,E,Musician,Musician
Williams,James M.,A,Corporal,Corporal
Williams,M.J.,G,Private,~
Williams,R.I.,C,Private,Private
Williams,Robert T.,C,Private,Private
Williams,Thomas J.,K,Private,Private
Williams,Wm C.,C,Private,~
Willingham,J.,~,Private,Private
Willingham,J.W.,B,Private,Private
Willingham,Jefferson,B,Private,Private
Willingham,Theophilus,B,Private,Private
Willis,John,D,Private,Private
Willis,John D.,D,~,~
Willoughby,A.,H,Private,Private
Willoughby,J.W.,H,Private,Private
Willoughby,William R.,C,Private,Private
Willougherby,David J.,C,Private,Private
Wilson,Jesse P.,K,Private,Private
Wilson,John,G,Private,Private
Wilson,William J.,G,Private,Private
Windham,John J.,H,Private,Private
Winfrey,Thomas E.,I,Private,Private
Winter,R.H.,A,Private,Private
Witherby,Sandbey C.,H,Private,Private
Wood,H.P.,B,Private,Private
Wood,John W.,I,Private,Private
Wood,W.H.,M,Private,Private
Woodward,Council E.,K,Private,Private
Wooten,Riley,B,Private,Private
Word,John M.,C,Private,~
Wright,Alexander H.,F,Brevet Second Lieutenant,Brevet Second Lieutenant
Wright,Asbury,H,Private,Private
Wright,J.M.,K,Private,Private
Wright,Jesse M.,K,Private,Private
Wright,William B.,D,Private,Private
Wright,William B.,D,Private,Private
Wright,William H.,K,First Sergeant,Second Lieutenant
Wright,Yelbertson P.,K,Private,Private
Wyatt,George W.,A,Private,Private
Wyatt,John P.,A,Private,Private
Wynn,J. Henry,K,Corporal,Corporal
Wynn,J.H.,K,Private,Private
Wynn,Oscar S.,F,Private,Private
Wynne,O.S.,F,Private,Hospital Steward
Yarbrough,Edward A.,H,Private,Private
Youngblood,Cincinnattus,I,Private,Private
Zachry,Asa J.,F,Private,Private
Zeigler,J.F.,E,Private,Private
Ziglen,J.T.,E,Private,Private
