groupnumbernoprecedingzeroes,grouptitle,groupnumberandtitle,seriesnumbernoprecedingzeroes,seriestitle,seriesnumberandtitle
0,MISCELLANEOUS OCCUPATIONS GROUP,0000-MISCELLANEOUS OCCUPATIONS GROUP,6,CORRECTIONAL INSTITUTION ADMINISTRATION,0006-CORRECTIONAL INSTITUTION ADMINISTRATION
0,MISCELLANEOUS OCCUPATIONS GROUP,0000-MISCELLANEOUS OCCUPATIONS GROUP,7,CORRECTIONAL OFFICER,0007-CORRECTIONAL OFFICER
0,MISCELLANEOUS OCCUPATIONS GROUP,0000-MISCELLANEOUS OCCUPATIONS GROUP,11,BOND SALES PROMOTION SERIES,0011-BOND SALES PROMOTION SERIES
0,MISCELLANEOUS OCCUPATIONS GROUP,0000-MISCELLANEOUS OCCUPATIONS GROUP,17,EXPLOSIVES SAFETY,0017-EXPLOSIVES SAFETY
0,MISCELLANEOUS OCCUPATIONS GROUP,0000-MISCELLANEOUS OCCUPATIONS GROUP,18,SAFETY AND OCCUPATIONAL HEALTH MANAGEMENT,0018-SAFETY AND OCCUPATIONAL HEALTH MANAGEMENT
0,MISCELLANEOUS OCCUPATIONS GROUP,0000-MISCELLANEOUS OCCUPATIONS GROUP,19,SAFETY TECHNICIAN,0019-SAFETY TECHNICIAN
0,MISCELLANEOUS OCCUPATIONS GROUP,0000-MISCELLANEOUS OCCUPATIONS GROUP,20,COMMUNITY PLANNING,0020-COMMUNITY PLANNING
0,MISCELLANEOUS OCCUPATIONS GROUP,0000-MISCELLANEOUS OCCUPATIONS GROUP,21,COMMUNITY PLANNING TECHNICIAN,0021-COMMUNITY PLANNING TECHNICIAN
0,MISCELLANEOUS OCCUPATIONS GROUP,0000-MISCELLANEOUS OCCUPATIONS GROUP,23,OUTDOOR RECREATION PLANNING,0023-OUTDOOR RECREATION PLANNING
0,MISCELLANEOUS OCCUPATIONS GROUP,0000-MISCELLANEOUS OCCUPATIONS GROUP,25,PARK RANGER,0025-PARK RANGER
0,MISCELLANEOUS OCCUPATIONS GROUP,0000-MISCELLANEOUS OCCUPATIONS GROUP,28,ENVIRONMENTAL PROTECTION SPECIALIST,0028-ENVIRONMENTAL PROTECTION SPECIALIST
0,MISCELLANEOUS OCCUPATIONS GROUP,0000-MISCELLANEOUS OCCUPATIONS GROUP,29,ENVIRONMENTAL PROTECTION ASSISTANT,0029-ENVIRONMENTAL PROTECTION ASSISTANT
0,MISCELLANEOUS OCCUPATIONS GROUP,0000-MISCELLANEOUS OCCUPATIONS GROUP,30,SPORTS SPECIALIST,0030-SPORTS SPECIALIST
0,MISCELLANEOUS OCCUPATIONS GROUP,0000-MISCELLANEOUS OCCUPATIONS GROUP,50,FUNERAL DIRECTING,0050-FUNERAL DIRECTING
0,MISCELLANEOUS OCCUPATIONS GROUP,0000-MISCELLANEOUS OCCUPATIONS GROUP,60,CHAPLAIN,0060-CHAPLAIN
0,MISCELLANEOUS OCCUPATIONS GROUP,0000-MISCELLANEOUS OCCUPATIONS GROUP,62,CLOTHING DESIGN,0062-CLOTHING DESIGN
0,MISCELLANEOUS OCCUPATIONS GROUP,0000-MISCELLANEOUS OCCUPATIONS GROUP,72,FINGERPRINT IDENTIFICATION,0072-FINGERPRINT IDENTIFICATION
0,MISCELLANEOUS OCCUPATIONS GROUP,0000-MISCELLANEOUS OCCUPATIONS GROUP,80,SECURITY ADMINISTRATION,0080-SECURITY ADMINISTRATION
0,MISCELLANEOUS OCCUPATIONS GROUP,0000-MISCELLANEOUS OCCUPATIONS GROUP,81,FIRE PROTECTION AND PREVENTION,0081-FIRE PROTECTION AND PREVENTION
0,MISCELLANEOUS OCCUPATIONS GROUP,0000-MISCELLANEOUS OCCUPATIONS GROUP,82,UNITED STATES MARSHAL,0082-UNITED STATES MARSHAL
0,MISCELLANEOUS OCCUPATIONS GROUP,0000-MISCELLANEOUS OCCUPATIONS GROUP,83,POLICE,0083-POLICE
0,MISCELLANEOUS OCCUPATIONS GROUP,0000-MISCELLANEOUS OCCUPATIONS GROUP,84,NUCLEAR MATERIALS COURIER,0084-NUCLEAR MATERIALS COURIER
0,MISCELLANEOUS OCCUPATIONS GROUP,0000-MISCELLANEOUS OCCUPATIONS GROUP,85,SECURITY GUARD,0085-SECURITY GUARD
0,MISCELLANEOUS OCCUPATIONS GROUP,0000-MISCELLANEOUS OCCUPATIONS GROUP,86,SECURITY CLERICAL AND ASSISTANCE,0086-SECURITY CLERICAL AND ASSISTANCE
0,MISCELLANEOUS OCCUPATIONS GROUP,0000-MISCELLANEOUS OCCUPATIONS GROUP,89,EMERGENCY MANAGEMENT SPECIALIST,0089-EMERGENCY MANAGEMENT SPECIALIST
0,MISCELLANEOUS OCCUPATIONS GROUP,0000-MISCELLANEOUS OCCUPATIONS GROUP,90,GUIDE,0090-GUIDE
0,MISCELLANEOUS OCCUPATIONS GROUP,0000-MISCELLANEOUS OCCUPATIONS GROUP,95,FOREIGN LAW SPECIALIST SERIES,0095-FOREIGN LAW SPECIALIST SERIES
0,MISCELLANEOUS OCCUPATIONS GROUP,0000-MISCELLANEOUS OCCUPATIONS GROUP,99,GENERAL STUDENT TRAINEE,0099-GENERAL STUDENT TRAINEE
100,"SOCIAL SCIENCE, PSYCHOLOGY, AND WELFARE GROUP","0100-SOCIAL SCIENCE, PSYCHOLOGY, AND WELFARE GROUP",101,SOCIAL SCIENCE,0101-SOCIAL SCIENCE
100,"SOCIAL SCIENCE, PSYCHOLOGY, AND WELFARE GROUP","0100-SOCIAL SCIENCE, PSYCHOLOGY, AND WELFARE GROUP",102,SOCIAL SCIENCE AID AND TECHNICIAN,0102-SOCIAL SCIENCE AID AND TECHNICIAN
100,"SOCIAL SCIENCE, PSYCHOLOGY, AND WELFARE GROUP","0100-SOCIAL SCIENCE, PSYCHOLOGY, AND WELFARE GROUP",105,SOCIAL INSURANCE ADMINISTRATION,0105-SOCIAL INSURANCE ADMINISTRATION
100,"SOCIAL SCIENCE, PSYCHOLOGY, AND WELFARE GROUP","0100-SOCIAL SCIENCE, PSYCHOLOGY, AND WELFARE GROUP",106,UNEMPLOYMENT INSURANCE,0106-UNEMPLOYMENT INSURANCE
100,"SOCIAL SCIENCE, PSYCHOLOGY, AND WELFARE GROUP","0100-SOCIAL SCIENCE, PSYCHOLOGY, AND WELFARE GROUP",107,HEALTH INSURANCE ADMINISTRATION,0107-HEALTH INSURANCE ADMINISTRATION
100,"SOCIAL SCIENCE, PSYCHOLOGY, AND WELFARE GROUP","0100-SOCIAL SCIENCE, PSYCHOLOGY, AND WELFARE GROUP",110,ECONOMIST,0110-ECONOMIST
100,"SOCIAL SCIENCE, PSYCHOLOGY, AND WELFARE GROUP","0100-SOCIAL SCIENCE, PSYCHOLOGY, AND WELFARE GROUP",119,ECONOMICS ASSISTANT,0119-ECONOMICS ASSISTANT
100,"SOCIAL SCIENCE, PSYCHOLOGY, AND WELFARE GROUP","0100-SOCIAL SCIENCE, PSYCHOLOGY, AND WELFARE GROUP",130,FOREIGN AFFAIRS,0130-FOREIGN AFFAIRS
100,"SOCIAL SCIENCE, PSYCHOLOGY, AND WELFARE GROUP","0100-SOCIAL SCIENCE, PSYCHOLOGY, AND WELFARE GROUP",131,INTERNATIONAL RELATIONS,0131-INTERNATIONAL RELATIONS
100,"SOCIAL SCIENCE, PSYCHOLOGY, AND WELFARE GROUP","0100-SOCIAL SCIENCE, PSYCHOLOGY, AND WELFARE GROUP",132,INTELLIGENCE,0132-INTELLIGENCE
100,"SOCIAL SCIENCE, PSYCHOLOGY, AND WELFARE GROUP","0100-SOCIAL SCIENCE, PSYCHOLOGY, AND WELFARE GROUP",134,INTELLIGENCE AID AND CLERK,0134-INTELLIGENCE AID AND CLERK
100,"SOCIAL SCIENCE, PSYCHOLOGY, AND WELFARE GROUP","0100-SOCIAL SCIENCE, PSYCHOLOGY, AND WELFARE GROUP",135,FOREIGN AGRICULTURAL AFFAIRS,0135-FOREIGN AGRICULTURAL AFFAIRS
100,"SOCIAL SCIENCE, PSYCHOLOGY, AND WELFARE GROUP","0100-SOCIAL SCIENCE, PSYCHOLOGY, AND WELFARE GROUP",136,INTERNATIONAL COOPERATION,0136-INTERNATIONAL COOPERATION
100,"SOCIAL SCIENCE, PSYCHOLOGY, AND WELFARE GROUP","0100-SOCIAL SCIENCE, PSYCHOLOGY, AND WELFARE GROUP",140,WORKFORCE RESEARCH AND ANALYSIS SERIES,0140-WORKFORCE RESEARCH AND ANALYSIS SERIES
100,"SOCIAL SCIENCE, PSYCHOLOGY, AND WELFARE GROUP","0100-SOCIAL SCIENCE, PSYCHOLOGY, AND WELFARE GROUP",142,WORKFORCE DEVELOPMENT,0142-WORKFORCE DEVELOPMENT
100,"SOCIAL SCIENCE, PSYCHOLOGY, AND WELFARE GROUP","0100-SOCIAL SCIENCE, PSYCHOLOGY, AND WELFARE GROUP",150,GEOGRAPHY,0150-GEOGRAPHY
100,"SOCIAL SCIENCE, PSYCHOLOGY, AND WELFARE GROUP","0100-SOCIAL SCIENCE, PSYCHOLOGY, AND WELFARE GROUP",160,CIVIL RIGHTS ANALYSIS,0160-CIVIL RIGHTS ANALYSIS
100,"SOCIAL SCIENCE, PSYCHOLOGY, AND WELFARE GROUP","0100-SOCIAL SCIENCE, PSYCHOLOGY, AND WELFARE GROUP",170,HISTORY,0170-HISTORY
100,"SOCIAL SCIENCE, PSYCHOLOGY, AND WELFARE GROUP","0100-SOCIAL SCIENCE, PSYCHOLOGY, AND WELFARE GROUP",180,PSYCHOLOGY,0180-PSYCHOLOGY
100,"SOCIAL SCIENCE, PSYCHOLOGY, AND WELFARE GROUP","0100-SOCIAL SCIENCE, PSYCHOLOGY, AND WELFARE GROUP",181,PSYCHOLOGY AID AND TECHNICIAN,0181-PSYCHOLOGY AID AND TECHNICIAN
100,"SOCIAL SCIENCE, PSYCHOLOGY, AND WELFARE GROUP","0100-SOCIAL SCIENCE, PSYCHOLOGY, AND WELFARE GROUP",184,SOCIOLOGY,0184-SOCIOLOGY
100,"SOCIAL SCIENCE, PSYCHOLOGY, AND WELFARE GROUP","0100-SOCIAL SCIENCE, PSYCHOLOGY, AND WELFARE GROUP",185,SOCIAL WORK,0185-SOCIAL WORK
100,"SOCIAL SCIENCE, PSYCHOLOGY, AND WELFARE GROUP","0100-SOCIAL SCIENCE, PSYCHOLOGY, AND WELFARE GROUP",186,SOCIAL SERVICES AID AND ASSISTANT,0186-SOCIAL SERVICES AID AND ASSISTANT
100,"SOCIAL SCIENCE, PSYCHOLOGY, AND WELFARE GROUP","0100-SOCIAL SCIENCE, PSYCHOLOGY, AND WELFARE GROUP",187,SOCIAL SERVICES,0187-SOCIAL SERVICES
100,"SOCIAL SCIENCE, PSYCHOLOGY, AND WELFARE GROUP","0100-SOCIAL SCIENCE, PSYCHOLOGY, AND WELFARE GROUP",188,RECREATION SPECIALIST,0188-RECREATION SPECIALIST
100,"SOCIAL SCIENCE, PSYCHOLOGY, AND WELFARE GROUP","0100-SOCIAL SCIENCE, PSYCHOLOGY, AND WELFARE GROUP",189,RECREATION AID AND ASSISTANT,0189-RECREATION AID AND ASSISTANT
100,"SOCIAL SCIENCE, PSYCHOLOGY, AND WELFARE GROUP","0100-SOCIAL SCIENCE, PSYCHOLOGY, AND WELFARE GROUP",190,GENERAL ANTHROPOLOGY,0190-GENERAL ANTHROPOLOGY
100,"SOCIAL SCIENCE, PSYCHOLOGY, AND WELFARE GROUP","0100-SOCIAL SCIENCE, PSYCHOLOGY, AND WELFARE GROUP",193,ARCHEOLOGY,0193-ARCHEOLOGY
100,"SOCIAL SCIENCE, PSYCHOLOGY, AND WELFARE GROUP","0100-SOCIAL SCIENCE, PSYCHOLOGY, AND WELFARE GROUP",199,SOCIAL SCIENCE STUDENT TRAINEE,0199-SOCIAL SCIENCE STUDENT TRAINEE
200,HUMAN RESOURCES MANAGEMENT GROUP,0200-HUMAN RESOURCES MANAGEMENT GROUP,201,HUMAN RESOURCES MANAGEMENT,0201-HUMAN RESOURCES MANAGEMENT
200,HUMAN RESOURCES MANAGEMENT GROUP,0200-HUMAN RESOURCES MANAGEMENT GROUP,203,HUMAN RESOURCES ASSISTANCE,0203-HUMAN RESOURCES ASSISTANCE
200,HUMAN RESOURCES MANAGEMENT GROUP,0200-HUMAN RESOURCES MANAGEMENT GROUP,241,MEDIATION,0241-MEDIATION
200,HUMAN RESOURCES MANAGEMENT GROUP,0200-HUMAN RESOURCES MANAGEMENT GROUP,243,APPRENTICESHIP AND TRAINING,0243-APPRENTICESHIP AND TRAINING
200,HUMAN RESOURCES MANAGEMENT GROUP,0200-HUMAN RESOURCES MANAGEMENT GROUP,244,LABOR,0244-LABOR-MANAGEMENT RELATIONS EXAMINING
200,HUMAN RESOURCES MANAGEMENT GROUP,0200-HUMAN RESOURCES MANAGEMENT GROUP,260,EQUAL EMPLOYMENT OPPORTUNITY,0260-EQUAL EMPLOYMENT OPPORTUNITY
200,HUMAN RESOURCES MANAGEMENT GROUP,0200-HUMAN RESOURCES MANAGEMENT GROUP,299,HUMAN RESOURCES MANAGEMENT STUDENT TRAINEE,0299-HUMAN RESOURCES MANAGEMENT STUDENT TRAINEE
300,"GENERAL ADMINISTRATIVE, CLERICAL, AND OFFICE SERVICES GROUP","0300-GENERAL ADMINISTRATIVE, CLERICAL, AND OFFICE SERVICES GROUP",301,MISCELLANEOUS ADMINISTRATION AND PROGRAM,0301-MISCELLANEOUS ADMINISTRATION AND PROGRAM
300,"GENERAL ADMINISTRATIVE, CLERICAL, AND OFFICE SERVICES GROUP","0300-GENERAL ADMINISTRATIVE, CLERICAL, AND OFFICE SERVICES GROUP",302,MESSENGER,0302-MESSENGER
300,"GENERAL ADMINISTRATIVE, CLERICAL, AND OFFICE SERVICES GROUP","0300-GENERAL ADMINISTRATIVE, CLERICAL, AND OFFICE SERVICES GROUP",303,MISCELLANEOUS CLERK AND ASSISTANT,0303-MISCELLANEOUS CLERK AND ASSISTANT
300,"GENERAL ADMINISTRATIVE, CLERICAL, AND OFFICE SERVICES GROUP","0300-GENERAL ADMINISTRATIVE, CLERICAL, AND OFFICE SERVICES GROUP",304,INFORMATION RECEPTIONIST,0304-INFORMATION RECEPTIONIST
300,"GENERAL ADMINISTRATIVE, CLERICAL, AND OFFICE SERVICES GROUP","0300-GENERAL ADMINISTRATIVE, CLERICAL, AND OFFICE SERVICES GROUP",305,MAIL AND FILE,0305-MAIL AND FILE
300,"GENERAL ADMINISTRATIVE, CLERICAL, AND OFFICE SERVICES GROUP","0300-GENERAL ADMINISTRATIVE, CLERICAL, AND OFFICE SERVICES GROUP",306,GOVERNMENT INFORMATION SPECIALIST,0306-GOVERNMENT INFORMATION SPECIALIST
300,"GENERAL ADMINISTRATIVE, CLERICAL, AND OFFICE SERVICES GROUP","0300-GENERAL ADMINISTRATIVE, CLERICAL, AND OFFICE SERVICES GROUP",309,CORRESPONDENCE CLERK,0309-CORRESPONDENCE CLERK
300,"GENERAL ADMINISTRATIVE, CLERICAL, AND OFFICE SERVICES GROUP","0300-GENERAL ADMINISTRATIVE, CLERICAL, AND OFFICE SERVICES GROUP",313,WORK UNIT SUPERVISING,0313-WORK UNIT SUPERVISING
300,"GENERAL ADMINISTRATIVE, CLERICAL, AND OFFICE SERVICES GROUP","0300-GENERAL ADMINISTRATIVE, CLERICAL, AND OFFICE SERVICES GROUP",318,SECRETARY,0318-SECRETARY
300,"GENERAL ADMINISTRATIVE, CLERICAL, AND OFFICE SERVICES GROUP","0300-GENERAL ADMINISTRATIVE, CLERICAL, AND OFFICE SERVICES GROUP",319,CLOSED MICROPHONE REPORTER,0319-CLOSED MICROPHONE REPORTER
300,"GENERAL ADMINISTRATIVE, CLERICAL, AND OFFICE SERVICES GROUP","0300-GENERAL ADMINISTRATIVE, CLERICAL, AND OFFICE SERVICES GROUP",322,CLERK,0322-CLERK-TYPIST
300,"GENERAL ADMINISTRATIVE, CLERICAL, AND OFFICE SERVICES GROUP","0300-GENERAL ADMINISTRATIVE, CLERICAL, AND OFFICE SERVICES GROUP",326,OFFICE AUTOMATION CLERICAL AND ASSISTANCE,0326-OFFICE AUTOMATION CLERICAL AND ASSISTANCE
300,"GENERAL ADMINISTRATIVE, CLERICAL, AND OFFICE SERVICES GROUP","0300-GENERAL ADMINISTRATIVE, CLERICAL, AND OFFICE SERVICES GROUP",332,COMPUTER OPERATION,0332-COMPUTER OPERATION
300,"GENERAL ADMINISTRATIVE, CLERICAL, AND OFFICE SERVICES GROUP","0300-GENERAL ADMINISTRATIVE, CLERICAL, AND OFFICE SERVICES GROUP",335,COMPUTER CLERK AND ASSISTANT,0335-COMPUTER CLERK AND ASSISTANT
300,"GENERAL ADMINISTRATIVE, CLERICAL, AND OFFICE SERVICES GROUP","0300-GENERAL ADMINISTRATIVE, CLERICAL, AND OFFICE SERVICES GROUP",340,PROGRAM MANAGEMENT,0340-PROGRAM MANAGEMENT
300,"GENERAL ADMINISTRATIVE, CLERICAL, AND OFFICE SERVICES GROUP","0300-GENERAL ADMINISTRATIVE, CLERICAL, AND OFFICE SERVICES GROUP",341,ADMINISTRATIVE OFFICER,0341-ADMINISTRATIVE OFFICER
300,"GENERAL ADMINISTRATIVE, CLERICAL, AND OFFICE SERVICES GROUP","0300-GENERAL ADMINISTRATIVE, CLERICAL, AND OFFICE SERVICES GROUP",342,SUPPORT SERVICES ADMINISTRATION,0342-SUPPORT SERVICES ADMINISTRATION
300,"GENERAL ADMINISTRATIVE, CLERICAL, AND OFFICE SERVICES GROUP","0300-GENERAL ADMINISTRATIVE, CLERICAL, AND OFFICE SERVICES GROUP",343,MANAGEMENT AND PROGRAM ANALYSIS,0343-MANAGEMENT AND PROGRAM ANALYSIS
300,"GENERAL ADMINISTRATIVE, CLERICAL, AND OFFICE SERVICES GROUP","0300-GENERAL ADMINISTRATIVE, CLERICAL, AND OFFICE SERVICES GROUP",344,MANAGEMENT AND PROGRAM CLERICAL AND ASSISTANCE,0344-MANAGEMENT AND PROGRAM CLERICAL AND ASSISTANCE
300,"GENERAL ADMINISTRATIVE, CLERICAL, AND OFFICE SERVICES GROUP","0300-GENERAL ADMINISTRATIVE, CLERICAL, AND OFFICE SERVICES GROUP",346,LOGISTICS MANAGEMENT,0346-LOGISTICS MANAGEMENT
300,"GENERAL ADMINISTRATIVE, CLERICAL, AND OFFICE SERVICES GROUP","0300-GENERAL ADMINISTRATIVE, CLERICAL, AND OFFICE SERVICES GROUP",347,GAO EVALUATOR,0347-GAO EVALUATOR
300,"GENERAL ADMINISTRATIVE, CLERICAL, AND OFFICE SERVICES GROUP","0300-GENERAL ADMINISTRATIVE, CLERICAL, AND OFFICE SERVICES GROUP",350,EQUIPMENT OPERATOR,0350-EQUIPMENT OPERATOR
300,"GENERAL ADMINISTRATIVE, CLERICAL, AND OFFICE SERVICES GROUP","0300-GENERAL ADMINISTRATIVE, CLERICAL, AND OFFICE SERVICES GROUP",356,DATA TRANSCRIBER,0356-DATA TRANSCRIBER
300,"GENERAL ADMINISTRATIVE, CLERICAL, AND OFFICE SERVICES GROUP","0300-GENERAL ADMINISTRATIVE, CLERICAL, AND OFFICE SERVICES GROUP",357,CODING,0357-CODING
300,"GENERAL ADMINISTRATIVE, CLERICAL, AND OFFICE SERVICES GROUP","0300-GENERAL ADMINISTRATIVE, CLERICAL, AND OFFICE SERVICES GROUP",360,EQUAL OPPORTUNITY COMPLIANCE,0360-EQUAL OPPORTUNITY COMPLIANCE
300,"GENERAL ADMINISTRATIVE, CLERICAL, AND OFFICE SERVICES GROUP","0300-GENERAL ADMINISTRATIVE, CLERICAL, AND OFFICE SERVICES GROUP",361,EQUAL OPPORTUNITY ASSISTANCE,0361-EQUAL OPPORTUNITY ASSISTANCE
300,"GENERAL ADMINISTRATIVE, CLERICAL, AND OFFICE SERVICES GROUP","0300-GENERAL ADMINISTRATIVE, CLERICAL, AND OFFICE SERVICES GROUP",382,TELEPHONE OPERATING,0382-TELEPHONE OPERATING
300,"GENERAL ADMINISTRATIVE, CLERICAL, AND OFFICE SERVICES GROUP","0300-GENERAL ADMINISTRATIVE, CLERICAL, AND OFFICE SERVICES GROUP",390,TELECOMMUNICATIONS PROCESSING,0390-TELECOMMUNICATIONS PROCESSING
300,"GENERAL ADMINISTRATIVE, CLERICAL, AND OFFICE SERVICES GROUP","0300-GENERAL ADMINISTRATIVE, CLERICAL, AND OFFICE SERVICES GROUP",391,TELECOMMUNICATIONS,0391-TELECOMMUNICATIONS
300,"GENERAL ADMINISTRATIVE, CLERICAL, AND OFFICE SERVICES GROUP","0300-GENERAL ADMINISTRATIVE, CLERICAL, AND OFFICE SERVICES GROUP",392,GENERAL TELECOMMUNICATIONS,0392-GENERAL TELECOMMUNICATIONS
300,"GENERAL ADMINISTRATIVE, CLERICAL, AND OFFICE SERVICES GROUP","0300-GENERAL ADMINISTRATIVE, CLERICAL, AND OFFICE SERVICES GROUP",394,COMMUNICATIONS CLERICAL,0394-COMMUNICATIONS CLERICAL
300,"GENERAL ADMINISTRATIVE, CLERICAL, AND OFFICE SERVICES GROUP","0300-GENERAL ADMINISTRATIVE, CLERICAL, AND OFFICE SERVICES GROUP",399,ADMINISTRATION AND OFFICE SUPPORT STUDENT TRAINEE,0399-ADMINISTRATION AND OFFICE SUPPORT STUDENT TRAINEE
400,NATURAL RESOURCES MANAGEMENT AND BIOLOGICAL SCIENCES GROUP,0400-NATURAL RESOURCES MANAGEMENT AND BIOLOGICAL SCIENCES GROUP,401,GENERAL NATURAL RESOURCES MANAGEMENT AND BIOLOGICAL SCIENCES,0401-GENERAL NATURAL RESOURCES MANAGEMENT AND BIOLOGICAL SCIENCES
400,NATURAL RESOURCES MANAGEMENT AND BIOLOGICAL SCIENCES GROUP,0400-NATURAL RESOURCES MANAGEMENT AND BIOLOGICAL SCIENCES GROUP,403,MICROBIOLOGY,0403-MICROBIOLOGY
400,NATURAL RESOURCES MANAGEMENT AND BIOLOGICAL SCIENCES GROUP,0400-NATURAL RESOURCES MANAGEMENT AND BIOLOGICAL SCIENCES GROUP,404,BIOLOGICAL SCIENCE TECHNICIAN,0404-BIOLOGICAL SCIENCE TECHNICIAN
400,NATURAL RESOURCES MANAGEMENT AND BIOLOGICAL SCIENCES GROUP,0400-NATURAL RESOURCES MANAGEMENT AND BIOLOGICAL SCIENCES GROUP,405,PHARMACOLOGY SERIES,0405-PHARMACOLOGY SERIES
400,NATURAL RESOURCES MANAGEMENT AND BIOLOGICAL SCIENCES GROUP,0400-NATURAL RESOURCES MANAGEMENT AND BIOLOGICAL SCIENCES GROUP,408,ECOLOGY,0408-ECOLOGY
400,NATURAL RESOURCES MANAGEMENT AND BIOLOGICAL SCIENCES GROUP,0400-NATURAL RESOURCES MANAGEMENT AND BIOLOGICAL SCIENCES GROUP,410,ZOOLOGY,0410-ZOOLOGY
400,NATURAL RESOURCES MANAGEMENT AND BIOLOGICAL SCIENCES GROUP,0400-NATURAL RESOURCES MANAGEMENT AND BIOLOGICAL SCIENCES GROUP,413,PHYSIOLOGY,0413-PHYSIOLOGY
400,NATURAL RESOURCES MANAGEMENT AND BIOLOGICAL SCIENCES GROUP,0400-NATURAL RESOURCES MANAGEMENT AND BIOLOGICAL SCIENCES GROUP,414,ENTOMOLOGY,0414-ENTOMOLOGY
400,NATURAL RESOURCES MANAGEMENT AND BIOLOGICAL SCIENCES GROUP,0400-NATURAL RESOURCES MANAGEMENT AND BIOLOGICAL SCIENCES GROUP,415,TOXICOLOGY,0415-TOXICOLOGY
400,NATURAL RESOURCES MANAGEMENT AND BIOLOGICAL SCIENCES GROUP,0400-NATURAL RESOURCES MANAGEMENT AND BIOLOGICAL SCIENCES GROUP,421,PLANT PROTECTION TECHNICIAN,0421-PLANT PROTECTION TECHNICIAN
400,NATURAL RESOURCES MANAGEMENT AND BIOLOGICAL SCIENCES GROUP,0400-NATURAL RESOURCES MANAGEMENT AND BIOLOGICAL SCIENCES GROUP,430,BOTANY,0430-BOTANY
400,NATURAL RESOURCES MANAGEMENT AND BIOLOGICAL SCIENCES GROUP,0400-NATURAL RESOURCES MANAGEMENT AND BIOLOGICAL SCIENCES GROUP,434,PLANT PATHOLOGY,0434-PLANT PATHOLOGY
400,NATURAL RESOURCES MANAGEMENT AND BIOLOGICAL SCIENCES GROUP,0400-NATURAL RESOURCES MANAGEMENT AND BIOLOGICAL SCIENCES GROUP,435,PLANT PHYSIOLOGY,0435-PLANT PHYSIOLOGY
400,NATURAL RESOURCES MANAGEMENT AND BIOLOGICAL SCIENCES GROUP,0400-NATURAL RESOURCES MANAGEMENT AND BIOLOGICAL SCIENCES GROUP,437,HORTICULTURE,0437-HORTICULTURE
400,NATURAL RESOURCES MANAGEMENT AND BIOLOGICAL SCIENCES GROUP,0400-NATURAL RESOURCES MANAGEMENT AND BIOLOGICAL SCIENCES GROUP,440,GENETICS,0440-GENETICS
400,NATURAL RESOURCES MANAGEMENT AND BIOLOGICAL SCIENCES GROUP,0400-NATURAL RESOURCES MANAGEMENT AND BIOLOGICAL SCIENCES GROUP,454,RANGELAND MANAGEMENT,0454-RANGELAND MANAGEMENT
400,NATURAL RESOURCES MANAGEMENT AND BIOLOGICAL SCIENCES GROUP,0400-NATURAL RESOURCES MANAGEMENT AND BIOLOGICAL SCIENCES GROUP,455,RANGE TECHNICIAN,0455-RANGE TECHNICIAN
400,NATURAL RESOURCES MANAGEMENT AND BIOLOGICAL SCIENCES GROUP,0400-NATURAL RESOURCES MANAGEMENT AND BIOLOGICAL SCIENCES GROUP,457,SOIL CONSERVATION,0457-SOIL CONSERVATION
400,NATURAL RESOURCES MANAGEMENT AND BIOLOGICAL SCIENCES GROUP,0400-NATURAL RESOURCES MANAGEMENT AND BIOLOGICAL SCIENCES GROUP,458,SOIL CONSERVATION TECHNICIAN,0458-SOIL CONSERVATION TECHNICIAN
400,NATURAL RESOURCES MANAGEMENT AND BIOLOGICAL SCIENCES GROUP,0400-NATURAL RESOURCES MANAGEMENT AND BIOLOGICAL SCIENCES GROUP,459,IRRIGATION SYSTEM OPERATION,0459-IRRIGATION SYSTEM OPERATION
400,NATURAL RESOURCES MANAGEMENT AND BIOLOGICAL SCIENCES GROUP,0400-NATURAL RESOURCES MANAGEMENT AND BIOLOGICAL SCIENCES GROUP,460,FORESTRY,0460-FORESTRY
400,NATURAL RESOURCES MANAGEMENT AND BIOLOGICAL SCIENCES GROUP,0400-NATURAL RESOURCES MANAGEMENT AND BIOLOGICAL SCIENCES GROUP,462,FORESTRY TECHNICIAN,0462-FORESTRY TECHNICIAN
400,NATURAL RESOURCES MANAGEMENT AND BIOLOGICAL SCIENCES GROUP,0400-NATURAL RESOURCES MANAGEMENT AND BIOLOGICAL SCIENCES GROUP,470,SOIL SCIENCE,0470-SOIL SCIENCE
400,NATURAL RESOURCES MANAGEMENT AND BIOLOGICAL SCIENCES GROUP,0400-NATURAL RESOURCES MANAGEMENT AND BIOLOGICAL SCIENCES GROUP,471,AGRONOMY,0471-AGRONOMY
400,NATURAL RESOURCES MANAGEMENT AND BIOLOGICAL SCIENCES GROUP,0400-NATURAL RESOURCES MANAGEMENT AND BIOLOGICAL SCIENCES GROUP,480,FISH AND WILDLIFE ADMINISTRATION,0480-FISH AND WILDLIFE ADMINISTRATION
400,NATURAL RESOURCES MANAGEMENT AND BIOLOGICAL SCIENCES GROUP,0400-NATURAL RESOURCES MANAGEMENT AND BIOLOGICAL SCIENCES GROUP,482,FISH BIOLOGY,0482-FISH BIOLOGY
400,NATURAL RESOURCES MANAGEMENT AND BIOLOGICAL SCIENCES GROUP,0400-NATURAL RESOURCES MANAGEMENT AND BIOLOGICAL SCIENCES GROUP,485,WILDLIFE REFUGE MANAGEMENT,0485-WILDLIFE REFUGE MANAGEMENT
400,NATURAL RESOURCES MANAGEMENT AND BIOLOGICAL SCIENCES GROUP,0400-NATURAL RESOURCES MANAGEMENT AND BIOLOGICAL SCIENCES GROUP,486,WILDLIFE BIOLOGY,0486-WILDLIFE BIOLOGY
400,NATURAL RESOURCES MANAGEMENT AND BIOLOGICAL SCIENCES GROUP,0400-NATURAL RESOURCES MANAGEMENT AND BIOLOGICAL SCIENCES GROUP,487,ANIMAL SCIENCE,0487-ANIMAL SCIENCE
400,NATURAL RESOURCES MANAGEMENT AND BIOLOGICAL SCIENCES GROUP,0400-NATURAL RESOURCES MANAGEMENT AND BIOLOGICAL SCIENCES GROUP,499,BIOLOGICAL SCIENCE STUDENT TRAINEE,0499-BIOLOGICAL SCIENCE STUDENT TRAINEE
500,ACCOUNTING AND BUDGET GROUP,0500-ACCOUNTING AND BUDGET GROUP,501,FINANCIAL ADMINISTRATION AND PROGRAM,0501-FINANCIAL ADMINISTRATION AND PROGRAM
500,ACCOUNTING AND BUDGET GROUP,0500-ACCOUNTING AND BUDGET GROUP,503,FINANCIAL CLERICAL AND ASSISTANCE,0503-FINANCIAL CLERICAL AND ASSISTANCE
500,ACCOUNTING AND BUDGET GROUP,0500-ACCOUNTING AND BUDGET GROUP,505,FINANCIAL MANAGEMENT,0505-FINANCIAL MANAGEMENT
500,ACCOUNTING AND BUDGET GROUP,0500-ACCOUNTING AND BUDGET GROUP,510,ACCOUNTING,0510-ACCOUNTING
500,ACCOUNTING AND BUDGET GROUP,0500-ACCOUNTING AND BUDGET GROUP,511,AUDITING,0511-AUDITING
500,ACCOUNTING AND BUDGET GROUP,0500-ACCOUNTING AND BUDGET GROUP,512,INTERNAL REVENUE AGENT,0512-INTERNAL REVENUE AGENT
500,ACCOUNTING AND BUDGET GROUP,0500-ACCOUNTING AND BUDGET GROUP,525,ACCOUNTING TECHNICIAN,0525-ACCOUNTING TECHNICIAN
500,ACCOUNTING AND BUDGET GROUP,0500-ACCOUNTING AND BUDGET GROUP,526,TAX SPECIALIST,0526-TAX SPECIALIST
500,ACCOUNTING AND BUDGET GROUP,0500-ACCOUNTING AND BUDGET GROUP,530,CASH PROCESSING,0530-CASH PROCESSING
500,ACCOUNTING AND BUDGET GROUP,0500-ACCOUNTING AND BUDGET GROUP,540,VOUCHER EXAMINING,0540-VOUCHER EXAMINING
500,ACCOUNTING AND BUDGET GROUP,0500-ACCOUNTING AND BUDGET GROUP,544,CIVILIAN PAY,0544-CIVILIAN PAY
500,ACCOUNTING AND BUDGET GROUP,0500-ACCOUNTING AND BUDGET GROUP,545,MILITARY PAY,0545-MILITARY PAY
500,ACCOUNTING AND BUDGET GROUP,0500-ACCOUNTING AND BUDGET GROUP,560,BUDGET ANALYSIS,0560-BUDGET ANALYSIS
500,ACCOUNTING AND BUDGET GROUP,0500-ACCOUNTING AND BUDGET GROUP,561,BUDGET CLERICAL AND ASSISTANCE,0561-BUDGET CLERICAL AND ASSISTANCE
500,ACCOUNTING AND BUDGET GROUP,0500-ACCOUNTING AND BUDGET GROUP,570,FINANCIAL INSTITUTION EXAMINING,0570-FINANCIAL INSTITUTION EXAMINING
500,ACCOUNTING AND BUDGET GROUP,0500-ACCOUNTING AND BUDGET GROUP,580,CREDIT UNION EXAMINER,0580-CREDIT UNION EXAMINER
500,ACCOUNTING AND BUDGET GROUP,0500-ACCOUNTING AND BUDGET GROUP,592,TAX EXAMINING,0592-TAX EXAMINING
500,ACCOUNTING AND BUDGET GROUP,0500-ACCOUNTING AND BUDGET GROUP,593,INSURANCE ACCOUNTS,0593-INSURANCE ACCOUNTS
500,ACCOUNTING AND BUDGET GROUP,0500-ACCOUNTING AND BUDGET GROUP,599,FINANCIAL MANAGEMENT STUDENT TRAINEE,0599-FINANCIAL MANAGEMENT STUDENT TRAINEE
600,"MEDICAL, HOSPITAL, DENTAL, AND PUBLIC HEALTH GROUP","0600-MEDICAL, HOSPITAL, DENTAL, AND PUBLIC HEALTH GROUP",601,GENERAL HEALTH SCIENCE SERIES,0601-GENERAL HEALTH SCIENCE SERIES
600,"MEDICAL, HOSPITAL, DENTAL, AND PUBLIC HEALTH GROUP","0600-MEDICAL, HOSPITAL, DENTAL, AND PUBLIC HEALTH GROUP",602,MEDICAL OFFICER,0602-MEDICAL OFFICER
600,"MEDICAL, HOSPITAL, DENTAL, AND PUBLIC HEALTH GROUP","0600-MEDICAL, HOSPITAL, DENTAL, AND PUBLIC HEALTH GROUP",603,PHYSICIAN ASSISTANT SERIES,0603-PHYSICIAN ASSISTANT SERIES
600,"MEDICAL, HOSPITAL, DENTAL, AND PUBLIC HEALTH GROUP","0600-MEDICAL, HOSPITAL, DENTAL, AND PUBLIC HEALTH GROUP",610,NURSE,0610-NURSE
600,"MEDICAL, HOSPITAL, DENTAL, AND PUBLIC HEALTH GROUP","0600-MEDICAL, HOSPITAL, DENTAL, AND PUBLIC HEALTH GROUP",620,PRACTICAL NURSE,0620-PRACTICAL NURSE
600,"MEDICAL, HOSPITAL, DENTAL, AND PUBLIC HEALTH GROUP","0600-MEDICAL, HOSPITAL, DENTAL, AND PUBLIC HEALTH GROUP",621,NURSING ASSISTANT,0621-NURSING ASSISTANT
600,"MEDICAL, HOSPITAL, DENTAL, AND PUBLIC HEALTH GROUP","0600-MEDICAL, HOSPITAL, DENTAL, AND PUBLIC HEALTH GROUP",622,MEDICAL SUPPLY AIDE AND TECHNICIAN,0622-MEDICAL SUPPLY AIDE AND TECHNICIAN
600,"MEDICAL, HOSPITAL, DENTAL, AND PUBLIC HEALTH GROUP","0600-MEDICAL, HOSPITAL, DENTAL, AND PUBLIC HEALTH GROUP",625,AUTOPSY ASSISTANT,0625-AUTOPSY ASSISTANT
600,"MEDICAL, HOSPITAL, DENTAL, AND PUBLIC HEALTH GROUP","0600-MEDICAL, HOSPITAL, DENTAL, AND PUBLIC HEALTH GROUP",630,DIETITIAN AND NUTRITIONIST,0630-DIETITIAN AND NUTRITIONIST
600,"MEDICAL, HOSPITAL, DENTAL, AND PUBLIC HEALTH GROUP","0600-MEDICAL, HOSPITAL, DENTAL, AND PUBLIC HEALTH GROUP",631,OCCUPATIONAL THERAPIST,0631-OCCUPATIONAL THERAPIST
600,"MEDICAL, HOSPITAL, DENTAL, AND PUBLIC HEALTH GROUP","0600-MEDICAL, HOSPITAL, DENTAL, AND PUBLIC HEALTH GROUP",633,PHYSICAL THERAPIST,0633-PHYSICAL THERAPIST
600,"MEDICAL, HOSPITAL, DENTAL, AND PUBLIC HEALTH GROUP","0600-MEDICAL, HOSPITAL, DENTAL, AND PUBLIC HEALTH GROUP",635,KINESIOTHERAPY,0635-KINESIOTHERAPY
600,"MEDICAL, HOSPITAL, DENTAL, AND PUBLIC HEALTH GROUP","0600-MEDICAL, HOSPITAL, DENTAL, AND PUBLIC HEALTH GROUP",636,REHABILITATION THERAPY ASSISTANT,0636-REHABILITATION THERAPY ASSISTANT
600,"MEDICAL, HOSPITAL, DENTAL, AND PUBLIC HEALTH GROUP","0600-MEDICAL, HOSPITAL, DENTAL, AND PUBLIC HEALTH GROUP",637,MANUAL ARTS THERAPIST,0637-MANUAL ARTS THERAPIST
600,"MEDICAL, HOSPITAL, DENTAL, AND PUBLIC HEALTH GROUP","0600-MEDICAL, HOSPITAL, DENTAL, AND PUBLIC HEALTH GROUP",638,RECREATION/CREATIVE ARTS THERAPIST,0638-RECREATION/CREATIVE ARTS THERAPIST
600,"MEDICAL, HOSPITAL, DENTAL, AND PUBLIC HEALTH GROUP","0600-MEDICAL, HOSPITAL, DENTAL, AND PUBLIC HEALTH GROUP",639,EDUCATIONAL THERAPIST,0639-EDUCATIONAL THERAPIST
600,"MEDICAL, HOSPITAL, DENTAL, AND PUBLIC HEALTH GROUP","0600-MEDICAL, HOSPITAL, DENTAL, AND PUBLIC HEALTH GROUP",640,HEALTH AID AND TECHNICIAN,0640-HEALTH AID AND TECHNICIAN
600,"MEDICAL, HOSPITAL, DENTAL, AND PUBLIC HEALTH GROUP","0600-MEDICAL, HOSPITAL, DENTAL, AND PUBLIC HEALTH GROUP",642,NUCLEAR MEDICINE TECHNICIAN,0642-NUCLEAR MEDICINE TECHNICIAN
600,"MEDICAL, HOSPITAL, DENTAL, AND PUBLIC HEALTH GROUP","0600-MEDICAL, HOSPITAL, DENTAL, AND PUBLIC HEALTH GROUP",644,MEDICAL TECHNOLOGIST,0644-MEDICAL TECHNOLOGIST
600,"MEDICAL, HOSPITAL, DENTAL, AND PUBLIC HEALTH GROUP","0600-MEDICAL, HOSPITAL, DENTAL, AND PUBLIC HEALTH GROUP",645,MEDICAL TECHNICIAN,0645-MEDICAL TECHNICIAN
600,"MEDICAL, HOSPITAL, DENTAL, AND PUBLIC HEALTH GROUP","0600-MEDICAL, HOSPITAL, DENTAL, AND PUBLIC HEALTH GROUP",646,PATHOLOGY TECHNICIAN,0646-PATHOLOGY TECHNICIAN
600,"MEDICAL, HOSPITAL, DENTAL, AND PUBLIC HEALTH GROUP","0600-MEDICAL, HOSPITAL, DENTAL, AND PUBLIC HEALTH GROUP",647,DIAGNOSTIC RADIOLOGIC TECHNOLOGIST,0647-DIAGNOSTIC RADIOLOGIC TECHNOLOGIST
600,"MEDICAL, HOSPITAL, DENTAL, AND PUBLIC HEALTH GROUP","0600-MEDICAL, HOSPITAL, DENTAL, AND PUBLIC HEALTH GROUP",648,THERAPEUTIC RADIOLOGIC TECHNOLOGIST,0648-THERAPEUTIC RADIOLOGIC TECHNOLOGIST
600,"MEDICAL, HOSPITAL, DENTAL, AND PUBLIC HEALTH GROUP","0600-MEDICAL, HOSPITAL, DENTAL, AND PUBLIC HEALTH GROUP",649,MEDICAL INSTRUMENT TECHNICIAN,0649-MEDICAL INSTRUMENT TECHNICIAN
600,"MEDICAL, HOSPITAL, DENTAL, AND PUBLIC HEALTH GROUP","0600-MEDICAL, HOSPITAL, DENTAL, AND PUBLIC HEALTH GROUP",650,MEDICAL TECHNICAL ASSISTANT SERIES,0650-MEDICAL TECHNICAL ASSISTANT SERIES
600,"MEDICAL, HOSPITAL, DENTAL, AND PUBLIC HEALTH GROUP","0600-MEDICAL, HOSPITAL, DENTAL, AND PUBLIC HEALTH GROUP",651,RESPIRATORY THERAPIST,0651-RESPIRATORY THERAPIST
600,"MEDICAL, HOSPITAL, DENTAL, AND PUBLIC HEALTH GROUP","0600-MEDICAL, HOSPITAL, DENTAL, AND PUBLIC HEALTH GROUP",660,PHARMACIST,0660-PHARMACIST
600,"MEDICAL, HOSPITAL, DENTAL, AND PUBLIC HEALTH GROUP","0600-MEDICAL, HOSPITAL, DENTAL, AND PUBLIC HEALTH GROUP",661,PHARMACY TECHNICIAN,0661-PHARMACY TECHNICIAN
600,"MEDICAL, HOSPITAL, DENTAL, AND PUBLIC HEALTH GROUP","0600-MEDICAL, HOSPITAL, DENTAL, AND PUBLIC HEALTH GROUP",662,OPTOMETRIST,0662-OPTOMETRIST
600,"MEDICAL, HOSPITAL, DENTAL, AND PUBLIC HEALTH GROUP","0600-MEDICAL, HOSPITAL, DENTAL, AND PUBLIC HEALTH GROUP",665,SPEECH PATHOLOGY AND AUDIOLOGY,0665-SPEECH PATHOLOGY AND AUDIOLOGY
600,"MEDICAL, HOSPITAL, DENTAL, AND PUBLIC HEALTH GROUP","0600-MEDICAL, HOSPITAL, DENTAL, AND PUBLIC HEALTH GROUP",667,ORTHOTIST AND PROSTHETIST,0667-ORTHOTIST AND PROSTHETIST
600,"MEDICAL, HOSPITAL, DENTAL, AND PUBLIC HEALTH GROUP","0600-MEDICAL, HOSPITAL, DENTAL, AND PUBLIC HEALTH GROUP",668,PODIATRIST SERIES,0668-PODIATRIST SERIES
600,"MEDICAL, HOSPITAL, DENTAL, AND PUBLIC HEALTH GROUP","0600-MEDICAL, HOSPITAL, DENTAL, AND PUBLIC HEALTH GROUP",669,MEDICAL RECORDS ADMINISTRATION,0669-MEDICAL RECORDS ADMINISTRATION
600,"MEDICAL, HOSPITAL, DENTAL, AND PUBLIC HEALTH GROUP","0600-MEDICAL, HOSPITAL, DENTAL, AND PUBLIC HEALTH GROUP",670,HEALTH SYSTEM ADMINISTRATION,0670-HEALTH SYSTEM ADMINISTRATION
600,"MEDICAL, HOSPITAL, DENTAL, AND PUBLIC HEALTH GROUP","0600-MEDICAL, HOSPITAL, DENTAL, AND PUBLIC HEALTH GROUP",671,HEALTH SYSTEM SPECIALIST,0671-HEALTH SYSTEM SPECIALIST
600,"MEDICAL, HOSPITAL, DENTAL, AND PUBLIC HEALTH GROUP","0600-MEDICAL, HOSPITAL, DENTAL, AND PUBLIC HEALTH GROUP",672,PROSTHETIC REPRESENTATIVE,0672-PROSTHETIC REPRESENTATIVE
600,"MEDICAL, HOSPITAL, DENTAL, AND PUBLIC HEALTH GROUP","0600-MEDICAL, HOSPITAL, DENTAL, AND PUBLIC HEALTH GROUP",673,HOSPITAL HOUSEKEEPING MANAGEMENT,0673-HOSPITAL HOUSEKEEPING MANAGEMENT
600,"MEDICAL, HOSPITAL, DENTAL, AND PUBLIC HEALTH GROUP","0600-MEDICAL, HOSPITAL, DENTAL, AND PUBLIC HEALTH GROUP",675,MEDICAL RECORDS TECHNICIAN,0675-MEDICAL RECORDS TECHNICIAN
600,"MEDICAL, HOSPITAL, DENTAL, AND PUBLIC HEALTH GROUP","0600-MEDICAL, HOSPITAL, DENTAL, AND PUBLIC HEALTH GROUP",679,MEDICAL SUPPORT ASSISTANCE,0679-MEDICAL SUPPORT ASSISTANCE
600,"MEDICAL, HOSPITAL, DENTAL, AND PUBLIC HEALTH GROUP","0600-MEDICAL, HOSPITAL, DENTAL, AND PUBLIC HEALTH GROUP",680,DENTAL OFFICER,0680-DENTAL OFFICER
600,"MEDICAL, HOSPITAL, DENTAL, AND PUBLIC HEALTH GROUP","0600-MEDICAL, HOSPITAL, DENTAL, AND PUBLIC HEALTH GROUP",681,DENTAL ASSISTANT,0681-DENTAL ASSISTANT
600,"MEDICAL, HOSPITAL, DENTAL, AND PUBLIC HEALTH GROUP","0600-MEDICAL, HOSPITAL, DENTAL, AND PUBLIC HEALTH GROUP",682,DENTAL HYGIENE,0682-DENTAL HYGIENE
600,"MEDICAL, HOSPITAL, DENTAL, AND PUBLIC HEALTH GROUP","0600-MEDICAL, HOSPITAL, DENTAL, AND PUBLIC HEALTH GROUP",683,DENTAL LABORATORY AID AND TECHNICIAN,0683-DENTAL LABORATORY AID AND TECHNICIAN
600,"MEDICAL, HOSPITAL, DENTAL, AND PUBLIC HEALTH GROUP","0600-MEDICAL, HOSPITAL, DENTAL, AND PUBLIC HEALTH GROUP",685,PUBLIC HEALTH PROGRAM SPECIALIST,0685-PUBLIC HEALTH PROGRAM SPECIALIST
600,"MEDICAL, HOSPITAL, DENTAL, AND PUBLIC HEALTH GROUP","0600-MEDICAL, HOSPITAL, DENTAL, AND PUBLIC HEALTH GROUP",688,SANITARIAN,0688-SANITARIAN
600,"MEDICAL, HOSPITAL, DENTAL, AND PUBLIC HEALTH GROUP","0600-MEDICAL, HOSPITAL, DENTAL, AND PUBLIC HEALTH GROUP",690,INDUSTRIAL HYGIENE,0690-INDUSTRIAL HYGIENE
600,"MEDICAL, HOSPITAL, DENTAL, AND PUBLIC HEALTH GROUP","0600-MEDICAL, HOSPITAL, DENTAL, AND PUBLIC HEALTH GROUP",696,CONSUMER SAFETY,0696-CONSUMER SAFETY
600,"MEDICAL, HOSPITAL, DENTAL, AND PUBLIC HEALTH GROUP","0600-MEDICAL, HOSPITAL, DENTAL, AND PUBLIC HEALTH GROUP",698,ENVIRONMENTAL HEALTH TECHNICIAN,0698-ENVIRONMENTAL HEALTH TECHNICIAN
600,"MEDICAL, HOSPITAL, DENTAL, AND PUBLIC HEALTH GROUP","0600-MEDICAL, HOSPITAL, DENTAL, AND PUBLIC HEALTH GROUP",699,MEDICAL AND HEALTH STUDENT TRAINEE,0699-MEDICAL AND HEALTH STUDENT TRAINEE
700,VETERINARY MEDICAL SCIENCE GROUP,0700-VETERINARY MEDICAL SCIENCE GROUP,701,VETERINARY MEDICAL SCIENCE,0701-VETERINARY MEDICAL SCIENCE
700,VETERINARY MEDICAL SCIENCE GROUP,0700-VETERINARY MEDICAL SCIENCE GROUP,704,ANIMAL HEALTH TECHNICIAN,0704-ANIMAL HEALTH TECHNICIAN
700,VETERINARY MEDICAL SCIENCE GROUP,0700-VETERINARY MEDICAL SCIENCE GROUP,799,VETERINARY STUDENT TRAINEE,0799-VETERINARY STUDENT TRAINEE
800,ENGINEERING AND ARCHITECTURE GROUP,0800-ENGINEERING AND ARCHITECTURE GROUP,801,GENERAL ENGINEERING,0801-GENERAL ENGINEERING
800,ENGINEERING AND ARCHITECTURE GROUP,0800-ENGINEERING AND ARCHITECTURE GROUP,802,ENGINEERING TECHNICAL,0802-ENGINEERING TECHNICAL
800,ENGINEERING AND ARCHITECTURE GROUP,0800-ENGINEERING AND ARCHITECTURE GROUP,803,SAFETY ENGINEERING,0803-SAFETY ENGINEERING
800,ENGINEERING AND ARCHITECTURE GROUP,0800-ENGINEERING AND ARCHITECTURE GROUP,804,FIRE PROTECTION ENGINEERING,0804-FIRE PROTECTION ENGINEERING
800,ENGINEERING AND ARCHITECTURE GROUP,0800-ENGINEERING AND ARCHITECTURE GROUP,806,MATERIALS ENGINEERING,0806-MATERIALS ENGINEERING
800,ENGINEERING AND ARCHITECTURE GROUP,0800-ENGINEERING AND ARCHITECTURE GROUP,807,LANDSCAPE ARCHITECTURE,0807-LANDSCAPE ARCHITECTURE
800,ENGINEERING AND ARCHITECTURE GROUP,0800-ENGINEERING AND ARCHITECTURE GROUP,808,ARCHITECTURE,0808-ARCHITECTURE
800,ENGINEERING AND ARCHITECTURE GROUP,0800-ENGINEERING AND ARCHITECTURE GROUP,809,CONSTRUCTION CONTROL TECHNICAL,0809-CONSTRUCTION CONTROL TECHNICAL
800,ENGINEERING AND ARCHITECTURE GROUP,0800-ENGINEERING AND ARCHITECTURE GROUP,810,CIVIL ENGINEERING,0810-CIVIL ENGINEERING
800,ENGINEERING AND ARCHITECTURE GROUP,0800-ENGINEERING AND ARCHITECTURE GROUP,817,SURVEY TECHNICAL,0817-SURVEY TECHNICAL
800,ENGINEERING AND ARCHITECTURE GROUP,0800-ENGINEERING AND ARCHITECTURE GROUP,819,ENVIRONMENTAL ENGINEERING,0819-ENVIRONMENTAL ENGINEERING
800,ENGINEERING AND ARCHITECTURE GROUP,0800-ENGINEERING AND ARCHITECTURE GROUP,828,CONSTRUCTION ANALYST,0828-CONSTRUCTION ANALYST
800,ENGINEERING AND ARCHITECTURE GROUP,0800-ENGINEERING AND ARCHITECTURE GROUP,830,MECHANICAL ENGINEERING,0830-MECHANICAL ENGINEERING
800,ENGINEERING AND ARCHITECTURE GROUP,0800-ENGINEERING AND ARCHITECTURE GROUP,840,NUCLEAR ENGINEERING,0840-NUCLEAR ENGINEERING
800,ENGINEERING AND ARCHITECTURE GROUP,0800-ENGINEERING AND ARCHITECTURE GROUP,850,ELECTRICAL ENGINEERING,0850-ELECTRICAL ENGINEERING
800,ENGINEERING AND ARCHITECTURE GROUP,0800-ENGINEERING AND ARCHITECTURE GROUP,854,COMPUTER ENGINEERING,0854-COMPUTER ENGINEERING
800,ENGINEERING AND ARCHITECTURE GROUP,0800-ENGINEERING AND ARCHITECTURE GROUP,855,ELECTRONICS ENGINEERING,0855-ELECTRONICS ENGINEERING
800,ENGINEERING AND ARCHITECTURE GROUP,0800-ENGINEERING AND ARCHITECTURE GROUP,856,ELECTRONICS TECHNICAL,0856-ELECTRONICS TECHNICAL
800,ENGINEERING AND ARCHITECTURE GROUP,0800-ENGINEERING AND ARCHITECTURE GROUP,858,BIOENGINEERING & BIOMEDICAL ENGINEERING,0858-BIOENGINEERING & BIOMEDICAL ENGINEERING
800,ENGINEERING AND ARCHITECTURE GROUP,0800-ENGINEERING AND ARCHITECTURE GROUP,861,AEROSPACE ENGINEERING,0861-AEROSPACE ENGINEERING
800,ENGINEERING AND ARCHITECTURE GROUP,0800-ENGINEERING AND ARCHITECTURE GROUP,871,NAVAL ARCHITECTURE,0871-NAVAL ARCHITECTURE
800,ENGINEERING AND ARCHITECTURE GROUP,0800-ENGINEERING AND ARCHITECTURE GROUP,873,MARINE SURVEY TECHNICAL,0873-MARINE SURVEY TECHNICAL
800,ENGINEERING AND ARCHITECTURE GROUP,0800-ENGINEERING AND ARCHITECTURE GROUP,880,MINING ENGINEERING,0880-MINING ENGINEERING
800,ENGINEERING AND ARCHITECTURE GROUP,0800-ENGINEERING AND ARCHITECTURE GROUP,881,PETROLEUM ENGINEERING,0881-PETROLEUM ENGINEERING
800,ENGINEERING AND ARCHITECTURE GROUP,0800-ENGINEERING AND ARCHITECTURE GROUP,890,AGRICULTURAL ENGINEERING,0890-AGRICULTURAL ENGINEERING
800,ENGINEERING AND ARCHITECTURE GROUP,0800-ENGINEERING AND ARCHITECTURE GROUP,893,CHEMICAL ENGINEERING,0893-CHEMICAL ENGINEERING
800,ENGINEERING AND ARCHITECTURE GROUP,0800-ENGINEERING AND ARCHITECTURE GROUP,895,INDUSTRIAL ENGINEERING TECHNICAL,0895-INDUSTRIAL ENGINEERING TECHNICAL
800,ENGINEERING AND ARCHITECTURE GROUP,0800-ENGINEERING AND ARCHITECTURE GROUP,896,INDUSTRIAL ENGINEERING,0896-INDUSTRIAL ENGINEERING
800,ENGINEERING AND ARCHITECTURE GROUP,0800-ENGINEERING AND ARCHITECTURE GROUP,898,ENGINEERING TRAINEE,0898-ENGINEERING TRAINEE
800,ENGINEERING AND ARCHITECTURE GROUP,0800-ENGINEERING AND ARCHITECTURE GROUP,899,ENGINEERING AND ARCHITECTURE STUDENT TRAINEE,0899-ENGINEERING AND ARCHITECTURE STUDENT TRAINEE
900,LEGAL AND KINDRED GROUP,0900-LEGAL AND KINDRED GROUP,901,GENERAL LEGAL AND KINDRED ADMINISTRATION,0901-GENERAL LEGAL AND KINDRED ADMINISTRATION
900,LEGAL AND KINDRED GROUP,0900-LEGAL AND KINDRED GROUP,904,LAW CLERK,0904-LAW CLERK
900,LEGAL AND KINDRED GROUP,0900-LEGAL AND KINDRED GROUP,905,GENERAL ATTORNEY,0905-GENERAL ATTORNEY
900,LEGAL AND KINDRED GROUP,0900-LEGAL AND KINDRED GROUP,930,HEARINGS AND APPEALS,0930-HEARINGS AND APPEALS
900,LEGAL AND KINDRED GROUP,0900-LEGAL AND KINDRED GROUP,935,ADMINISTRATIVE LAW JUDGE,0935-ADMINISTRATIVE LAW JUDGE
900,LEGAL AND KINDRED GROUP,0900-LEGAL AND KINDRED GROUP,950,PARALEGAL SPECIALIST,0950-PARALEGAL SPECIALIST
900,LEGAL AND KINDRED GROUP,0900-LEGAL AND KINDRED GROUP,958,EMPLOYEE BENEFITS LAW,0958-EMPLOYEE BENEFITS LAW
900,LEGAL AND KINDRED GROUP,0900-LEGAL AND KINDRED GROUP,962,CONTACT REPRESENTATIVE,0962-CONTACT REPRESENTATIVE
900,LEGAL AND KINDRED GROUP,0900-LEGAL AND KINDRED GROUP,963,LEGAL INSTRUMENTS EXAMINING,0963-LEGAL INSTRUMENTS EXAMINING
900,LEGAL AND KINDRED GROUP,0900-LEGAL AND KINDRED GROUP,965,LAND LAW EXAMINING,0965-LAND LAW EXAMINING
900,LEGAL AND KINDRED GROUP,0900-LEGAL AND KINDRED GROUP,967,PASSPORT AND VISA EXAMINING,0967-PASSPORT AND VISA EXAMINING
900,LEGAL AND KINDRED GROUP,0900-LEGAL AND KINDRED GROUP,986,LEGAL ASSISTANCE,0986-LEGAL ASSISTANCE
900,LEGAL AND KINDRED GROUP,0900-LEGAL AND KINDRED GROUP,987,TAX LAW SPECIALIST,0987-TAX LAW SPECIALIST
900,LEGAL AND KINDRED GROUP,0900-LEGAL AND KINDRED GROUP,991,WORKER'S COMPENSATION CLAIMS EXAMINING,0991-WORKER'S COMPENSATION CLAIMS EXAMINING
900,LEGAL AND KINDRED GROUP,0900-LEGAL AND KINDRED GROUP,993,RAILROAD RETIREMENT CLAIMS EXAMINING,0993-RAILROAD RETIREMENT CLAIMS EXAMINING
900,LEGAL AND KINDRED GROUP,0900-LEGAL AND KINDRED GROUP,996,VETERANS CLAIMS EXAMINING,0996-VETERANS CLAIMS EXAMINING
900,LEGAL AND KINDRED GROUP,0900-LEGAL AND KINDRED GROUP,998,CLAIMS ASSISTANCE AND EXAMINING,0998-CLAIMS ASSISTANCE AND EXAMINING
900,LEGAL AND KINDRED GROUP,0900-LEGAL AND KINDRED GROUP,999,LEGAL OCCUPATIONS STUDENT TRAINEE,0999-LEGAL OCCUPATIONS STUDENT TRAINEE
1000,INFORMATION AND ARTS GROUP,1000-INFORMATION AND ARTS GROUP,1001,GENERAL ARTS AND INFORMATION,1001-GENERAL ARTS AND INFORMATION
1000,INFORMATION AND ARTS GROUP,1000-INFORMATION AND ARTS GROUP,1002,ARTS AND INFORMATION SUPPORT,1002-ARTS AND INFORMATION SUPPORT
1000,INFORMATION AND ARTS GROUP,1000-INFORMATION AND ARTS GROUP,1008,INTERIOR DESIGN,1008-INTERIOR DESIGN
1000,INFORMATION AND ARTS GROUP,1000-INFORMATION AND ARTS GROUP,1010,EXHIBITS SPECIALIST,1010-EXHIBITS SPECIALIST
1000,INFORMATION AND ARTS GROUP,1000-INFORMATION AND ARTS GROUP,1015,MUSEUM CURATOR,1015-MUSEUM CURATOR
1000,INFORMATION AND ARTS GROUP,1000-INFORMATION AND ARTS GROUP,1016,MUSEUM SPECIALIST AND TECHNICIAN,1016-MUSEUM SPECIALIST AND TECHNICIAN
1000,INFORMATION AND ARTS GROUP,1000-INFORMATION AND ARTS GROUP,1020,ILLUSTRATING,1020-ILLUSTRATING
1000,INFORMATION AND ARTS GROUP,1000-INFORMATION AND ARTS GROUP,1021,OFFICE DRAFTING,1021-OFFICE DRAFTING
1000,INFORMATION AND ARTS GROUP,1000-INFORMATION AND ARTS GROUP,1035,PUBLIC AFFAIRS,1035-PUBLIC AFFAIRS
1000,INFORMATION AND ARTS GROUP,1000-INFORMATION AND ARTS GROUP,1040,LANGUAGE SPECIALIST,1040-LANGUAGE SPECIALIST
1000,INFORMATION AND ARTS GROUP,1000-INFORMATION AND ARTS GROUP,1046,LANGUAGE CLERICAL,1046-LANGUAGE CLERICAL
1000,INFORMATION AND ARTS GROUP,1000-INFORMATION AND ARTS GROUP,1051,MUSIC SPECIALIST,1051-MUSIC SPECIALIST
1000,INFORMATION AND ARTS GROUP,1000-INFORMATION AND ARTS GROUP,1054,THEATER SPECIALIST,1054-THEATER SPECIALIST
1000,INFORMATION AND ARTS GROUP,1000-INFORMATION AND ARTS GROUP,1056,ART SPECIALIST,1056-ART SPECIALIST
1000,INFORMATION AND ARTS GROUP,1000-INFORMATION AND ARTS GROUP,1060,PHOTOGRAPHY,1060-PHOTOGRAPHY
1000,INFORMATION AND ARTS GROUP,1000-INFORMATION AND ARTS GROUP,1071,AUDIOVISUAL PRODUCTION,1071-AUDIOVISUAL PRODUCTION
1000,INFORMATION AND ARTS GROUP,1000-INFORMATION AND ARTS GROUP,1082,WRITING AND EDITING,1082-WRITING AND EDITING
1000,INFORMATION AND ARTS GROUP,1000-INFORMATION AND ARTS GROUP,1083,TECHNICAL WRITING AND EDITING,1083-TECHNICAL WRITING AND EDITING
1000,INFORMATION AND ARTS GROUP,1000-INFORMATION AND ARTS GROUP,1084,VISUAL INFORMATION,1084-VISUAL INFORMATION
1000,INFORMATION AND ARTS GROUP,1000-INFORMATION AND ARTS GROUP,1087,EDITORIAL ASSISTANCE,1087-EDITORIAL ASSISTANCE
1000,INFORMATION AND ARTS GROUP,1000-INFORMATION AND ARTS GROUP,1099,INFORMATION AND ARTS STUDENT TRAINEE,1099-INFORMATION AND ARTS STUDENT TRAINEE
1100,BUSINESS AND INDUSTRY GROUP,1100-BUSINESS AND INDUSTRY GROUP,1101,GENERAL BUSINESS AND INDUSTRY,1101-GENERAL BUSINESS AND INDUSTRY
1100,BUSINESS AND INDUSTRY GROUP,1100-BUSINESS AND INDUSTRY GROUP,1102,CONTRACTING,1102-CONTRACTING
1100,BUSINESS AND INDUSTRY GROUP,1100-BUSINESS AND INDUSTRY GROUP,1103,INDUSTRIAL PROPERTY MANAGEMENT,1103-INDUSTRIAL PROPERTY MANAGEMENT
1100,BUSINESS AND INDUSTRY GROUP,1100-BUSINESS AND INDUSTRY GROUP,1104,PROPERTY DISPOSAL,1104-PROPERTY DISPOSAL
1100,BUSINESS AND INDUSTRY GROUP,1100-BUSINESS AND INDUSTRY GROUP,1105,PURCHASING,1105-PURCHASING
1100,BUSINESS AND INDUSTRY GROUP,1100-BUSINESS AND INDUSTRY GROUP,1106,PROCUREMENT CLERICAL AND TECHNICIAN,1106-PROCUREMENT CLERICAL AND TECHNICIAN
1100,BUSINESS AND INDUSTRY GROUP,1100-BUSINESS AND INDUSTRY GROUP,1107,PROPERTY DISPOSAL CLERICAL AND TECHNICIAN,1107-PROPERTY DISPOSAL CLERICAL AND TECHNICIAN
1100,BUSINESS AND INDUSTRY GROUP,1100-BUSINESS AND INDUSTRY GROUP,1108,BUSINESS SUPPORT,1108-BUSINESS SUPPORT
1100,BUSINESS AND INDUSTRY GROUP,1100-BUSINESS AND INDUSTRY GROUP,1109,GRANTS MANAGEMENT,1109-GRANTS MANAGEMENT
1100,BUSINESS AND INDUSTRY GROUP,1100-BUSINESS AND INDUSTRY GROUP,1130,PUBLIC UTILITIES SPECIALIST,1130-PUBLIC UTILITIES SPECIALIST
1100,BUSINESS AND INDUSTRY GROUP,1100-BUSINESS AND INDUSTRY GROUP,1140,TRADE SPECIALIST,1140-TRADE SPECIALIST
1100,BUSINESS AND INDUSTRY GROUP,1100-BUSINESS AND INDUSTRY GROUP,1144,COMMISSARY MANAGEMENT,1144-COMMISSARY MANAGEMENT
1100,BUSINESS AND INDUSTRY GROUP,1100-BUSINESS AND INDUSTRY GROUP,1145,AGRICULTURAL PROGRAM SPECIALIST,1145-AGRICULTURAL PROGRAM SPECIALIST
1100,BUSINESS AND INDUSTRY GROUP,1100-BUSINESS AND INDUSTRY GROUP,1146,AGRICULTURAL MARKETING,1146-AGRICULTURAL MARKETING
1100,BUSINESS AND INDUSTRY GROUP,1100-BUSINESS AND INDUSTRY GROUP,1147,AGRICULTURAL MARKET REPORTING,1147-AGRICULTURAL MARKET REPORTING
1100,BUSINESS AND INDUSTRY GROUP,1100-BUSINESS AND INDUSTRY GROUP,1150,INDUSTRIAL SPECIALIST,1150-INDUSTRIAL SPECIALIST
1100,BUSINESS AND INDUSTRY GROUP,1100-BUSINESS AND INDUSTRY GROUP,1152,PRODUCTION CONTROL,1152-PRODUCTION CONTROL
1100,BUSINESS AND INDUSTRY GROUP,1100-BUSINESS AND INDUSTRY GROUP,1160,FINANCIAL ANALYSIS,1160-FINANCIAL ANALYSIS
1100,BUSINESS AND INDUSTRY GROUP,1100-BUSINESS AND INDUSTRY GROUP,1163,INSURANCE EXAMINING,1163-INSURANCE EXAMINING
1100,BUSINESS AND INDUSTRY GROUP,1100-BUSINESS AND INDUSTRY GROUP,1165,LOAN SPECIALIST,1165-LOAN SPECIALIST
1100,BUSINESS AND INDUSTRY GROUP,1100-BUSINESS AND INDUSTRY GROUP,1169,INTERNAL REVENUE OFFICER,1169-INTERNAL REVENUE OFFICER
1100,BUSINESS AND INDUSTRY GROUP,1100-BUSINESS AND INDUSTRY GROUP,1170,REALTY,1170-REALTY
1100,BUSINESS AND INDUSTRY GROUP,1100-BUSINESS AND INDUSTRY GROUP,1171,APPRAISING,1171-APPRAISING
1100,BUSINESS AND INDUSTRY GROUP,1100-BUSINESS AND INDUSTRY GROUP,1173,HOUSING MANAGEMENT,1173-HOUSING MANAGEMENT
1100,BUSINESS AND INDUSTRY GROUP,1100-BUSINESS AND INDUSTRY GROUP,1176,BUILDING MANAGEMENT,1176-BUILDING MANAGEMENT
1100,BUSINESS AND INDUSTRY GROUP,1100-BUSINESS AND INDUSTRY GROUP,1199,BUSINESS AND INDUSTRY STUDENT TRAINEE,1199-BUSINESS AND INDUSTRY STUDENT TRAINEE
1200,"COPYRIGHT, PATENT, AND TRADEMARK GROUP","1200-COPYRIGHT, PATENT, AND TRADEMARK GROUP",1202,PATENT TECHNICIAN,1202-PATENT TECHNICIAN
1200,"COPYRIGHT, PATENT, AND TRADEMARK GROUP","1200-COPYRIGHT, PATENT, AND TRADEMARK GROUP",1210,COPYRIGHT,1210-COPYRIGHT
1200,"COPYRIGHT, PATENT, AND TRADEMARK GROUP","1200-COPYRIGHT, PATENT, AND TRADEMARK GROUP",1220,PATENT ADMINISTRATION,1220-PATENT ADMINISTRATION
1200,"COPYRIGHT, PATENT, AND TRADEMARK GROUP","1200-COPYRIGHT, PATENT, AND TRADEMARK GROUP",1221,PATENT ADVISER,1221-PATENT ADVISER
1200,"COPYRIGHT, PATENT, AND TRADEMARK GROUP","1200-COPYRIGHT, PATENT, AND TRADEMARK GROUP",1222,PATENT ATTORNEY,1222-PATENT ATTORNEY
1200,"COPYRIGHT, PATENT, AND TRADEMARK GROUP","1200-COPYRIGHT, PATENT, AND TRADEMARK GROUP",1223,PATENT CLASSIFYING,1223-PATENT CLASSIFYING
1200,"COPYRIGHT, PATENT, AND TRADEMARK GROUP","1200-COPYRIGHT, PATENT, AND TRADEMARK GROUP",1224,PATENT EXAMINING,1224-PATENT EXAMINING
1200,"COPYRIGHT, PATENT, AND TRADEMARK GROUP","1200-COPYRIGHT, PATENT, AND TRADEMARK GROUP",1226,DESIGN PATENT EXAMINING,1226-DESIGN PATENT EXAMINING
1200,"COPYRIGHT, PATENT, AND TRADEMARK GROUP","1200-COPYRIGHT, PATENT, AND TRADEMARK GROUP",1299,COPYRIGHT AND PATENT STUDENT TRAINEE,1299-COPYRIGHT AND PATENT STUDENT TRAINEE
1300,PHYSICAL SCIENCES GROUP,1300-PHYSICAL SCIENCES GROUP,1301,GENERAL PHYSICAL SCIENCE,1301-GENERAL PHYSICAL SCIENCE
1300,PHYSICAL SCIENCES GROUP,1300-PHYSICAL SCIENCES GROUP,1306,HEALTH PHYSICS,1306-HEALTH PHYSICS
1300,PHYSICAL SCIENCES GROUP,1300-PHYSICAL SCIENCES GROUP,1310,PHYSICS,1310-PHYSICS
1300,PHYSICAL SCIENCES GROUP,1300-PHYSICAL SCIENCES GROUP,1311,PHYSICAL SCIENCE TECHNICIAN,1311-PHYSICAL SCIENCE TECHNICIAN
1300,PHYSICAL SCIENCES GROUP,1300-PHYSICAL SCIENCES GROUP,1313,GEOPHYSICS,1313-GEOPHYSICS
1300,PHYSICAL SCIENCES GROUP,1300-PHYSICAL SCIENCES GROUP,1315,HYDROLOGY,1315-HYDROLOGY
1300,PHYSICAL SCIENCES GROUP,1300-PHYSICAL SCIENCES GROUP,1316,HYDROLOGIC TECHNICIAN,1316-HYDROLOGIC TECHNICIAN
1300,PHYSICAL SCIENCES GROUP,1300-PHYSICAL SCIENCES GROUP,1320,CHEMISTRY,1320-CHEMISTRY
1300,PHYSICAL SCIENCES GROUP,1300-PHYSICAL SCIENCES GROUP,1321,METALLURGY,1321-METALLURGY
1300,PHYSICAL SCIENCES GROUP,1300-PHYSICAL SCIENCES GROUP,1330,ASTRONOMY AND SPACE SCIENCE,1330-ASTRONOMY AND SPACE SCIENCE
1300,PHYSICAL SCIENCES GROUP,1300-PHYSICAL SCIENCES GROUP,1340,METEOROLOGY,1340-METEOROLOGY
1300,PHYSICAL SCIENCES GROUP,1300-PHYSICAL SCIENCES GROUP,1341,METEOROLOGICAL TECHNICIAN,1341-METEOROLOGICAL TECHNICIAN
1300,PHYSICAL SCIENCES GROUP,1300-PHYSICAL SCIENCES GROUP,1350,GEOLOGY,1350-GEOLOGY
1300,PHYSICAL SCIENCES GROUP,1300-PHYSICAL SCIENCES GROUP,1360,OCEANOGRAPHY,1360-OCEANOGRAPHY
1300,PHYSICAL SCIENCES GROUP,1300-PHYSICAL SCIENCES GROUP,1361,NAVIGATIONAL INFORMATION,1361-NAVIGATIONAL INFORMATION
1300,PHYSICAL SCIENCES GROUP,1300-PHYSICAL SCIENCES GROUP,1370,CARTOGRAPHY,1370-CARTOGRAPHY
1300,PHYSICAL SCIENCES GROUP,1300-PHYSICAL SCIENCES GROUP,1371,CARTOGRAPHIC TECHNICIAN,1371-CARTOGRAPHIC TECHNICIAN
1300,PHYSICAL SCIENCES GROUP,1300-PHYSICAL SCIENCES GROUP,1372,GEODESY,1372-GEODESY
1300,PHYSICAL SCIENCES GROUP,1300-PHYSICAL SCIENCES GROUP,1373,LAND SURVEYING,1373-LAND SURVEYING
1300,PHYSICAL SCIENCES GROUP,1300-PHYSICAL SCIENCES GROUP,1374,GEODETIC TECHNICIAN,1374-GEODETIC TECHNICIAN
1300,PHYSICAL SCIENCES GROUP,1300-PHYSICAL SCIENCES GROUP,1380,FOREST PRODUCTS TECHNOLOGY,1380-FOREST PRODUCTS TECHNOLOGY
1300,PHYSICAL SCIENCES GROUP,1300-PHYSICAL SCIENCES GROUP,1382,FOOD TECHNOLOGY,1382-FOOD TECHNOLOGY
1300,PHYSICAL SCIENCES GROUP,1300-PHYSICAL SCIENCES GROUP,1384,TEXTILE TECHNOLOGY,1384-TEXTILE TECHNOLOGY
1300,PHYSICAL SCIENCES GROUP,1300-PHYSICAL SCIENCES GROUP,1386,PHOTOGRAPHIC TECHNOLOGY,1386-PHOTOGRAPHIC TECHNOLOGY
1300,PHYSICAL SCIENCES GROUP,1300-PHYSICAL SCIENCES GROUP,1397,DOCUMENT ANALYSIS,1397-DOCUMENT ANALYSIS
1300,PHYSICAL SCIENCES GROUP,1300-PHYSICAL SCIENCES GROUP,1398,PHYSICAL SCIENCE TRAINEE,1398-PHYSICAL SCIENCE TRAINEE
1300,PHYSICAL SCIENCES GROUP,1300-PHYSICAL SCIENCES GROUP,1399,PHYSICAL SCIENCE STUDENT TRAINEE,1399-PHYSICAL SCIENCE STUDENT TRAINEE
1400,LIBRARY AND ARCHIVES GROUP,1400-LIBRARY AND ARCHIVES GROUP,1410,LIBRARIAN,1410-LIBRARIAN
1400,LIBRARY AND ARCHIVES GROUP,1400-LIBRARY AND ARCHIVES GROUP,1411,LIBRARY TECHNICIAN,1411-LIBRARY TECHNICIAN
1400,LIBRARY AND ARCHIVES GROUP,1400-LIBRARY AND ARCHIVES GROUP,1412,TECHNICAL INFORMATION SERVICES,1412-TECHNICAL INFORMATION SERVICES
1400,LIBRARY AND ARCHIVES GROUP,1400-LIBRARY AND ARCHIVES GROUP,1420,ARCHIVIST,1420-ARCHIVIST
1400,LIBRARY AND ARCHIVES GROUP,1400-LIBRARY AND ARCHIVES GROUP,1421,ARCHIVES TECHNICIAN,1421-ARCHIVES TECHNICIAN
1400,LIBRARY AND ARCHIVES GROUP,1400-LIBRARY AND ARCHIVES GROUP,1499,LIBRARY AND ARCHIVES STUDENT TRAINEE,1499-LIBRARY AND ARCHIVES STUDENT TRAINEE
1500,MATHEMATICS AND STATISTICS GROUP,1500-MATHEMATICS AND STATISTICS GROUP,1501,GENERAL MATHEMATICS AND STATISTICS,1501-GENERAL MATHEMATICS AND STATISTICS
1500,MATHEMATICS AND STATISTICS GROUP,1500-MATHEMATICS AND STATISTICS GROUP,1510,ACTUARIAL SCIENCE,1510-ACTUARIAL SCIENCE
1500,MATHEMATICS AND STATISTICS GROUP,1500-MATHEMATICS AND STATISTICS GROUP,1515,OPERATIONS RESEARCH,1515-OPERATIONS RESEARCH
1500,MATHEMATICS AND STATISTICS GROUP,1500-MATHEMATICS AND STATISTICS GROUP,1520,MATHEMATICS,1520-MATHEMATICS
1500,MATHEMATICS AND STATISTICS GROUP,1500-MATHEMATICS AND STATISTICS GROUP,1521,MATHEMATICS TECHNICIAN,1521-MATHEMATICS TECHNICIAN
1500,MATHEMATICS AND STATISTICS GROUP,1500-MATHEMATICS AND STATISTICS GROUP,1529,MATHEMATICAL STATISTICS,1529-MATHEMATICAL STATISTICS
1500,MATHEMATICS AND STATISTICS GROUP,1500-MATHEMATICS AND STATISTICS GROUP,1530,STATISTICS,1530-STATISTICS
1500,MATHEMATICS AND STATISTICS GROUP,1500-MATHEMATICS AND STATISTICS GROUP,1531,STATISTICAL ASSISTANT,1531-STATISTICAL ASSISTANT
1500,MATHEMATICS AND STATISTICS GROUP,1500-MATHEMATICS AND STATISTICS GROUP,1541,CRYPTANALYSIS,1541-CRYPTANALYSIS
1500,MATHEMATICS AND STATISTICS GROUP,1500-MATHEMATICS AND STATISTICS GROUP,1550,COMPUTER SCIENCE,1550-COMPUTER SCIENCE
1500,MATHEMATICS AND STATISTICS GROUP,1500-MATHEMATICS AND STATISTICS GROUP,1598,MATHEMATICS OR COMPUTER SCIENCE TRAINEE,1598-MATHEMATICS OR COMPUTER SCIENCE TRAINEE
1500,MATHEMATICS AND STATISTICS GROUP,1500-MATHEMATICS AND STATISTICS GROUP,1599,MATHEMATICS AND STATISTICS STUDENT TRAINEE,1599-MATHEMATICS AND STATISTICS STUDENT TRAINEE
1600,"EQUIPMENT, FACILITIES, AND SERVICES GROUP","1600-EQUIPMENT, FACILITIES, AND SERVICES GROUP",1601,"EQUIPMENT FACILITIES, AND SERVICES","1601-EQUIPMENT FACILITIES, AND SERVICES"
1600,"EQUIPMENT, FACILITIES, AND SERVICES GROUP","1600-EQUIPMENT, FACILITIES, AND SERVICES GROUP",1603,"EQUIPMENT, FACILITIES, AND SERVICES ASSISTANCE","1603-EQUIPMENT, FACILITIES, AND SERVICES ASSISTANCE"
1600,"EQUIPMENT, FACILITIES, AND SERVICES GROUP","1600-EQUIPMENT, FACILITIES, AND SERVICES GROUP",1630,CEMETERY ADMINISTRATION SERVICES,1630-CEMETERY ADMINISTRATION SERVICES
1600,"EQUIPMENT, FACILITIES, AND SERVICES GROUP","1600-EQUIPMENT, FACILITIES, AND SERVICES GROUP",1640,FACILITY OPERATIONS SERVICES,1640-FACILITY OPERATIONS SERVICES
1600,"EQUIPMENT, FACILITIES, AND SERVICES GROUP","1600-EQUIPMENT, FACILITIES, AND SERVICES GROUP",1654,PRINTING SERVICES,1654-PRINTING SERVICES
1600,"EQUIPMENT, FACILITIES, AND SERVICES GROUP","1600-EQUIPMENT, FACILITIES, AND SERVICES GROUP",1658,LAUNDRY OPERATIONS SERVICES,1658-LAUNDRY OPERATIONS SERVICES
1600,"EQUIPMENT, FACILITIES, AND SERVICES GROUP","1600-EQUIPMENT, FACILITIES, AND SERVICES GROUP",1667,FOOD SERVICES,1667-FOOD SERVICES
1600,"EQUIPMENT, FACILITIES, AND SERVICES GROUP","1600-EQUIPMENT, FACILITIES, AND SERVICES GROUP",1670,EQUIPMENT SERVICES,1670-EQUIPMENT SERVICES
1600,"EQUIPMENT, FACILITIES, AND SERVICES GROUP","1600-EQUIPMENT, FACILITIES, AND SERVICES GROUP",1699,EQUIPMENT AND FACILITIES MANAGEMENT STUDENT TRAINEE,1699-EQUIPMENT AND FACILITIES MANAGEMENT STUDENT TRAINEE
1700,EDUCATION GROUP,1700-EDUCATION GROUP,1701,GENERAL EDUCATION AND TRAINING,1701-GENERAL EDUCATION AND TRAINING
1700,EDUCATION GROUP,1700-EDUCATION GROUP,1702,EDUCATION AND TRAINING TECHNICIAN,1702-EDUCATION AND TRAINING TECHNICIAN
1700,EDUCATION GROUP,1700-EDUCATION GROUP,1710,EDUCATION AND VOCATIONAL TRAINING,1710-EDUCATION AND VOCATIONAL TRAINING
1700,EDUCATION GROUP,1700-EDUCATION GROUP,1712,TRAINING INSTRUCTION,1712-TRAINING INSTRUCTION
1700,EDUCATION GROUP,1700-EDUCATION GROUP,1715,VOCATIONAL REHABILITATION,1715-VOCATIONAL REHABILITATION
1700,EDUCATION GROUP,1700-EDUCATION GROUP,1720,EDUCATION PROGRAM,1720-EDUCATION PROGRAM
1700,EDUCATION GROUP,1700-EDUCATION GROUP,1725,PUBLIC HEALTH EDUCATOR,1725-PUBLIC HEALTH EDUCATOR
1700,EDUCATION GROUP,1700-EDUCATION GROUP,1730,EDUCATION RESEARCH,1730-EDUCATION RESEARCH
1700,EDUCATION GROUP,1700-EDUCATION GROUP,1740,EDUCATION SERVICES,1740-EDUCATION SERVICES
1700,EDUCATION GROUP,1700-EDUCATION GROUP,1750,INSTRUCTIONAL SYSTEMS,1750-INSTRUCTIONAL SYSTEMS
1700,EDUCATION GROUP,1700-EDUCATION GROUP,1799,EDUCATION STUDENT TRAINEE,1799-EDUCATION STUDENT TRAINEE
1800,"ADMINISTRATIVE WORK IN THE INSPECTION, INVESTIGATION, ENFORCEMENT, AND COMPLIANCE GROUP","1800-ADMINISTRATIVE WORK IN THE INSPECTION, INVESTIGATION, ENFORCEMENT, AND COMPLIANCE GROUP",1801,"GENERAL INSPECTION, INVESTIGATION, ENFORCEMENT, AND COMPLIANCE SERIES","1801-GENERAL INSPECTION, INVESTIGATION, ENFORCEMENT, AND COMPLIANCE SERIES"
1800,"ADMINISTRATIVE WORK IN THE INSPECTION, INVESTIGATION, ENFORCEMENT, AND COMPLIANCE GROUP","1800-ADMINISTRATIVE WORK IN THE INSPECTION, INVESTIGATION, ENFORCEMENT, AND COMPLIANCE GROUP",1802,COMPLIANCE INSPECTION AND SUPPORT,1802-COMPLIANCE INSPECTION AND SUPPORT
1800,"ADMINISTRATIVE WORK IN THE INSPECTION, INVESTIGATION, ENFORCEMENT, AND COMPLIANCE GROUP","1800-ADMINISTRATIVE WORK IN THE INSPECTION, INVESTIGATION, ENFORCEMENT, AND COMPLIANCE GROUP",1805,INVESTIGATIVE ANALYSIS,1805-INVESTIGATIVE ANALYSIS
1800,"ADMINISTRATIVE WORK IN THE INSPECTION, INVESTIGATION, ENFORCEMENT, AND COMPLIANCE GROUP","1800-ADMINISTRATIVE WORK IN THE INSPECTION, INVESTIGATION, ENFORCEMENT, AND COMPLIANCE GROUP",1810,GENERAL INVESTIGATION,1810-GENERAL INVESTIGATION
1800,"ADMINISTRATIVE WORK IN THE INSPECTION, INVESTIGATION, ENFORCEMENT, AND COMPLIANCE GROUP","1800-ADMINISTRATIVE WORK IN THE INSPECTION, INVESTIGATION, ENFORCEMENT, AND COMPLIANCE GROUP",1811,CRIMINAL INVESTIGATION,1811-CRIMINAL INVESTIGATION
1800,"ADMINISTRATIVE WORK IN THE INSPECTION, INVESTIGATION, ENFORCEMENT, AND COMPLIANCE GROUP","1800-ADMINISTRATIVE WORK IN THE INSPECTION, INVESTIGATION, ENFORCEMENT, AND COMPLIANCE GROUP",1815,AIR SAFETY INVESTIGATING,1815-AIR SAFETY INVESTIGATING
1800,"ADMINISTRATIVE WORK IN THE INSPECTION, INVESTIGATION, ENFORCEMENT, AND COMPLIANCE GROUP","1800-ADMINISTRATIVE WORK IN THE INSPECTION, INVESTIGATION, ENFORCEMENT, AND COMPLIANCE GROUP",1822,MINE SAFETY AND HEALTH INSPECTION SERIES,1822-MINE SAFETY AND HEALTH INSPECTION SERIES
1800,"ADMINISTRATIVE WORK IN THE INSPECTION, INVESTIGATION, ENFORCEMENT, AND COMPLIANCE GROUP","1800-ADMINISTRATIVE WORK IN THE INSPECTION, INVESTIGATION, ENFORCEMENT, AND COMPLIANCE GROUP",1825,AVIATION SAFETY,1825-AVIATION SAFETY
1800,"ADMINISTRATIVE WORK IN THE INSPECTION, INVESTIGATION, ENFORCEMENT, AND COMPLIANCE GROUP","1800-ADMINISTRATIVE WORK IN THE INSPECTION, INVESTIGATION, ENFORCEMENT, AND COMPLIANCE GROUP",1831,SECURITIES COMPLIANCE EXAMINING,1831-SECURITIES COMPLIANCE EXAMINING
1800,"ADMINISTRATIVE WORK IN THE INSPECTION, INVESTIGATION, ENFORCEMENT, AND COMPLIANCE GROUP","1800-ADMINISTRATIVE WORK IN THE INSPECTION, INVESTIGATION, ENFORCEMENT, AND COMPLIANCE GROUP",1849,WAGE AND HOUR INVESTIGATION SERIES,1849-WAGE AND HOUR INVESTIGATION SERIES
1800,"ADMINISTRATIVE WORK IN THE INSPECTION, INVESTIGATION, ENFORCEMENT, AND COMPLIANCE GROUP","1800-ADMINISTRATIVE WORK IN THE INSPECTION, INVESTIGATION, ENFORCEMENT, AND COMPLIANCE GROUP",1850,AGRICULTURAL WAREHOUSE INSPECTION SERIES,1850-AGRICULTURAL WAREHOUSE INSPECTION SERIES
1800,"ADMINISTRATIVE WORK IN THE INSPECTION, INVESTIGATION, ENFORCEMENT, AND COMPLIANCE GROUP","1800-ADMINISTRATIVE WORK IN THE INSPECTION, INVESTIGATION, ENFORCEMENT, AND COMPLIANCE GROUP",1860,EQUAL OPPORTUNITY INVESTIGATION,1860-EQUAL OPPORTUNITY INVESTIGATION
1800,"ADMINISTRATIVE WORK IN THE INSPECTION, INVESTIGATION, ENFORCEMENT, AND COMPLIANCE GROUP","1800-ADMINISTRATIVE WORK IN THE INSPECTION, INVESTIGATION, ENFORCEMENT, AND COMPLIANCE GROUP",1862,CONSUMER SAFETY INSPECTION,1862-CONSUMER SAFETY INSPECTION
1800,"ADMINISTRATIVE WORK IN THE INSPECTION, INVESTIGATION, ENFORCEMENT, AND COMPLIANCE GROUP","1800-ADMINISTRATIVE WORK IN THE INSPECTION, INVESTIGATION, ENFORCEMENT, AND COMPLIANCE GROUP",1863,FOOD INSPECTION,1863-FOOD INSPECTION
1800,"ADMINISTRATIVE WORK IN THE INSPECTION, INVESTIGATION, ENFORCEMENT, AND COMPLIANCE GROUP","1800-ADMINISTRATIVE WORK IN THE INSPECTION, INVESTIGATION, ENFORCEMENT, AND COMPLIANCE GROUP",1881,CUSTOMS AND BORDER PROTECTION INTERDICTION,1881-CUSTOMS AND BORDER PROTECTION INTERDICTION
1800,"ADMINISTRATIVE WORK IN THE INSPECTION, INVESTIGATION, ENFORCEMENT, AND COMPLIANCE GROUP","1800-ADMINISTRATIVE WORK IN THE INSPECTION, INVESTIGATION, ENFORCEMENT, AND COMPLIANCE GROUP",1889,IMPORT COMPLIANCE SERIES,1889-IMPORT COMPLIANCE SERIES
1800,"ADMINISTRATIVE WORK IN THE INSPECTION, INVESTIGATION, ENFORCEMENT, AND COMPLIANCE GROUP","1800-ADMINISTRATIVE WORK IN THE INSPECTION, INVESTIGATION, ENFORCEMENT, AND COMPLIANCE GROUP",1894,CUSTOMS ENTRY AND LIQUIDATING SERIES,1894-CUSTOMS ENTRY AND LIQUIDATING SERIES
1800,"ADMINISTRATIVE WORK IN THE INSPECTION, INVESTIGATION, ENFORCEMENT, AND COMPLIANCE GROUP","1800-ADMINISTRATIVE WORK IN THE INSPECTION, INVESTIGATION, ENFORCEMENT, AND COMPLIANCE GROUP",1895,CUSTOMS AND BORDER PROTECTION,1895-CUSTOMS AND BORDER PROTECTION
1800,"ADMINISTRATIVE WORK IN THE INSPECTION, INVESTIGATION, ENFORCEMENT, AND COMPLIANCE GROUP","1800-ADMINISTRATIVE WORK IN THE INSPECTION, INVESTIGATION, ENFORCEMENT, AND COMPLIANCE GROUP",1896,BORDER PATROL ENFORCEMENT SERIES,1896-BORDER PATROL ENFORCEMENT SERIES
1800,"ADMINISTRATIVE WORK IN THE INSPECTION, INVESTIGATION, ENFORCEMENT, AND COMPLIANCE GROUP","1800-ADMINISTRATIVE WORK IN THE INSPECTION, INVESTIGATION, ENFORCEMENT, AND COMPLIANCE GROUP",1899,INVESTIGATION STUDENT TRAINEE,1899-INVESTIGATION STUDENT TRAINEE
1900,"QUALITY ASSURANCE, INSPECTION, AND GRADING GROUP","1900-QUALITY ASSURANCE, INSPECTION, AND GRADING GROUP",1910,QUALITY ASSURANCE,1910-QUALITY ASSURANCE
1900,"QUALITY ASSURANCE, INSPECTION, AND GRADING GROUP","1900-QUALITY ASSURANCE, INSPECTION, AND GRADING GROUP",1980,AGRICULTURAL COMMODITY GRADING,1980-AGRICULTURAL COMMODITY GRADING
1900,"QUALITY ASSURANCE, INSPECTION, AND GRADING GROUP","1900-QUALITY ASSURANCE, INSPECTION, AND GRADING GROUP",1981,AGRICULTURAL COMMODITY AID,1981-AGRICULTURAL COMMODITY AID
1900,"QUALITY ASSURANCE, INSPECTION, AND GRADING GROUP","1900-QUALITY ASSURANCE, INSPECTION, AND GRADING GROUP",1999,QUALITY INSPECTION STUDENT TRAINEE,1999-QUALITY INSPECTION STUDENT TRAINEE
2000,SUPPLY GROUP,2000-SUPPLY GROUP,2001,GENERAL SUPPLY,2001-GENERAL SUPPLY
2000,SUPPLY GROUP,2000-SUPPLY GROUP,2003,SUPPLY PROGRAM MANAGEMENT,2003-SUPPLY PROGRAM MANAGEMENT
2000,SUPPLY GROUP,2000-SUPPLY GROUP,2005,SUPPLY CLERICAL AND TECHNICIAN,2005-SUPPLY CLERICAL AND TECHNICIAN
2000,SUPPLY GROUP,2000-SUPPLY GROUP,2010,INVENTORY MANAGEMENT,2010-INVENTORY MANAGEMENT
2000,SUPPLY GROUP,2000-SUPPLY GROUP,2030,DISTRIBUTION FACILITIES & STORAGE MANAGEMENT,2030-DISTRIBUTION FACILITIES & STORAGE MANAGEMENT
2000,SUPPLY GROUP,2000-SUPPLY GROUP,2032,PACKAGING,2032-PACKAGING
2000,SUPPLY GROUP,2000-SUPPLY GROUP,2091,SALES STORE CLERICAL,2091-SALES STORE CLERICAL
2000,SUPPLY GROUP,2000-SUPPLY GROUP,2099,SUPPLY STUDENT TRAINEE,2099-SUPPLY STUDENT TRAINEE
2100,TRANSPORTATION GROUP,2100-TRANSPORTATION GROUP,2101,TRANSPORTATION SPECIALIST,2101-TRANSPORTATION SPECIALIST
2100,TRANSPORTATION GROUP,2100-TRANSPORTATION GROUP,2102,TRANSPORTATION CLERK AND ASSISTANT,2102-TRANSPORTATION CLERK AND ASSISTANT
2100,TRANSPORTATION GROUP,2100-TRANSPORTATION GROUP,2110,TRANSPORTATION INDUSTRY ANALYSIS,2110-TRANSPORTATION INDUSTRY ANALYSIS
2100,TRANSPORTATION GROUP,2100-TRANSPORTATION GROUP,2121,RAILROAD SAFETY,2121-RAILROAD SAFETY
2100,TRANSPORTATION GROUP,2100-TRANSPORTATION GROUP,2123,MOTOR CARRIER SAFETY,2123-MOTOR CARRIER SAFETY
2100,TRANSPORTATION GROUP,2100-TRANSPORTATION GROUP,2125,HIGHWAY SAFETY,2125-HIGHWAY SAFETY
2100,TRANSPORTATION GROUP,2100-TRANSPORTATION GROUP,2130,TRAFFIC MANAGEMENT,2130-TRAFFIC MANAGEMENT
2100,TRANSPORTATION GROUP,2100-TRANSPORTATION GROUP,2131,FREIGHT RATE,2131-FREIGHT RATE
2100,TRANSPORTATION GROUP,2100-TRANSPORTATION GROUP,2135,TRANSPORTATION LOSS & DAMAGE CLAIMS EXAMINING,2135-TRANSPORTATION LOSS & DAMAGE CLAIMS EXAMINING
2100,TRANSPORTATION GROUP,2100-TRANSPORTATION GROUP,2144,CARGO SCHEDULING,2144-CARGO SCHEDULING
2100,TRANSPORTATION GROUP,2100-TRANSPORTATION GROUP,2150,TRANSPORTATION OPERATIONS,2150-TRANSPORTATION OPERATIONS
2100,TRANSPORTATION GROUP,2100-TRANSPORTATION GROUP,2151,DISPATCHING,2151-DISPATCHING
2100,TRANSPORTATION GROUP,2100-TRANSPORTATION GROUP,2152,AIR TRAFFIC CONTROL,2152-AIR TRAFFIC CONTROL
2100,TRANSPORTATION GROUP,2100-TRANSPORTATION GROUP,2154,AIR TRAFFIC ASSISTANCE,2154-AIR TRAFFIC ASSISTANCE
2100,TRANSPORTATION GROUP,2100-TRANSPORTATION GROUP,2161,MARINE CARGO,2161-MARINE CARGO
2100,TRANSPORTATION GROUP,2100-TRANSPORTATION GROUP,2181,AIRCRAFT OPERATION,2181-AIRCRAFT OPERATION
2100,TRANSPORTATION GROUP,2100-TRANSPORTATION GROUP,2183,AIR NAVIGATION,2183-AIR NAVIGATION
2100,TRANSPORTATION GROUP,2100-TRANSPORTATION GROUP,2185,AIRCREW TECHNICIAN,2185-AIRCREW TECHNICIAN
2100,TRANSPORTATION GROUP,2100-TRANSPORTATION GROUP,2186,TECHNICAL SYSTEMS PROGRAM MANAGER,2186-TECHNICAL SYSTEMS PROGRAM MANAGER
2100,TRANSPORTATION GROUP,2100-TRANSPORTATION GROUP,2199,TRANSPORTATION STUDENT TRAINEE,2199-TRANSPORTATION STUDENT TRAINEE
2200,INFORMATION TECHNOLOGY GROUP,2200-INFORMATION TECHNOLOGY GROUP,2210,INFORMATION TECHNOLOGY MANAGEMENT,2210-INFORMATION TECHNOLOGY MANAGEMENT
2200,INFORMATION TECHNOLOGY GROUP,2200-INFORMATION TECHNOLOGY GROUP,2299,INFORMATION TECHNOLOGY STUDENT TRAINEE,2299-INFORMATION TECHNOLOGY STUDENT TRAINEE
